mtllib spraying_head.mtl
o empty_2
usemtl material38
v -0.002100015291944146 0.007189995609223843 0.0034000000450760126
v -0.00203899247571826 0.006899995729327202 0.0039025628939270973
v -0.0020389931742101908 0.007189995609223843 0.0039025628939270973
v -0.001859472249634564 0.006899996194988489 0.00437591876834631
v -0.0018594729481264949 0.00718999607488513 0.00437591876834631
v -0.0015718871727585793 0.0068999966606497765 0.004792557563632727
v -0.0015718878712505102 0.007189996540546417 0.004792557563632727
v -0.0011929506435990334 0.006899997591972351 0.005128266289830208
v -0.0011929512256756425 0.007189997471868992 0.005128266289830208
v -0.0007446848903782666 0.006899998523294926 0.005363534204661846
v -0.0007446855306625366 0.0071899984031915665 0.005363534204661846
v -0.0002531416539568454 0.0068999994546175 0.005484688561409712
v -0.000253142265137285 0.007189999334514141 0.005484688561409712
v 0.0002531124046072364 0.006900000385940075 0.005484688561409712
v 0.0002531117934267968 0.007190000731498003 0.005484688561409712
v 0.0007446556119248271 0.006900001782923937 0.005363534204661846
v 0.000744655029848218 0.007190001662820578 0.005363534204661846
v 0.001192921306937933 0.0069000027142465115 0.005128266289830208
v 0.0011929207248613238 0.007190002594143152 0.005128266289830208
v 0.0015718579525128007 0.006900003179907799 0.004792557563632727
v 0.0015718573704361916 0.007190003525465727 0.004792557563632727
v 0.0018594430293887854 0.006900004111230373 0.00437591876834631
v 0.0018594424473121762 0.007190003991127014 0.00437591876834631
v 0.0020389631390571594 0.006900004111230373 0.0039025628939270973
v 0.002038962673395872 0.0071900044567883015 0.0039025628939270973
v 0.002099985256791115 0.006900004576891661 0.0034000000450760126
v 0.0020999847911298275 0.0071900044567883015 0.0034000000450760126
v 0.0020389631390571594 0.006900004111230373 0.002897437196224928
v 0.002038962673395872 0.0071900044567883015 0.002897437196224928
v 0.0018594430293887854 0.006900004111230373 0.0024240813218057156
v 0.0018594424473121762 0.007190003991127014 0.0024240813218057156
v 0.0015718579525128007 0.006900003179907799 0.0020074425265192986
v 0.0015718573704361916 0.007190003525465727 0.0020074425265192986
v 0.001192921306937933 0.0069000027142465115 0.0016717339167371392
v 0.0011929207248613238 0.007190002594143152 0.0016717339167371392
v 0.0007446556119248271 0.006900001782923937 0.001436465885490179
v 0.000744655029848218 0.007190001662820578 0.001436465885490179
v 0.0002531124046072364 0.006900000385940075 0.0013153114123269916
v 0.0002531117934267968 0.007190000731498003 0.0013153114123269916
v -0.0002531416539568454 0.0068999994546175 0.0013153114123269916
v -0.000253142265137285 0.007189999334514141 0.0013153114123269916
v -0.0007446848903782666 0.006899998523294926 0.001436465885490179
v -0.0007446855306625366 0.0071899984031915665 0.001436465885490179
v -0.0011929506435990334 0.006899997591972351 0.0016717339167371392
v -0.0011929512256756425 0.007189997471868992 0.0016717339167371392
v -0.0015718871727585793 0.0068999966606497765 0.0020074425265192986
v -0.0015718878712505102 0.007189996540546417 0.0020074425265192986
v -0.001859472249634564 0.006899996194988489 0.0024240813218057156
v -0.0018594729481264949 0.00718999607488513 0.0024240813218057156
v -0.00203899247571826 0.006899995729327202 0.002897437196224928
v -0.0020389931742101908 0.007189995609223843 0.002897437196224928
v -0.002100014593452215 0.006899995729327202 0.0034000000450760126
v -0.002100015291944146 0.007189995609223843 0.0034000000450760126
v -0.00203899247571826 0.006899995729327202 0.0039025628939270973
v 0.0024386129807680845 0.0025106107350438833 0.0007378177833743393
v 0.002499994821846485 0.002449495019391179 0.0007269115303643048
v 0.002499994123354554 0.0027676739264279604 0.000699999975040555
v -0.0011798689374700189 0.006695759482681751 0.0007065425161272287
v -0.001245460007339716 0.006684970576316118 0.000699999975040555
v -0.0012902157614007592 0.006569228135049343 0.000699999975040555
v -0.0011798689374700189 0.006695759482681751 0.0007065425161272287
v -0.0009245642577297986 0.003375674830749631 0.0009814777877181768
v -0.0011308016255497932 0.006703830789774656 0.0007114368490874767
v -0.0008851929451338947 0.0033847468439489603 0.0009836278622969985
v -0.0010539744980633259 0.006716468371450901 0.0007191001204773784
v -0.0010539744980633259 0.006716468371450901 0.0007191001204773784
v -0.0008851929451338947 0.0033847468439489603 0.0009836278622969985
v -0.0009614702430553734 0.006731684319674969 0.0007283271406777203
v -0.000763513206038624 0.003412784542888403 0.0009902726160362363
v -0.0009136210428550839 0.006737126037478447 0.0007306349580176175
v -0.0006458863499574363 0.0034398881252855062 0.000996696180664003
v -0.0007549215806648135 0.006755174603313208 0.0007382892654277384
v -0.0006458863499574363 0.0034398881252855062 0.000996696180664003
v -0.0006313455523923039 0.003442147746682167 0.0009971256367862225
v -0.0007549215806648135 0.006755174603313208 0.0007382892654277384
v -0.00048481716657988727 0.0034649167209863663 0.001001453842036426
v -0.0005822533858008683 0.006774812005460262 0.0007466172683052719
v -0.0004284115566406399 0.003473681630566716 0.0010031198617070913
v -0.0005746978567913175 0.006775671150535345 0.0007469817064702511
v -0.0003287026775069535 0.0034816935658454895 0.0010044919326901436
v -0.0003949901438318193 0.006785577163100243 0.0007504711393266916
v -0.0003949901438318193 0.006785577163100243 0.0007504711393266916
v -0.0003287026775069535 0.0034816935658454895 0.0010044919326901436
v -0.0002271461271448061 0.006794828921556473 0.0007537302444688976
v -0.00032270667725242674 0.0034821752924472094 0.0010045744711533189
v -0.0001998558727791533 0.006796333473175764 0.0007542601088061929
v -0.00032270667725242674 0.0034821752924472094 0.0010045744711533189
v -0.00016608649457339197 0.0034947602543979883 0.001006729668006301
v -0.0001998558727791533 0.006796333473175764 0.0007542601088061929
v -0.0001317473070230335 0.0034975195303559303 0.0010072021977975965
v -0.0001734963443595916 0.006797786336392164 0.0007547719869762659
v -5.813454606595769e-8 0.0034969232510775328 0.0010071037104353309
v -3.89942744760674e-9 0.006798039190471172 0.0007548566209152341
v -3.89942744760674e-9 0.006798039190471172 0.0007548566209152341
v -5.813454606595769e-8 0.0034969232510775328 0.0010071037104353309
v 0.00015367819287348539 0.006798263173550367 0.0007549315923824906
v 0.0001634167565498501 0.0034961828496307135 0.0010069814743474126
v 0.00019979092758148909 0.006796057801693678 0.0007541676750406623
v 0.00016630682512186468 0.0034959258046001196 0.0010069370036944747
v 0.00039526389446109533 0.006786709185689688 0.000750929641071707
v 0.00016630682512186468 0.0034959258046001196 0.0010069370036944747
v 0.00032266773632727563 0.0034820172004401684 0.0010045343078672886
v 0.00039526389446109533 0.006786709185689688 0.000750929641071707
v 0.0003285485436208546 0.003481494029983878 0.001004443853162229
v 0.0004958080244250596 0.006781900301575661 0.000749264087062329
v 0.0004562516405712813 0.003470134688541293 0.0010024815564975142
v 0.0005817227065563202 0.006773565895855427 0.0007459993939846754
v 0.0004850089899264276 0.0034654655028134584 0.0010015817824751139
v 0.0006804700242355466 0.006763986311852932 0.0007422470953315496
v 0.0006311250035651028 0.003441741457208991 0.0009970100363716483
v 0.0007557854987680912 0.0067566800862550735 0.0007393851992674172
v 0.0007557854987680912 0.0067566800862550735 0.0007393851992674172
v 0.0006311250035651028 0.003441741457208991 0.0009970100363716483
v 0.0008169873035512865 0.0067507429048419 0.0007370595703832805
v 0.0006650965660810471 0.003436225699260831 0.0009959471644833684
v 0.0009131968254223466 0.006736967246979475 0.0007301458390429616
v 0.0006650965660810471 0.003436225699260831 0.0009959471644833684
v 0.0007637236849404871 0.003413147758692503 0.000990416039712727
v 0.0009131968254223466 0.006736967246979475 0.0007301458390429616
v 0.0008851415477693081 0.0033847372978925705 0.0009836069075390697
v 0.0010544108226895332 0.006716747302561998 0.0007199980900622904
v 0.0010544108226895332 0.006716747302561998 0.0007199980900622904
v 0.0008851415477693081 0.0033847372978925705 0.0009836069075390697
v 0.0011102301068603992 0.006708754692226648 0.0007159868255257607
v 0.0009285664418712258 0.0033745761029422283 0.0009811714990064502
v 0.0011804236564785242 0.0066964090801775455 0.000707688566762954
v 0.000957526674028486 0.00336545635946095 0.0009778718231245875
v 0.0009929343359544873 0.0033543063327670097 0.000973837508354336
v 0.0009929343359544873 0.0033543063327670097 0.000973837508354336
v 0.0010916210012510419 0.003323229029774666 0.000962593243457377
v 0.0011804236564785242 0.0066964090801775455 0.000707688566762954
v 0.001290187006816268 0.00656864931806922 0.000699999975040555
v 0.0012454601237550378 0.006684970576316118 0.000699999975040555
v 0.001170551055110991 0.0032983734272420406 0.0009535999852232635
v 0.0011725955409929156 0.003297729417681694 0.0009533670381642878
v 0.0014157008845359087 0.0061963265761733055 0.000699999975040555
v 0.001213281648233533 0.003282978432253003 0.0009471196681261063
v 0.0012301943497732282 0.0032758936285972595 0.0009444282623007894
v 0.0014157008845359087 0.0061963265761733055 0.000699999975040555
v 0.0014132293872535229 0.006204143166542053 0.000699999975040555
v 0.001170551055110991 0.0032983734272420406 0.0009535999852232635
v 0.001363652409054339 0.006360917817801237 0.000699999975040555
v 0.0010916210012510419 0.003323229029774666 0.000962593243457377
v 0.0013339656870812178 0.006454794201999903 0.000699999975040555
v 0.001290187006816268 0.00656864931806922 0.000699999975040555
v 0.0013483839575201273 0.0032263826578855515 0.0009256203775294125
v 0.0014889002777636051 0.0031675188802182674 0.0009032596135511994
v 0.0017230191733688116 0.005224400199949741 0.000699999975040555
v 0.0017230191733688116 0.005224400199949741 0.000699999975040555
v 0.00162045459728688 0.005548740737140179 0.000699999975040555
v 0.0013483839575201273 0.0032263826578855515 0.0009256203775294125
v 0.0015182223869487643 0.005872068926692009 0.000699999975040555
v 0.0012301943497732282 0.0032758936285972595 0.0009444282623007894
v 0.0015085882041603327 0.005902538541704416 0.000699999975040555
v 0.0014157008845359087 0.0061963265761733055 0.000699999975040555
v 0.0014889002777636051 0.0031675188802182674 0.0009032596135511994
v 0.0015591132687404752 0.0031311942730098963 0.0008915162761695683
v 0.0017230191733688116 0.005224400199949741 0.000699999975040555
v 0.0015869132475927472 0.0031168118584901094 0.0008868667064234614
v 0.00200862274505198 0.004321233369410038 0.000699999975040555
v 0.001725264941342175 0.003045235760509968 0.0008637270075269043
v 0.001725264941342175 0.003045235760509968 0.0008637270075269043
v 0.0019791964441537857 0.002886655740439892 0.0008196758572012186
v 0.00200862274505198 0.004321233369410038 0.000699999975040555
v 0.0021073375828564167 0.002790548838675022 0.0007969128200784326
v 0.002499994123354554 0.0027676739264279604 0.000699999975040555
v 0.0022170424927026033 0.0027082692831754684 0.0007774247787892818
v 0.0024386129807680845 0.0025106107350438833 0.0007378177833743393
v -0.001586718251928687 0.00311652640812099 0.000886864960193634
v -0.0015588256064802408 0.003130571683868766 0.0008915019570849836
v -0.0017233547987416387 0.00522336782887578 0.000699999975040555
v -0.001447061775252223 0.0031868498772382736 0.000910082075279206
v -0.0016157106729224324 0.005563743878155947 0.000699999975040555
v -0.0013487412361428142 0.0032267309725284576 0.0009256041375920177
v -0.0015175828011706471 0.00587403355166316 0.000699999975040555
v -0.001229592366144061 0.003275060560554266 0.000944414408877492
v -0.001414235564880073 0.006200827192515135 0.000699999975040555
v -0.0011818889761343598 0.0032944101840257645 0.0009519454324617982
v -0.0013624464627355337 0.006364589091390371 0.000699999975040555
v -0.0011700481409206986 0.0032981496769934893 0.000953304348513484
v -0.0013314670650288463 0.0064625488594174385 0.000699999975040555
v -0.0010912454454228282 0.0033230360131710768 0.0009623483056202531
v -0.0012902157614007592 0.006569228135049343 0.000699999975040555
v -0.000992700457572937 0.0033541570883244276 0.0009736579959280789
v -0.0011798689374700189 0.006695759482681751 0.0007065425161272287
v -0.0009574710275046527 0.003365282667800784 0.0009777011582627892
v -0.0009245642577297986 0.003375674830749631 0.0009814777877181768
v -0.0021077583078294992 0.0027912065852433443 0.0007968723075464368
v -0.0023737801238894463 0.0031666916329413652 0.000699999975040555
v -0.002283317968249321 0.002652632538229227 0.0007655691588297486
v -0.002500005764886737 0.0027676369063556194 0.000699999975040555
v -0.0025000052992254496 0.0024494845420122147 0.0007269097259268165
v -0.0021077583078294992 0.0027912065852433443 0.0007968723075464368
v -0.0020497790537774563 0.0028369713108986616 0.0008072103373706341
v -0.0023737801238894463 0.0031666916329413652 0.000699999975040555
v -0.001953499624505639 0.002904107328504324 0.0008241939358413219
v -0.0017233547987416387 0.00522336782887578 0.000699999975040555
v -0.0016986059490591288 0.0030601858161389828 0.0008682642946951091
v -0.001586718251928687 0.00311652640812099 0.000886864960193634
v 0.0029999869875609875 0.006102465093135834 0.005900000222027302
v 0.0029999869875609875 0.006102465093135834 0.000699999975040555
v 0.003267955966293812 0.0059632593765854836 0.000699999975040555
v -0.004834981169551611 -0.004781522788107395 0.000720112700946629
v -0.004875765647739172 -0.004739927127957344 0.000699999975040555
v -0.005043234210461378 -0.004561336245387793 0.000699999975040555
v -0.0025000134482979774 0.0063237594440579414 0.000699999975040555
v -0.002014674013480544 0.00649469718337059 0.000699999975040555
v -0.0025000134482979774 0.0063237594440579414 0.005900000222027302
v -0.002014674013480544 0.00649469718337059 0.013199999928474426
v -0.0028623563703149557 0.006168218329548836 0.005900000222027302
v -0.0028623563703149557 0.006168218329548836 0.013199999928474426
v -0.003000012831762433 0.006102452054619789 0.005900000222027302
v -0.0036589601077139378 0.0057316673919558525 0.013199999928474426
v -0.00439026951789856 -0.005192834883928299 0.013199999928474426
v -0.004390154965221882 -0.005192703101783991 0.0009237210033461452
v -0.005043234210461378 -0.004561336245387793 0.013199999928474426
v -0.004536113236099482 -0.005065933335572481 0.0008600272703915834
v -0.0047184475697577 -0.004892419092357159 0.0007746677147224545
v -0.0036936465185135603 -0.0057063028216362 0.0011895959032699466
v -0.00439026951789856 -0.005192834883928299 0.013199999928474426
v -0.0036589601077139378 -0.0057316673919558525 0.013199999928474426
v -0.0036936465185135603 -0.0057063028216362 0.0011895959032699466
v -0.003926729317754507 -0.005551647860556841 0.0011081101838499308
v -0.00439026951789856 -0.005192834883928299 0.013199999928474426
v -0.0040599871426820755 -0.005454952362924814 0.0010578461224213243
v -0.0043205078691244125 -0.005248581990599632 0.0009522409527562559
v -0.0043205078691244125 -0.005248581990599632 0.0009522409527562559
v -0.004339535254985094 -0.005233509466052055 0.000944528030231595
v -0.00439026951789856 -0.005192834883928299 0.013199999928474426
v -0.00438087759539485 -0.005200760439038277 0.0009277694043703377
v -0.004390154965221882 -0.005192703101783991 0.0009237210033461452
v -0.0032393676228821278 -0.005978837609291077 0.0013350193621590734
v -0.0035891402512788773 -0.005775644909590483 0.0012261313386261463
v -0.0036589601077139378 -0.0057316673919558525 0.013199999928474426
v -0.003657878376543522 -0.005730035714805126 0.0012021004222333431
v -0.0036936465185135603 -0.0057063028216362 0.0011895959032699466
v -0.0028623563703149557 -0.006168218329548836 0.013199999928474426
v -0.002861145418137312 -0.006165638566017151 0.0014367077965289354
v -0.0030617807060480118 -0.006071426905691624 0.001385196577757597
v -0.0028623563703149557 -0.006168218329548836 0.013199999928474426
v -0.0030617807060480118 -0.006071426905691624 0.001385196577757597
v -0.0036589601077139378 -0.0057316673919558525 0.013199999928474426
v -0.0030693835578858852 -0.006067856680601835 0.0013832446420565248
v -0.0032393676228821278 -0.005978837609291077 0.0013350193621590734
v -0.002014674013480544 -0.00649469718337059 0.013199999928474426
v -0.0020138516556471586 -0.0064921011216938496 0.0016173759941011667
v -0.0028623563703149557 -0.006168218329548836 0.013199999928474426
v -0.002240698551759124 -0.006420223508030176 0.0015771485632285476
v -0.002338909776881337 -0.006385100074112415 0.001557603944092989
v -0.002338909776881337 -0.006385100074112415 0.001557603944092989
v -0.002439359202980995 -0.006344930734485388 0.0015353955095633864
v -0.0028623563703149557 -0.006168218329548836 0.013199999928474426
v -0.002708691405132413 -0.0062372260726988316 0.0014758489560335875
v -0.002861145418137312 -0.006165638566017151 0.0014367077965289354
v -0.0011310395784676075 -0.0067052775993943214 0.013199999928474426
v -0.0011984877055510879 -0.006691871210932732 0.0017303542699664831
v -0.002014674013480544 -0.00649469718337059 0.013199999928474426
v -0.0012673255987465382 -0.0066808597184717655 0.001723994966596365
v -0.0016498459735885262 -0.006596818100661039 0.0016762197483330965
v -0.0016498459735885262 -0.006596818100661039 0.0016762197483330965
v -0.001815909519791603 -0.006552376784384251 0.00165116460993886
v -0.002014674013480544 -0.00649469718337059 0.013199999928474426
v -0.0018655407475307584 -0.006539094727486372 0.001643676427192986
v -0.0020138516556471586 -0.0064921011216938496 0.0016173759941011667
v -0.00022722184075973928 -0.006796202622354031 0.013199999928474426
v -0.000227217489737086 -0.006795672234147787 0.0017917142249643803
v -0.0011310395784676075 -0.0067052775993943214 0.013199999928474426
v -0.0002470910840202123 -0.006795509252697229 0.0017916107317432761
v -0.0002470910840202123 -0.006795509252697229 0.0017916107317432761
v -0.00028841293533332646 -0.0067936209961771965 0.0017904250416904688
v -0.0011310395784676075 -0.0067052775993943214 0.013199999928474426
v -0.0003609289415180683 -0.006790307816118002 0.0017883444670587778
v -0.0003736636135727167 -0.006789725739508867 0.001787979039363563
v -0.0007611025939695537 -0.006757271941751242 0.0017682751640677452
v -0.000879995001014322 -0.006742819212377071 0.001759776845574379
v -0.0011310395784676075 -0.0067052775993943214 0.013199999928474426
v -0.0011306313099339604 -0.006702725775539875 0.001736622885800898
v -0.0011984877055510879 -0.006691871210932732 0.0017303542699664831
v -0.0003736636135727167 -0.006789725739508867 0.001787979039363563
v -0.0004348706570453942 -0.006784598808735609 0.0017848663264885545
v -0.0011310395784676075 -0.0067052775993943214 0.013199999928474426
v -0.0005865183193236589 -0.006771896034479141 0.0017771539278328419
v -0.0007611025939695537 -0.006757271941751242 0.0017682751640677452
v 0.0006436688709072769 -0.006769467610865831 0.0017755395965650678
v 0.0005863551050424576 -0.006773284636437893 0.0017778943292796612
v 0.000680650700815022 -0.006765848957002163 0.013199999928474426
v 0.0004350977542344481 -0.0067833587527275085 0.0017841089284047484
v 0.0003612761793192476 -0.006788275670260191 0.0017871420131996274
v 0.0001443428045604378 -0.006798393093049526 0.0017934412462636828
v 0.00013554157339967787 -0.0067986492067575455 0.0017936036456376314
v -0.00022722184075973928 -0.006796202622354031 0.013199999928474426
v 0.0003612761793192476 -0.006788275670260191 0.0017871420131996274
v 0.0002884988207370043 -0.006793122738599777 0.0017901321407407522
v 0.000680650700815022 -0.006765848957002163 0.013199999928474426
v 0.00025976335746236145 -0.006795036606490612 0.001791312824934721
v -0.00022722184075973928 -0.006796202622354031 0.013199999928474426
v 0.00021642966021317989 -0.006796296685934067 0.001792111899703741
v 0.0001443428045604378 -0.006798393093049526 0.0017934412462636828
v 0.00013554157339967787 -0.0067986492067575455 0.0017936036456376314
v 0.0000722082331776619 -0.00679812952876091 0.0017932737246155739
v -0.00022722184075973928 -0.006796202622354031 0.013199999928474426
v -5.44196758767157e-8 -0.00679753627628088 0.0017928973538801074
v -0.00007235741941258311 -0.00679694302380085 0.0017925207503139973
v -0.00007235741941258311 -0.00679694302380085 0.0017925207503139973
v -0.0001445791422156617 -0.006796350236982107 0.0017921446124091744
v -0.00022722184075973928 -0.006796202622354031 0.013199999928474426
v -0.00021650207054335624 -0.006795760244131088 0.0017917699879035354
v -0.000227217489737086 -0.006795672234147787 0.0017917142249643803
v 0.0015763770788908005 -0.006614759098738432 0.013199999928474426
v 0.001374593237414956 -0.006659616716206074 0.001711861346848309
v 0.0011983171571046114 -0.006692882161587477 0.0017309056129306555
v 0.0011983171571046114 -0.006692882161587477 0.0017309056129306555
v 0.001147006405517459 -0.006702565122395754 0.0017364489613100886
v 0.0015763770788908005 -0.006614759098738432 0.013199999928474426
v 0.0007604004931636155 -0.006757351104170084 0.0017683218466117978
v 0.000680650700815022 -0.006765848957002163 0.013199999928474426
v 0.0006806280580349267 -0.006765631027519703 0.001773254363797605
v 0.0006436688709072769 -0.006769467610865831 0.0017755395965650678
v 0.0023740355391055346 -0.0063721234910190105 0.0015503953909501433
v 0.002128773368895054 -0.006458198186010122 0.0015983360353857279
v 0.0024439727421849966 -0.006345628295093775 0.013199999928474426
v 0.0023740355391055346 -0.0063721234910190105 0.0015503953909501433
v 0.0024439727421849966 -0.006345628295093775 0.013199999928474426
v 0.002438806928694248 -0.006345831789076328 0.0015358729287981987
v 0.002128773368895054 -0.006458198186010122 0.0015983360353857279
v 0.0018164380453526974 -0.0065513006411492825 0.0016505835810676217
v 0.0024439727421849966 -0.006345628295093775 0.013199999928474426
v 0.0017546439776197076 -0.006569720339030027 0.0016609204467386007
v 0.0015763770788908005 -0.006614759098738432 0.013199999928474426
v 0.001575733651407063 -0.006612039171159267 0.0016849010717123747
v 0.001374593237414956 -0.006659616716206074 0.001711861346848309
v 0.0032430063001811504 -0.005976864602416754 0.001333954045549035
v 0.003094533458352089 -0.006055069155991077 0.0013762980233877897
v 0.003267955966293812 -0.0059632593765854836 0.013199999928474426
v 0.003094533458352089 -0.006055069155991077 0.0013762980233877897
v 0.003062728326767683 -0.006070178933441639 0.0013845518697053194
v 0.003267955966293812 -0.0059632593765854836 0.013199999928474426
v 0.0027389160823076963 -0.0062240129336714745 0.0014685848727822304
v 0.0024439727421849966 -0.006345628295093775 0.013199999928474426
v 0.002443313365802169 -0.006344002205878496 0.0015348625602200627
v 0.002438806928694248 -0.006345831789076328 0.0015358729287981987
v 0.0038555441424250603 -0.00560131948441267 0.0011340928031131625
v 0.0036914071533828974 -0.0057087242603302 0.0011907992884516716
v 0.004033622331917286 -0.005474476143717766 0.013199999928474426
v 0.003589106723666191 -0.005775665398687124 0.0012261423980817199
v 0.003267955966293812 -0.0059632593765854836 0.013199999928474426
v 0.003267565742135048 -0.0059625874273478985 0.0013263036962598562
v 0.0032430063001811504 -0.005976864602416754 0.001333954045549035
v 0.004579789470881224 -0.0050264825113117695 0.0008403751417063177
v 0.004492775071412325 -0.005104407202452421 0.0008792673470452428
v 0.004727308638393879 -0.004888000898063183 0.013199999928474426
v 0.00433895131573081 -0.005231884773820639 0.0009439309360459447
v 0.00433895131573081 -0.005231884773820639 0.0009439309360459447
v 0.004325615242123604 -0.0052429367788136005 0.0009495370322838426
v 0.004727308638393879 -0.004888000898063183 0.013199999928474426
v 0.004181386437267065 -0.005362462718039751 0.001010166946798563
v 0.004033622331917286 -0.005474476143717766 0.013199999928474426
v 0.004031859803944826 -0.005472072400152683 0.001067035598680377
v 0.0038555441424250603 -0.00560131948441267 0.0011340928031131625
v 0.005336635746061802 -0.004214299377053976 0.013199999928474426
v 0.004875765647739172 -0.004739927127957344 0.000699999975040555
v 0.004727308638393879 -0.004888000898063183 0.013199999928474426
v 0.004725138656795025 -0.004885759670287371 0.0007714391103945673
v 0.004579789470881224 -0.0050264825113117695 0.0008403751417063177
v 0.003267955966293812 0.0059632593765854836 0.013199999928474426
v 0.0024439727421849966 0.006345628295093775 0.013199999928474426
v 0.0024999866727739573 0.0063237701542675495 0.005900000222027302
v 0.0015763770788908005 0.006614759098738432 0.013199999928474426
v 0.0008169873035512865 0.0067507429048419 0.0007370595703832805
v 0.0009131968254223466 0.006736967246979475 0.0007301458390429616
v 0.0009131968254223466 0.006736967246979475 0.0007301458390429616
v 0.0010544108226895332 0.006716747302561998 0.0007199980900622904
v 0.0015763770788908005 0.006614759098738432 0.013199999928474426
v 0.0011102301068603992 0.006708754692226648 0.0007159868255257607
v 0.0011804236564785242 0.0066964090801775455 0.000707688566762954
v 0.00009657816553954035 0.006799314171075821 0.003374118125066161
v 0.00009237092308467254 0.006799372378736734 0.0033617252483963966
v 0.0006804700242355466 0.006763986311852932 0.0007422470953315496
v 0.00009237092308467254 0.006799372378736734 0.0033617252483963966
v 0.00008658812294015661 0.006799448747187853 0.0033499998971819878
v 0.0006804700242355466 0.006763986311852932 0.0007422470953315496
v 0.00007069626008160412 0.006799632683396339 0.0033292893785983324
v 0.000049985581426881254 0.006799816153943539 0.0033133975230157375
v 0.000049985581426881254 0.006799816153943539 0.0033133975230157375
v 0.00003830257264780812 0.00679989205673337 0.0033076321706175804
v 0.0006804700242355466 0.006763986311852932 0.0007422470953315496
v 0.000025867488147923723 0.006799950730055571 0.003303407458588481
v 0.0005817227065563202 0.006773565895855427 0.0007459993939846754
v 0.00015367819287348539 0.006798263173550367 0.0007549315923824906
v 0.00019979092758148909 0.006796057801693678 0.0007541676750406623
v 0.000013061287063464988 0.006799987517297268 0.003300858661532402
v 0.00039526389446109533 0.006786709185689688 0.000750929641071707
v 0.000025867488147923723 0.006799950730055571 0.003303407458588481
v 0.0004958080244250596 0.006781900301575661 0.000749264087062329
v 0.0005817227065563202 0.006773565895855427 0.0007459993939846754
v 0.00015367819287348539 0.006798263173550367 0.0007549315923824906
v 0.000013061287063464988 0.006799987517297268 0.003300858661532402
v -3.89942744760674e-9 0.006798039190471172 0.0007548566209152341
v -1.4417326887894433e-8 0.006800000090152025 0.0032999999821186066
v -0.0001734963443595916 0.006797786336392164 0.0007547719869762659
v -0.000013107191989547573 0.006799987517297268 0.003300860757008195
v -0.0001998558727791533 0.006796333473175764 0.0007542601088061929
v -0.0001998558727791533 0.006796333473175764 0.0007542601088061929
v -0.000013107191989547573 0.006799987517297268 0.003300860757008195
v -0.0002271461271448061 0.006794828921556473 0.0007537302444688976
v -0.000025896320948959328 0.006799950730055571 0.003303407458588481
v -0.0000383232872991357 0.00679989205673337 0.0033076289109885693
v -0.0000383232872991357 0.00679989205673337 0.0033076289109885693
v -0.00005001441604690626 0.006799816153943539 0.0033133975230157375
v -0.0002271461271448061 0.006794828921556473 0.0007537302444688976
v -0.00007072509470162913 0.006799632217735052 0.0033292893785983324
v -0.00008661695756018162 0.0067994482815265656 0.0033499998971819878
v -0.00008661695756018162 0.0067994482815265656 0.0033499998971819878
v -0.00009240668441634625 0.006799371913075447 0.0033617420122027397
v -0.0002271461271448061 0.006794828921556473 0.0007537302444688976
v -0.00009660700015956536 0.006799313705414534 0.003374118125066161
v -0.00009915941336657852 0.006799276918172836 0.003386951284483075
v -0.00010001441842177883 0.006799264345318079 0.0034000000450760126
v -0.00009915466944221407 0.006799276918172836 0.0034130846615880728
v -0.00022722184075973928 0.006796202622354031 0.013199999928474426
v -0.00009660700015956536 0.006799313705414534 0.003425881965085864
v -0.0000923835250432603 0.006799372378736734 0.0034383137244731188
v 0.000049985581426881254 0.006799816153943539 0.0034866025671362877
v 0.00007069626008160412 0.006799632683396339 0.003470710711553693
v 0.000680650700815022 0.006765848957002163 0.013199999928474426
v -0.000038280712033156306 0.00679989205673337 0.0034923888742923737
v -0.000025896320948959328 0.006799950730055571 0.0034965926315635443
v 0.000680650700815022 0.006765848957002163 0.013199999928474426
v -0.0000923835250432603 0.006799372378736734 0.0034383137244731188
v -0.00008661695756018162 0.0067994482815265656 0.003449999960139394
v -0.00022722184075973928 0.006796202622354031 0.013199999928474426
v -0.00007072509470162913 0.006799632217735052 0.003470710711553693
v 0.000680650700815022 0.006765848957002163 0.013199999928474426
v -0.00005001441604690626 0.006799816153943539 0.0034866025671362877
v -0.000038280712033156306 0.00679989205673337 0.0034923888742923737
v -0.000025896320948959328 0.006799950730055571 0.0034965926315635443
v -0.000013014217074669432 0.006799987517297268 0.0034991514403373003
v 0.000680650700815022 0.006765848957002163 0.013199999928474426
v -1.4417326887894433e-8 0.006800000090152025 0.0035000001080334187
v 0.000013056501302344259 0.006799987517297268 0.003499142127111554
v 0.000013056501302344259 0.006799987517297268 0.003499142127111554
v 0.000025867488147923723 0.006799950730055571 0.0034965926315635443
v 0.000680650700815022 0.006765848957002163 0.013199999928474426
v 0.000038206733734114096 0.006799892522394657 0.003492407500743866
v 0.000049985581426881254 0.006799816153943539 0.0034866025671362877
v 0.00009912624955177307 0.006799277383834124 0.0034130816347897053
v 0.00009998558380175382 0.006799264810979366 0.0034000000450760126
v 0.0006804700242355466 0.006763986311852932 0.0007422470953315496
v 0.00009913663961924613 0.006799277383834124 0.0033869973849505186
v 0.00009657816553954035 0.006799314171075821 0.003374118125066161
v 0.00007069626008160412 0.006799632683396339 0.003470710711553693
v 0.00008658812294015661 0.006799448747187853 0.003449999960139394
v 0.000680650700815022 0.006765848957002163 0.013199999928474426
v 0.00009239140490535647 0.006799372378736734 0.0034382252488285303
v 0.00009657816553954035 0.006799314171075821 0.003425881965085864
v 0.0008169873035512865 0.0067507429048419 0.0007370595703832805
v 0.0015763770788908005 0.006614759098738432 0.013199999928474426
v 0.0007557854987680912 0.0067566800862550735 0.0007393851992674172
v 0.000680650700815022 0.006765848957002163 0.013199999928474426
v 0.0006804700242355466 0.006763986311852932 0.0007422470953315496
v 0.00009657816553954035 0.006799314171075821 0.003425881965085864
v 0.00009912624955177307 0.006799277383834124 0.0034130816347897053
v -0.0010539744980633259 0.006716468371450901 0.0007191001204773784
v -0.0009614702430553734 0.006731684319674969 0.0007283271406777203
v -0.0011310395784676075 0.0067052775993943214 0.013199999928474426
v -0.0009614702430553734 0.006731684319674969 0.0007283271406777203
v -0.0009136210428550839 0.006737126037478447 0.0007306349580176175
v -0.0011310395784676075 0.0067052775993943214 0.013199999928474426
v -0.0007549215806648135 0.006755174603313208 0.0007382892654277384
v -0.0005822533858008683 0.006774812005460262 0.0007466172683052719
v -0.00009915941336657852 0.006799276918172836 0.003386951284483075
v -0.00010001441842177883 0.006799264345318079 0.0034000000450760126
v -0.0002271461271448061 0.006794828921556473 0.0007537302444688976
v -0.00022722184075973928 0.006796202622354031 0.013199999928474426
v -0.0003949901438318193 0.006785577163100243 0.0007504711393266916
v -0.0011310395784676075 0.0067052775993943214 0.013199999928474426
v -0.0005746978567913175 0.006775671150535345 0.0007469817064702511
v -0.0005822533858008683 0.006774812005460262 0.0007466172683052719
v -0.002014674013480544 0.00649469718337059 0.000699999975040555
v -0.001245460007339716 0.006684970576316118 0.000699999975040555
v -0.002014674013480544 0.00649469718337059 0.013199999928474426
v -0.0011798689374700189 0.006695759482681751 0.0007065425161272287
v -0.0011310395784676075 0.0067052775993943214 0.013199999928474426
v -0.0011308016255497932 0.006703830789774656 0.0007114368490874767
v -0.0010539744980633259 0.006716468371450901 0.0007191001204773784
v 0.0024999866727739573 0.0063237701542675495 0.000699999975040555
v 0.0024999866727739573 0.0063237701542675495 0.005900000222027302
v 0.0024439727421849966 0.006345628295093775 0.000699999975040555
v 0.0024439727421849966 0.006345628295093775 0.013199999928474426
v 0.0015763770788908005 0.006614759098738432 0.000699999975040555
v 0.0015763770788908005 0.006614759098738432 0.013199999928474426
v 0.0012454601237550378 0.006684970576316118 0.000699999975040555
v 0.0011804236564785242 0.0066964090801775455 0.000707688566762954
v -0.003000012831762433 0.006102452054619789 0.000699999975040555
v -0.003000012831762433 0.006102452054619789 0.005900000222027302
v -0.0036589601077139378 0.0057316673919558525 0.000699999975040555
v -0.0036589601077139378 0.0057316673919558525 0.013199999928474426
v -0.00439026951789856 0.005192834883928299 0.000699999975040555
v -0.00439026951789856 0.005192834883928299 0.013199999928474426
v -0.005043234210461378 0.004561336245387793 0.000699999975040555
v -0.005043234210461378 0.004561336245387793 0.013199999928474426
v -0.005606202408671379 0.003848440246656537 0.000699999975040555
v -0.005606202408671379 0.003848440246656537 0.013199999928474426
v -0.006069127935916185 0.00306686875410378 0.000699999975040555
v -0.006069127935916185 0.00306686875410378 0.013199999928474426
v -0.006423749960958958 0.0022305690217763186 0.000699999975040555
v -0.006423749960958958 0.0022305690217763186 0.013199999928474426
v -0.0066637396812438965 0.0013544646790251136 0.000699999975040555
v -0.0066637396812438965 0.0013544646790251136 0.013199999928474426
v -0.00678481487557292 0.00045418989611789584 0.000699999975040555
v -0.00678481487557292 0.00045418989611789584 0.013199999928474426
v -0.00678481487557292 -0.00045418989611789584 0.000699999975040555
v -0.00678481487557292 -0.00045418989611789584 0.013199999928474426
v -0.0066637396812438965 -0.0013544646790251136 0.000699999975040555
v -0.0066637396812438965 -0.0013544646790251136 0.013199999928474426
v -0.006423749960958958 -0.0022305690217763186 0.000699999975040555
v -0.006423749960958958 -0.0022305690217763186 0.013199999928474426
v -0.006069127935916185 -0.00306686875410378 0.000699999975040555
v -0.006069127935916185 -0.00306686875410378 0.013199999928474426
v -0.005606202408671379 -0.003848440246656537 0.000699999975040555
v -0.005606202408671379 -0.003848440246656537 0.013199999928474426
v -0.005043234210461378 -0.004561336245387793 0.000699999975040555
v -0.005043234210461378 -0.004561336245387793 0.013199999928474426
v -0.004834981169551611 -0.004781522788107395 0.000720112700946629
v -0.0047184475697577 -0.004892419092357159 0.0007746677147224545
v 0.0024999866727739573 0.0063237701542675495 0.005900000222027302
v 0.0029999869875609875 0.006102465093135834 0.005900000222027302
v 0.003267955966293812 0.0059632593765854836 0.013199999928474426
v 0.003267955966293812 0.0059632593765854836 0.000699999975040555
v 0.004033622331917286 0.005474476143717766 0.013199999928474426
v 0.004033622331917286 0.005474476143717766 0.000699999975040555
v 0.004727308638393879 0.004888000898063183 0.013199999928474426
v 0.004727308638393879 0.004888000898063183 0.000699999975040555
v 0.005336635746061802 0.004214299377053976 0.013199999928474426
v 0.005336635746061802 0.004214299377053976 0.000699999975040555
v 0.0058507309295237064 0.003465393092483282 0.013199999928474426
v 0.0058507309295237064 0.003465393092483282 0.000699999975040555
v 0.006260419264435768 0.0026546469889581203 0.013199999928474426
v 0.006260419264435768 0.0026546469889581203 0.000699999975040555
v 0.006558390334248543 0.001796528697013855 0.013199999928474426
v 0.006558390334248543 0.001796528697013855 0.000699999975040555
v 0.006739326752722263 0.0009063513134606183 0.013199999928474426
v 0.006739326752722263 0.0009063513134606183 0.000699999975040555
v 0.006800000090152025 -1.6655196847742426e-18 0.013199999928474426
v 0.006800000090152025 -1.6655196847742426e-18 0.000699999975040555
v 0.006739326752722263 -0.0009063513134606183 0.013199999928474426
v 0.006739326752722263 -0.0009063513134606183 0.000699999975040555
v 0.006558390334248543 -0.001796528697013855 0.013199999928474426
v 0.006558390334248543 -0.001796528697013855 0.000699999975040555
v 0.006260419264435768 -0.0026546469889581203 0.013199999928474426
v 0.006260419264435768 -0.0026546469889581203 0.000699999975040555
v 0.0058507309295237064 -0.003465393092483282 0.013199999928474426
v 0.0058507309295237064 -0.003465393092483282 0.000699999975040555
v 0.005336635746061802 -0.004214299377053976 0.013199999928474426
v 0.005336635746061802 -0.004214299377053976 0.000699999975040555
v 0.004875765647739172 -0.004739927127957344 0.000699999975040555
v -0.00016608649457339197 0.0034947602543979883 0.001006729668006301
v -0.00032270667725242674 0.0034821752924472094 0.0010045744711533189
v -0.0003229392459616065 0.0034850696101784706 0.008200000040233135
v -0.001447061775252223 0.0031868498772382736 0.000910082075279206
v -0.0015588256064802408 0.003130571683868766 0.0008915019570849836
v -0.0015600842889398336 0.0031330715864896774 0.008200000040233135
v -0.0030000037513673306 0.0018027692567557096 0.005900000222027302
v -0.0030000037513673306 0.0018027692567557096 0.000699999975040555
v -0.003263652790337801 0.001264345832169056 0.000699999975040555
v 0.0033772550523281097 -0.0009187758550979197 0.0007888231775723398
v 0.003439964260905981 -0.000643023056909442 0.0007429818506352603
v 0.0034404059406369925 -0.0006431232905015349 0.008200000040233135
v 0.002499994821846485 0.002449495019391179 0.005900000222027302
v 0.0021092211827635765 0.0027930603828281164 0.008200000040233135
v 0.0025865312200039625 0.002357934834435582 0.005900000222027302
v 0.0025865312200039625 0.002357934834435582 0.008200000040233135
v 0.0029757600277662277 0.0018425125163048506 0.008200000040233135
v 0.002499994821846485 0.002449495019391179 0.005900000222027302
v 0.002499994821846485 0.002449495019391179 0.0007269115303643048
v 0.0024386129807680845 0.0025106107350438833 0.0007378177833743393
v 0.003263652790337801 0.001264345832169056 0.000699999975040555
v 0.00299999606795609 0.0018027819460257888 0.000699999975040555
v 0.00299999606795609 0.0018027819460257888 0.005900000222027302
v 0.0034404059406369925 -0.0006431232905015349 0.008200000040233135
v 0.003439964260905981 -0.000643023056909442 0.0007429818506352603
v 0.0035000001080334187 0 0.008200000040233135
v 0.0034424476325511932 -0.00063210295047611 0.000741166528314352
v 0.0034833881072700024 -0.000340597762260586 0.000699999975040555
v 0.003151009092107415 -0.0015196714084595442 0.0009115347056649625
v 0.003263652790337801 -0.001264345832169056 0.008200000040233135
v 0.003035186557099223 -0.0017428833525627851 0.0009641739306971431
v 0.0029757600277662277 -0.0018425125163048506 0.008200000040233135
v 0.003151009092107415 -0.0015196714084595442 0.0009115347056649625
v 0.00317251100204885 -0.0014782334910705686 0.000901762570720166
v 0.003263652790337801 -0.001264345832169056 0.008200000040233135
v 0.003261576173827052 -0.0012634852901101112 0.0008558898698538542
v 0.0034404059406369925 -0.0006431232905015349 0.008200000040233135
v 0.003287489991635084 -0.0012010037899017334 0.0008425431442447007
v 0.0033772550523281097 -0.0009187758550979197 0.0007888231775723398
v 0.0025865312200039625 -0.002357934834435582 0.008200000040233135
v 0.0025845470372587442 -0.002356188138946891 0.0011311438865959644
v 0.0029757600277662277 -0.0018425125163048506 0.008200000040233135
v 0.002700982615351677 -0.002223846735432744 0.0010923873633146286
v 0.0027240109629929066 -0.0021976723801344633 0.0010847222292795777
v 0.0027240109629929066 -0.0021976723801344633 0.0010847222292795777
v 0.002876064507290721 -0.001994555816054344 0.0010288063203915954
v 0.0029757600277662277 -0.0018425125163048506 0.008200000040233135
v 0.002973213093355298 -0.0018409027252346277 0.0009893464157357812
v 0.003035186557099223 -0.0017428833525627851 0.0009641739306971431
v 0.0021092211827635765 -0.0027930603828281164 0.008200000040233135
v 0.0021084528416395187 -0.0027921085711568594 0.0012684119865298271
v 0.0025865312200039625 -0.002357934834435582 0.008200000040233135
v 0.0023128625471144915 -0.0026269119698554277 0.0012141456827521324
v 0.0023128625471144915 -0.0026269119698554277 0.0012141456827521324
v 0.0024192905984818935 -0.00252489629201591 0.0011824187822639942
v 0.0025865312200039625 -0.002357934834435582 0.008200000040233135
v 0.0025266860611736774 -0.002421953249722719 0.001150403288193047
v 0.0025845470372587442 -0.002356188138946891 0.0011311438865959644
v 0.0018261829391121864 -0.0029858089983463287 0.0013351294910535216
v 0.002055826596915722 -0.002830981509760022 0.0012815097579732537
v 0.0021092211827635765 -0.0027930603828281164 0.008200000040233135
v 0.002083132741972804 -0.002812571357935667 0.0012751339236274362
v 0.0021084528416395187 -0.0027921085711568594 0.0012684119865298271
v 0.0012941497843712568 -0.0032519495580345392 0.0014348465483635664
v 0.0014253812842071056 -0.0031930645927786827 0.0014121237909421325
v 0.0015600842889398336 -0.0031330715864896774 0.008200000040233135
v 0.0015599160687997937 -0.003132697194814682 0.0013888290850445628
v 0.0021092211827635765 -0.0027930603828281164 0.008200000040233135
v 0.0015689063584432006 -0.003128663171082735 0.001387272379361093
v 0.0018261829391121864 -0.0029858089983463287 0.0013351294910535216
v 0.00044850187259726226 -0.0034702634438872337 0.0015300371451303363
v 0.00047720715519972146 -0.0034673151094466448 0.0015288004651665688
v 0.0009578204480931163 -0.0033663897775113583 0.008200000040233135
v 0.00047720715519972146 -0.0034673151094466448 0.0015288004651665688
v 0.0005479167448356748 -0.003454666817560792 0.0015229295240715146
v 0.0009578204480931163 -0.0033663897775113583 0.008200000040233135
v 0.0006406614556908607 -0.003438076935708523 0.0015152289997786283
v 0.0007543665706180036 -0.0034177377820014954 0.0015057880664244294
v 0.0007543665706180036 -0.0034177377820014954 0.0015057880664244294
v 0.0008024096023291349 -0.0034051539842039347 0.001500129932537675
v 0.0009578204480931163 -0.0033663897775113583 0.008200000040233135
v 0.000957344367634505 -0.0033645727671682835 0.0014818826457485557
v 0.0015600842889398336 -0.0031330715864896774 0.008200000040233135
v 0.001017934293486178 -0.003348702797666192 0.00147474673576653
v 0.0012941497843712568 -0.0032519495580345392 0.0014348465483635664
v -0.000322915700962767 -0.00348464073613286 0.0015361323021352291
v -0.00023239501751959324 -0.003489611204713583 0.0015381505945697427
v -0.0003229392459616065 -0.0034850696101784706 0.008200000040233135
v -0.00011721996997948736 -0.0034959353506565094 0.001540718600153923
v 0.0002316948230145499 -0.0034920836333185434 0.0015391866909340024
v 0.00023762515047565103 -0.0034919241443276405 0.0015391225460916758
v 0.0003229392459616065 -0.0034850696101784706 0.008200000040233135
v 0.00032274526893161237 -0.0034831808879971504 0.0015354552306234837
v 0.0009578204480931163 -0.0033663897775113583 0.008200000040233135
v 0.0003435063117649406 -0.0034810483921319246 0.0015345608117058873
v 0.00044850187259726226 -0.0034702634438872337 0.0015300371451303363
v -0.00011721996997948736 -0.0034959353506565094 0.001540718600153923
v -0.00004959315629093908 -0.0034996485337615013 0.0015422264114022255
v -0.0003229392459616065 -0.0034850696101784706 0.008200000040233135
v 1.4335689968447696e-7 -0.00349831092171371 0.0015416889218613505
v 0.0003229392459616065 -0.0034850696101784706 0.008200000040233135
v 0.00011714767606463283 -0.003495164215564728 0.0015404245350509882
v 0.0002316948230145499 -0.0034920836333185434 0.0015391866909340024
v -0.0009578204480931163 -0.0033663897775113583 0.008200000040233135
v -0.0008148174965754151 -0.003403831971809268 0.0014992592623457313
v -0.0008018172229640186 -0.0034065411891788244 0.0015005443710833788
v -0.0008018172229640186 -0.0034065411891788244 0.0015005443710833788
v -0.0006399169215001166 -0.0034402816090732813 0.001516548334620893
v -0.0009578204480931163 -0.0033663897775113583 0.008200000040233135
v -0.0006126920925453305 -0.0034459554590284824 0.0015192395076155663
v -0.0005480682593770325 -0.0034547823015600443 0.0015230983262881637
v -0.0005480682593770325 -0.0034547823015600443 0.0015230983262881637
v -0.0004493439628276974 -0.0034682671539485455 0.0015289931325241923
v -0.0009578204480931163 -0.0033663897775113583 0.008200000040233135
v -0.00034281593980267644 -0.0034828176721930504 0.001535354065708816
v -0.0003229392459616065 -0.0034850696101784706 0.008200000040233135
v -0.0003338741371408105 -0.0034840391017496586 0.0015358879463747144
v -0.000322915700962767 -0.00348464073613286 0.0015361323021352291
v -0.0014252648688852787 -0.00319333141669631 0.0014122077263891697
v -0.0013173751067370176 -0.003242610488086939 0.0014311358099803329
v -0.0015600842889398336 -0.0031330715864896774 0.008200000040233135
v -0.0010971113806590438 -0.0033236045856028795 0.0014640961308032274
v -0.0009578204480931163 -0.0033663897775113583 0.008200000040233135
v -0.0009569792309775949 -0.0033634298015385866 0.0014815512113273144
v -0.0008148174965754151 -0.003403831971809268 0.0014992592623457313
v -0.002091087633743882 -0.0028066623490303755 0.0012731424067169428
v -0.002056064549833536 -0.002830519573763013 0.0012813812354579568
v -0.0021092211827635765 -0.0027930603828281164 0.008200000040233135
v -0.002056064549833536 -0.002830519573763013 0.0012813812354579568
v -0.0018462706357240677 -0.00297342985868454 0.0013307330664247274
v -0.0021092211827635765 -0.0027930603828281164 0.008200000040233135
v -0.0015882623847573996 -0.0031188817229121923 0.0013836115831509233
v -0.0015600842889398336 -0.0031330715864896774 0.008200000040233135
v -0.0015595853328704834 -0.003131980076432228 0.001388642587698996
v -0.0014252648688852787 -0.00319333141669631 0.0014122077263891697
v -0.002448506187647581 -0.0025009633973240852 0.001174545963294804
v -0.002420079428702593 -0.0025264958385378122 0.0011826588306576014
v -0.0025865312200039625 -0.002357934834435582 0.008200000040233135
v -0.0022247082088142633 -0.0027019758708775043 0.0012384175788611174
v -0.0021092211827635765 -0.0027930603828281164 0.008200000040233135
v -0.002108927583321929 -0.00279268529266119 0.001268506166525185
v -0.002091087633743882 -0.0028066623490303755 0.0012731424067169428
v -0.0028371992520987988 -0.0020494633354246616 0.0010435903677716851
v -0.002701961435377598 -0.0022208262234926224 0.001091748010367155
v -0.0029757600277662277 -0.0018425125163048506 0.008200000040233135
v -0.0026527633890509605 -0.0022831656970083714 0.0011092672357335687
v -0.0025865312200039625 -0.002357934834435582 0.008200000040233135
v -0.0025844620540738106 -0.002355994889512658 0.001131095690652728
v -0.002448506187647581 -0.0025009633973240852 0.001174545963294804
v -0.0032514347694814205 -0.0012954429257661104 0.0008620037115179002
v -0.0031509248074144125 -0.0015198079636320472 0.0009115934371948242
v -0.003263652790337801 -0.001264345832169056 0.008200000040233135
v -0.0031509248074144125 -0.0015198079636320472 0.0009115934371948242
v -0.003131208708509803 -0.0015638197073712945 0.0009213209850713611
v -0.003263652790337801 -0.001264345832169056 0.008200000040233135
v -0.002987578045576811 -0.0018232875736430287 0.0009842639556154609
v -0.0029757600277662277 -0.0018425125163048506 0.008200000040233135
v -0.00297509110532701 -0.0018420683918520808 0.0009891903027892113
v -0.0028371992520987988 -0.0020494633354246616 0.0010435903677716851
v -0.0034293474163860083 -0.0006996969459578395 0.000751768471673131
v -0.0034221757669001818 -0.0007339702569879591 0.0007572945323772728
v -0.0034404059406369925 -0.0006431232905015349 0.008200000040233135
v -0.003348470898345113 -0.0010186968138441443 0.0008070775656960905
v -0.003263652790337801 -0.001264345832169056 0.008200000040233135
v -0.003262482350692153 -0.0012639350024983287 0.0008557502878829837
v -0.0032514347694814205 -0.0012954429257661104 0.0008620037115179002
v -0.0035000001080334187 4.286263818611965e-19 0.008200000040233135
v -0.0034758474212139845 -0.00041046986007131636 0.0007091882289387286
v -0.0034404059406369925 -0.0006431232905015349 0.008200000040233135
v -0.003438492538407445 -0.0006428153719753027 0.0007433943101204932
v -0.0034293474163860083 -0.0006996969459578395 0.000751768471673131
v -0.0030000037513673306 0.0018027692567557096 0.005900000222027302
v -0.003263652790337801 0.001264345832169056 0.008200000040233135
v -0.0029757600277662277 0.0018425125163048506 0.005900000222027302
v -0.0029757600277662277 0.0018425125163048506 0.008200000040233135
v -0.0025865312200039625 0.002357934834435582 0.008200000040233135
v -0.0021092211827635765 0.0027930603828281164 0.008200000040233135
v -0.0025000052992254496 0.0024494845420122147 0.005900000222027302
v -0.0025865312200039625 0.002357934834435582 0.008200000040233135
v -0.0025865312200039625 0.002357934834435582 0.005900000222027302
v -0.0029757600277662277 0.0018425125163048506 0.005900000222027302
v -0.0015600842889398336 0.0031330715864896774 0.008200000040233135
v -0.0015588256064802408 0.003130571683868766 0.0008915019570849836
v -0.0021092211827635765 0.0027930603828281164 0.008200000040233135
v -0.0015588256064802408 0.003130571683868766 0.0008915019570849836
v -0.001586718251928687 0.00311652640812099 0.000886864960193634
v -0.0021092211827635765 0.0027930603828281164 0.008200000040233135
v -0.0016986059490591288 0.0030601858161389828 0.0008682642946951091
v -0.001953499624505639 0.002904107328504324 0.0008241939358413219
v -0.001953499624505639 0.002904107328504324 0.0008241939358413219
v -0.0020497790537774563 0.0028369713108986616 0.0008072103373706341
v -0.0021092211827635765 0.0027930603828281164 0.008200000040233135
v -0.0021077583078294992 0.0027912065852433443 0.0007968723075464368
v -0.0025000052992254496 0.0024494845420122147 0.005900000222027302
v -0.002283317968249321 0.002652632538229227 0.0007655691588297486
v -0.0025000052992254496 0.0024494845420122147 0.0007269097259268165
v -0.000992700457572937 0.0033541570883244276 0.0009736579959280789
v -0.0015600842889398336 0.0031330715864896774 0.008200000040233135
v -0.0009574710275046527 0.003365282667800784 0.0009777011582627892
v -0.0009578204480931163 0.0033663897775113583 0.008200000040233135
v -0.0009245642577297986 0.003375674830749631 0.0009814777877181768
v -0.000992700457572937 0.0033541570883244276 0.0009736579959280789
v -0.0010912454454228282 0.0033230360131710768 0.0009623483056202531
v -0.0015600842889398336 0.0031330715864896774 0.008200000040233135
v -0.0011700481409206986 0.0032981496769934893 0.000953304348513484
v -0.0011818889761343598 0.0032944101840257645 0.0009519454324617982
v -0.0011818889761343598 0.0032944101840257645 0.0009519454324617982
v -0.001229592366144061 0.003275060560554266 0.000944414408877492
v -0.0015600842889398336 0.0031330715864896774 0.008200000040233135
v -0.0013487412361428142 0.0032267309725284576 0.0009256041375920177
v -0.001447061775252223 0.0031868498772382736 0.000910082075279206
v -0.0006313455523923039 0.003442147746682167 0.0009971256367862225
v -0.0006458863499574363 0.0034398881252855062 0.000996696180664003
v -0.0009578204480931163 0.0033663897775113583 0.008200000040233135
v -0.00032270667725242674 0.0034821752924472094 0.0010045744711533189
v -0.0003287026775069535 0.0034816935658454895 0.0010044919326901436
v -0.0003229392459616065 0.0034850696101784706 0.008200000040233135
v -0.0004284115566406399 0.003473681630566716 0.0010031198617070913
v -0.0009578204480931163 0.0033663897775113583 0.008200000040233135
v -0.00048481716657988727 0.0034649167209863663 0.001001453842036426
v -0.0006313455523923039 0.003442147746682167 0.0009971256367862225
v -0.0006458863499574363 0.0034398881252855062 0.000996696180664003
v -0.000763513206038624 0.003412784542888403 0.0009902726160362363
v -0.0009578204480931163 0.0033663897775113583 0.008200000040233135
v -0.0008851929451338947 0.0033847468439489603 0.0009836278622969985
v -0.0009245642577297986 0.003375674830749631 0.0009814777877181768
v 0.00016630682512186468 0.0034959258046001196 0.0010069370036944747
v 0.0001634167565498501 0.0034961828496307135 0.0010069814743474126
v 0.0003229392459616065 0.0034850696101784706 0.008200000040233135
v -5.813454606595769e-8 0.0034969232510775328 0.0010071037104353309
v -0.0003229392459616065 0.0034850696101784706 0.008200000040233135
v -0.0001317473070230335 0.0034975195303559303 0.0010072021977975965
v -0.00016608649457339197 0.0034947602543979883 0.001006729668006301
v 0.0007637236849404871 0.003413147758692503 0.000990416039712727
v 0.0006650965660810471 0.003436225699260831 0.0009959471644833684
v 0.0003229392459616065 0.0034850696101784706 0.008200000040233135
v 0.0007637236849404871 0.003413147758692503 0.000990416039712727
v 0.0003229392459616065 0.0034850696101784706 0.008200000040233135
v 0.0008851415477693081 0.0033847372978925705 0.0009836069075390697
v 0.0006650965660810471 0.003436225699260831 0.0009959471644833684
v 0.0006311250035651028 0.003441741457208991 0.0009970100363716483
v 0.0003229392459616065 0.0034850696101784706 0.008200000040233135
v 0.0004850089899264276 0.0034654655028134584 0.0010015817824751139
v 0.0004562516405712813 0.003470134688541293 0.0010024815564975142
v 0.0004562516405712813 0.003470134688541293 0.0010024815564975142
v 0.0003285485436208546 0.003481494029983878 0.001004443853162229
v 0.0003229392459616065 0.0034850696101784706 0.008200000040233135
v 0.00032266773632727563 0.0034820172004401684 0.0010045343078672886
v 0.00016630682512186468 0.0034959258046001196 0.0010069370036944747
v 0.0014889002777636051 0.0031675188802182674 0.0009032596135511994
v 0.0013483839575201273 0.0032263826578855515 0.0009256203775294125
v 0.0015600842889398336 0.0031330715864896774 0.008200000040233135
v 0.0012301943497732282 0.0032758936285972595 0.0009444282623007894
v 0.0012301943497732282 0.0032758936285972595 0.0009444282623007894
v 0.001213281648233533 0.003282978432253003 0.0009471196681261063
v 0.0015600842889398336 0.0031330715864896774 0.008200000040233135
v 0.0011725955409929156 0.003297729417681694 0.0009533670381642878
v 0.001170551055110991 0.0032983734272420406 0.0009535999852232635
v 0.001170551055110991 0.0032983734272420406 0.0009535999852232635
v 0.0010916210012510419 0.003323229029774666 0.000962593243457377
v 0.0015600842889398336 0.0031330715864896774 0.008200000040233135
v 0.0009929343359544873 0.0033543063327670097 0.000973837508354336
v 0.0009578204480931163 0.0033663897775113583 0.008200000040233135
v 0.000957526674028486 0.00336545635946095 0.0009778718231245875
v 0.0003229392459616065 0.0034850696101784706 0.008200000040233135
v 0.0009285664418712258 0.0033745761029422283 0.0009811714990064502
v 0.0008851415477693081 0.0033847372978925705 0.0009836069075390697
v 0.0024386129807680845 0.0025106107350438833 0.0007378177833743393
v 0.0022170424927026033 0.0027082692831754684 0.0007774247787892818
v 0.002499994821846485 0.002449495019391179 0.005900000222027302
v 0.0021073375828564167 0.002790548838675022 0.0007969128200784326
v 0.0021092211827635765 0.0027930603828281164 0.008200000040233135
v 0.0019791964441537857 0.002886655740439892 0.0008196758572012186
v 0.0019791964441537857 0.002886655740439892 0.0008196758572012186
v 0.001725264941342175 0.003045235760509968 0.0008637270075269043
v 0.0021092211827635765 0.0027930603828281164 0.008200000040233135
v 0.0015869132475927472 0.0031168118584901094 0.0008868667064234614
v 0.0015600842889398336 0.0031330715864896774 0.008200000040233135
v 0.0015591132687404752 0.0031311942730098963 0.0008915162761695683
v 0.0014889002777636051 0.0031675188802182674 0.0009032596135511994
v -0.0030000037513673306 0.0018027692567557096 0.005900000222027302
v -0.003263652790337801 0.001264345832169056 0.000699999975040555
v -0.003263652790337801 0.001264345832169056 0.008200000040233135
v -0.0034404059406369925 0.0006431232905015349 0.000699999975040555
v -0.0034404059406369925 0.0006431232905015349 0.008200000040233135
v -0.0035000001080334187 4.286263818611965e-19 0.000699999975040555
v -0.0035000001080334187 4.286263818611965e-19 0.008200000040233135
v -0.0034833881072700024 -0.000340597762260586 0.000699999975040555
v -0.0034758474212139845 -0.00041046986007131636 0.0007091882289387286
v 0.0034833881072700024 -0.000340597762260586 0.000699999975040555
v 0.0035000001080334187 0 0.000699999975040555
v 0.0035000001080334187 0 0.008200000040233135
v 0.0034404059406369925 0.0006431232905015349 0.000699999975040555
v 0.0034404059406369925 0.0006431232905015349 0.008200000040233135
v 0.003263652790337801 0.001264345832169056 0.000699999975040555
v 0.003263652790337801 0.001264345832169056 0.008200000040233135
v 0.00299999606795609 0.0018027819460257888 0.005900000222027302
v 0.0029757600277662277 0.0018425125163048506 0.008200000040233135
v 0.0029757600277662277 0.0018425125163048506 0.005900000222027302
v 0.0025865312200039625 0.002357934834435582 0.005900000222027302
v -0.0013624464627355337 0.006364589091390371 0.000699999975040555
v -0.0013314670650288463 0.0064625488594174385 0.000699999975040555
v -0.002014674013480544 0.00649469718337059 0.000699999975040555
v -0.0012902157614007592 0.006569228135049343 0.000699999975040555
v -0.001245460007339716 0.006684970576316118 0.000699999975040555
v -0.0017233547987416387 0.00522336782887578 0.000699999975040555
v -0.0025000134482979774 0.0063237594440579414 0.000699999975040555
v -0.0023737801238894463 0.0031666916329413652 0.000699999975040555
v -0.002500005764886737 0.0027676369063556194 0.000699999975040555
v -0.0017233547987416387 0.00522336782887578 0.000699999975040555
v -0.0016157106729224324 0.005563743878155947 0.000699999975040555
v -0.0025000134482979774 0.0063237594440579414 0.000699999975040555
v -0.0015175828011706471 0.00587403355166316 0.000699999975040555
v -0.002014674013480544 0.00649469718337059 0.000699999975040555
v -0.001414235564880073 0.006200827192515135 0.000699999975040555
v -0.0013624464627355337 0.006364589091390371 0.000699999975040555
v -0.003511285874992609 -0.00042875955114141107 0.000699999975040555
v -0.0034833881072700024 -0.000340597762260586 0.000699999975040555
v -0.0035000001080334187 4.286263818611965e-19 0.000699999975040555
v -0.00678481487557292 0.00045418989611789584 0.000699999975040555
v -0.00678481487557292 -0.00045418989611789584 0.000699999975040555
v -0.003932816907763481 -0.001760730636306107 0.000699999975040555
v -0.0066637396812438965 -0.0013544646790251136 0.000699999975040555
v -0.0042214589193463326 -0.0026727947406470776 0.000699999975040555
v -0.006423749960958958 -0.0022305690217763186 0.000699999975040555
v -0.006069127935916185 -0.00306686875410378 0.000699999975040555
v -0.003000012831762433 0.006102452054619789 0.000699999975040555
v -0.0036589601077139378 0.0057316673919558525 0.000699999975040555
v -0.0030000037513673306 0.0018027692567557096 0.000699999975040555
v -0.00439026951789856 0.005192834883928299 0.000699999975040555
v -0.005043234210461378 0.004561336245387793 0.000699999975040555
v -0.003932816907763481 -0.001760730636306107 0.000699999975040555
v -0.003511285874992609 -0.00042875955114141107 0.000699999975040555
v -0.00678481487557292 0.00045418989611789584 0.000699999975040555
v -0.0035000001080334187 4.286263818611965e-19 0.000699999975040555
v -0.0066637396812438965 0.0013544646790251136 0.000699999975040555
v -0.0034404059406369925 0.0006431232905015349 0.000699999975040555
v -0.006423749960958958 0.0022305690217763186 0.000699999975040555
v -0.003263652790337801 0.001264345832169056 0.000699999975040555
v -0.006069127935916185 0.00306686875410378 0.000699999975040555
v -0.0030000037513673306 0.0018027692567557096 0.000699999975040555
v -0.005606202408671379 0.003848440246656537 0.000699999975040555
v -0.005043234210461378 0.004561336245387793 0.000699999975040555
v -0.006069127935916185 -0.00306686875410378 0.000699999975040555
v -0.005606202408671379 -0.003848440246656537 0.000699999975040555
v -0.0042214589193463326 -0.0026727947406470776 0.000699999975040555
v -0.005043234210461378 -0.004561336245387793 0.000699999975040555
v -0.004875765647739172 -0.004739927127957344 0.000699999975040555
v 0.0012454601237550378 0.006684970576316118 0.000699999975040555
v 0.001290187006816268 0.00656864931806922 0.000699999975040555
v 0.0015763770788908005 0.006614759098738432 0.000699999975040555
v 0.0013339656870812178 0.006454794201999903 0.000699999975040555
v 0.0024439727421849966 0.006345628295093775 0.000699999975040555
v 0.001363652409054339 0.006360917817801237 0.000699999975040555
v 0.001363652409054339 0.006360917817801237 0.000699999975040555
v 0.0014132293872535229 0.006204143166542053 0.000699999975040555
v 0.0024439727421849966 0.006345628295093775 0.000699999975040555
v 0.0014157008845359087 0.0061963265761733055 0.000699999975040555
v 0.0024999866727739573 0.0063237701542675495 0.000699999975040555
v 0.0014157008845359087 0.0061963265761733055 0.000699999975040555
v 0.0015085882041603327 0.005902538541704416 0.000699999975040555
v 0.0024999866727739573 0.0063237701542675495 0.000699999975040555
v 0.0015182223869487643 0.005872068926692009 0.000699999975040555
v 0.00162045459728688 0.005548740737140179 0.000699999975040555
v 0.00162045459728688 0.005548740737140179 0.000699999975040555
v 0.0017230191733688116 0.005224400199949741 0.000699999975040555
v 0.0024999866727739573 0.0063237701542675495 0.000699999975040555
v 0.00200862274505198 0.004321233369410038 0.000699999975040555
v 0.002499994123354554 0.0027676739264279604 0.000699999975040555
v 0.006800000090152025 -1.6655196847742426e-18 0.000699999975040555
v 0.006739326752722263 0.0009063513134606183 0.000699999975040555
v 0.0034404059406369925 0.0006431232905015349 0.000699999975040555
v 0.006558390334248543 0.001796528697013855 0.000699999975040555
v 0.003263652790337801 0.001264345832169056 0.000699999975040555
v 0.004727308638393879 0.004888000898063183 0.000699999975040555
v 0.004033622331917286 0.005474476143717766 0.000699999975040555
v 0.00299999606795609 0.0018027819460257888 0.000699999975040555
v 0.003267955966293812 0.0059632593765854836 0.000699999975040555
v 0.0029999869875609875 0.006102465093135834 0.000699999975040555
v 0.0034404059406369925 0.0006431232905015349 0.000699999975040555
v 0.0035000001080334187 -8.57252763722393e-19 0.000699999975040555
v 0.006800000090152025 -1.6655196847742426e-18 0.000699999975040555
v 0.0034833881072700024 -0.000340597762260586 0.000699999975040555
v 0.006739326752722263 -0.0009063513134606183 0.000699999975040555
v 0.00393094215542078 -0.0017548343166708946 0.000699999975040555
v 0.006558390334248543 -0.001796528697013855 0.000699999975040555
v 0.00407296372577548 -0.0022036111913621426 0.000699999975040555
v 0.00407296372577548 -0.0022036111913621426 0.000699999975040555
v 0.004875765647739172 -0.004739927127957344 0.000699999975040555
v 0.005336635746061802 -0.004214299377053976 0.000699999975040555
v 0.006558390334248543 0.001796528697013855 0.000699999975040555
v 0.006260419264435768 0.0026546469889581203 0.000699999975040555
v 0.003263652790337801 0.001264345832169056 0.000699999975040555
v 0.0058507309295237064 0.003465393092483282 0.000699999975040555
v 0.00299999606795609 0.0018027819460257888 0.000699999975040555
v 0.005336635746061802 0.004214299377053976 0.000699999975040555
v 0.004727308638393879 0.004888000898063183 0.000699999975040555
v 0.005336635746061802 -0.004214299377053976 0.000699999975040555
v 0.0058507309295237064 -0.003465393092483282 0.000699999975040555
v 0.00407296372577548 -0.0022036111913621426 0.000699999975040555
v 0.006260419264435768 -0.0026546469889581203 0.000699999975040555
v 0.006558390334248543 -0.001796528697013855 0.000699999975040555
v -0.0013173751067370176 -0.003242610488086939 0.0014311358099803329
v -0.0014252648688852787 -0.00319333141669631 0.0014122077263891697
v -0.0013626876752823591 -0.004137056414037943 0.001499070436693728
v -0.003131208708509803 -0.0015638197073712945 0.0009213209850713611
v -0.0031509248074144125 -0.0015198079636320472 0.0009115934371948242
v -0.0038508453872054815 -0.003032936016097665 0.0008599150460213423
v -0.0043205078691244125 -0.005248581990599632 0.0009522409527562559
v -0.0043151299469172955 -0.005199088249355555 0.0009491110104136169
v -0.004339535254985094 -0.005233509466052055 0.000944528030231595
v -0.003926729317754507 -0.005551647860556841 0.0011081101838499308
v -0.0036936465185135603 -0.0057063028216362 0.0011895959032699466
v -0.003765805158764124 -0.004423254169523716 0.001032935339026153
v -0.0012673255987465382 -0.0066808597184717655 0.001723994966596365
v -0.0011984877055510879 -0.006691871210932732 0.0017303542699664831
v -0.0013626876752823591 -0.004137056414037943 0.001499070436693728
v 0.0007822311017662287 -0.0037120385095477104 0.001525944215245545
v 0.0007543665706180036 -0.0034177377820014954 0.0015057880664244294
v 0.0006406614556908607 -0.003438076935708523 0.0015152289997786283
v 0.0034833881072700024 -0.000340597762260586 0.000699999975040555
v 0.0034424476325511932 -0.00063210295047611 0.000741166528314352
v 0.00393094215542078 -0.0017548343166708946 0.000699999975040555
v 0.003439964260905981 -0.000643023056909442 0.0007429818506352603
v 0.003439964260905981 -0.000643023056909442 0.0007429818506352603
v 0.0033772550523281097 -0.0009187758550979197 0.0007888231775723398
v 0.00393094215542078 -0.0017548343166708946 0.000699999975040555
v 0.003287489991635084 -0.0012010037899017334 0.0008425431442447007
v 0.003261576173827052 -0.0012634852901101112 0.0008558898698538542
v 0.0043151299469172955 -0.005199088249355555 0.0009491110104136169
v 0.00433895131573081 -0.005231884773820639 0.0009439309360459447
v 0.004492775071412325 -0.005104407202452421 0.0008792673470452428
v 0.003261576173827052 -0.0012634852901101112 0.0008558898698538542
v 0.00317251100204885 -0.0014782334910705686 0.000901762570720166
v 0.00393094215542078 -0.0017548343166708946 0.000699999975040555
v 0.0038508453872054815 -0.003032936016097665 0.0008599150460213423
v 0.00407296372577548 -0.0022036111913621426 0.000699999975040555
v 0.004725138656795025 -0.004885759670287371 0.0007714391103945673
v 0.004875765647739172 -0.004739927127957344 0.000699999975040555
v 0.0038555441424250603 -0.00560131948441267 0.0011340928031131625
v 0.004031859803944826 -0.005472072400152683 0.001067035598680377
v 0.003765805158764124 -0.004423254169523716 0.001032935339026153
v 0.004181386437267065 -0.005362462718039751 0.001010166946798563
v 0.0043151299469172955 -0.005199088249355555 0.0009491110104136169
v 0.004325615242123604 -0.0052429367788136005 0.0009495370322838426
v 0.00433895131573081 -0.005231884773820639 0.0009439309360459447
v 0.0032135697547346354 -0.0036450535990297794 0.0011038935044780374
v 0.003094533458352089 -0.006055069155991077 0.0013762980233877897
v 0.0032430063001811504 -0.005976864602416754 0.001333954045549035
v 0.0032430063001811504 -0.005976864602416754 0.001333954045549035
v 0.003267565742135048 -0.0059625874273478985 0.0013263036962598562
v 0.0032135697547346354 -0.0036450535990297794 0.0011038935044780374
v 0.003589106723666191 -0.005775665398687124 0.0012261423980817199
v 0.003765805158764124 -0.004423254169523716 0.001032935339026153
v 0.0036914071533828974 -0.0057087242603302 0.0011907992884516716
v 0.0038555441424250603 -0.00560131948441267 0.0011340928031131625
v 0.0026590758934617043 -0.0028638194780796766 0.00116192945279181
v 0.002754420507699251 -0.006182466633617878 0.0014613852836191654
v 0.0032135697547346354 -0.0036450535990297794 0.0011038935044780374
v 0.003062728326767683 -0.006070178933441639 0.0013845518697053194
v 0.003094533458352089 -0.006055069155991077 0.0013762980233877897
v 0.0025266860611736774 -0.002421953249722719 0.001150403288193047
v 0.0024192905984818935 -0.00252489629201591 0.0011824187822639942
v 0.0026590758934617043 -0.0028638194780796766 0.00116192945279181
v 0.0023128625471144915 -0.0026269119698554277 0.0012141456827521324
v 0.0023128625471144915 -0.0026269119698554277 0.0012141456827521324
v 0.002438806928694248 -0.006345831789076328 0.0015358729287981987
v 0.0026590758934617043 -0.0028638194780796766 0.00116192945279181
v 0.002443313365802169 -0.006344002205878496 0.0015348625602200627
v 0.002754420507699251 -0.006182466633617878 0.0014613852836191654
v 0.0027389160823076963 -0.0062240129336714745 0.0014685848727822304
v 0.003062728326767683 -0.006070178933441639 0.0013845518697053194
v 0.0023128625471144915 -0.0026269119698554277 0.0012141456827521324
v 0.0021084528416395187 -0.0027921085711568594 0.0012684119865298271
v 0.002438806928694248 -0.006345831789076328 0.0015358729287981987
v 0.002083132741972804 -0.002812571357935667 0.0012751339236274362
v 0.0023740355391055346 -0.0063721234910190105 0.0015503953909501433
v 0.002055826596915722 -0.002830981509760022 0.0012815097579732537
v 0.0018261829391121864 -0.0029858089983463287 0.0013351294910535216
v 0.0018164380453526974 -0.0065513006411492825 0.0016505835810676217
v 0.002055826596915722 -0.002830981509760022 0.0012815097579732537
v 0.002128773368895054 -0.006458198186010122 0.0015983360353857279
v 0.0023740355391055346 -0.0063721234910190105 0.0015503953909501433
v 0.001374593237414956 -0.006659616716206074 0.001711861346848309
v 0.001575733651407063 -0.006612039171159267 0.0016849010717123747
v 0.0013626876752823591 -0.004137056414037943 0.001499070436693728
v 0.0017546439776197076 -0.006569720339030027 0.0016609204467386007
v 0.0018164380453526974 -0.0065513006411492825 0.0016505835810676217
v 0.0006436688709072769 -0.006769467610865831 0.0017755395965650678
v 0.0006806280580349267 -0.006765631027519703 0.001773254363797605
v 0.0007822311017662287 -0.0037120385095477104 0.001525944215245545
v 0.0006806280580349267 -0.006765631027519703 0.001773254363797605
v 0.0007604004931636155 -0.006757351104170084 0.0017683218466117978
v 0.0007822311017662287 -0.0037120385095477104 0.001525944215245545
v 0.001147006405517459 -0.006702565122395754 0.0017364489613100886
v 0.0013626876752823591 -0.004137056414037943 0.001499070436693728
v 0.0011983171571046114 -0.006692882161587477 0.0017309056129306555
v 0.001374593237414956 -0.006659616716206074 0.001711861346848309
v 0.0006436688709072769 -0.006769467610865831 0.0017755395965650678
v 0.0007822311017662287 -0.0037120385095477104 0.001525944215245545
v 0.0005863551050424576 -0.006773284636437893 0.0017778943292796612
v 0.0006406614556908607 -0.003438076935708523 0.0015152289997786283
v 0.0004350977542344481 -0.0067833587527275085 0.0017841089284047484
v 0.0005479167448356748 -0.003454666817560792 0.0015229295240715146
v 0.0003612761793192476 -0.006788275670260191 0.0017871420131996274
v 0.00047720715519972146 -0.0034673151094466448 0.0015288004651665688
v 0.0002884988207370043 -0.006793122738599777 0.0017901321407407522
v 0.00044850187259726226 -0.0034702634438872337 0.0015300371451303363
v 0.00025976335746236145 -0.006795036606490612 0.001791312824934721
v 0.0003435063117649406 -0.0034810483921319246 0.0015345608117058873
v 0.00021642966021317989 -0.006796296685934067 0.001792111899703741
v 0.0003435063117649406 -0.0034810483921319246 0.0015345608117058873
v 0.00032274526893161237 -0.0034831808879971504 0.0015354552306234837
v 0.00021642966021317989 -0.006796296685934067 0.001792111899703741
v 0.00023762515047565103 -0.0034919241443276405 0.0015391225460916758
v 0.0001443428045604378 -0.006798393093049526 0.0017934412462636828
v 0.0002316948230145499 -0.0034920836333185434 0.0015391866909340024
v 0.00013554157339967787 -0.0067986492067575455 0.0017936036456376314
v 0.00011714767606463283 -0.003495164215564728 0.0015404245350509882
v 0.0000722082331776619 -0.00679812952876091 0.0017932737246155739
v 1.4335689968447696e-7 -0.00349831092171371 0.0015416889218613505
v -0.00004959315629093908 -0.0034996485337615013 0.0015422264114022255
v -0.00007235741941258311 -0.00679694302380085 0.0017925207503139973
v 1.4335689968447696e-7 -0.00349831092171371 0.0015416889218613505
v -5.44196758767157e-8 -0.00679753627628088 0.0017928973538801074
v 0.0000722082331776619 -0.00679812952876091 0.0017932737246155739
v -0.00004959315629093908 -0.0034996485337615013 0.0015422264114022255
v -0.00011721996997948736 -0.0034959353506565094 0.001540718600153923
v -0.00007235741941258311 -0.00679694302380085 0.0017925207503139973
v -0.00023239501751959324 -0.003489611204713583 0.0015381505945697427
v -0.0001445791422156617 -0.006796350236982107 0.0017921446124091744
v -0.000322915700962767 -0.00348464073613286 0.0015361323021352291
v -0.00021650207054335624 -0.006795760244131088 0.0017917699879035354
v -0.0003338741371408105 -0.0034840391017496586 0.0015358879463747144
v -0.00034281593980267644 -0.0034828176721930504 0.001535354065708816
v -0.0005480682593770325 -0.0034547823015600443 0.0015230983262881637
v -0.00028841293533332646 -0.0067936209961771965 0.0017904250416904688
v -0.0004493439628276974 -0.0034682671539485455 0.0015289931325241923
v -0.0002470910840202123 -0.006795509252697229 0.0017916107317432761
v -0.00034281593980267644 -0.0034828176721930504 0.001535354065708816
v -0.000227217489737086 -0.006795672234147787 0.0017917142249643803
v -0.00021650207054335624 -0.006795760244131088 0.0017917699879035354
v -0.0008018172229640186 -0.0034065411891788244 0.0015005443710833788
v -0.0007822311017662287 -0.0037120385095477104 0.001525944215245545
v -0.0006399169215001166 -0.0034402816090732813 0.001516548334620893
v -0.0004348706570453942 -0.006784598808735609 0.0017848663264885545
v -0.0006126920925453305 -0.0034459554590284824 0.0015192395076155663
v -0.0003736636135727167 -0.006789725739508867 0.001787979039363563
v -0.0005480682593770325 -0.0034547823015600443 0.0015230983262881637
v -0.0003609289415180683 -0.006790307816118002 0.0017883444670587778
v -0.00028841293533332646 -0.0067936209961771965 0.0017904250416904688
v -0.000879995001014322 -0.006742819212377071 0.001759776845574379
v -0.0007611025939695537 -0.006757271941751242 0.0017682751640677452
v -0.0007822311017662287 -0.0037120385095477104 0.001525944215245545
v -0.0005865183193236589 -0.006771896034479141 0.0017771539278328419
v -0.0004348706570453942 -0.006784598808735609 0.0017848663264885545
v -0.0013626876752823591 -0.004137056414037943 0.001499070436693728
v -0.0011984877055510879 -0.006691871210932732 0.0017303542699664831
v -0.0007822311017662287 -0.0037120385095477104 0.001525944215245545
v -0.0011306313099339604 -0.006702725775539875 0.001736622885800898
v -0.000879995001014322 -0.006742819212377071 0.001759776845574379
v -0.002240698551759124 -0.006420223508030176 0.0015771485632285476
v -0.0020138516556471586 -0.0064921011216938496 0.0016173759941011667
v -0.0019437546143308282 -0.004559312015771866 0.0014538044342771173
v -0.002091087633743882 -0.0028066623490303755 0.0012731424067169428
v -0.002439359202980995 -0.006344930734485388 0.0015353955095633864
v -0.0019437546143308282 -0.004559312015771866 0.0014538044342771173
v -0.002338909776881337 -0.006385100074112415 0.001557603944092989
v -0.002240698551759124 -0.006420223508030176 0.0015771485632285476
v -0.0020138516556471586 -0.0064921011216938496 0.0016173759941011667
v -0.0018655407475307584 -0.006539094727486372 0.001643676427192986
v -0.0019437546143308282 -0.004559312015771866 0.0014538044342771173
v -0.001815909519791603 -0.006552376784384251 0.00165116460993886
v -0.0013626876752823591 -0.004137056414037943 0.001499070436693728
v -0.0016498459735885262 -0.006596818100661039 0.0016762197483330965
v -0.0012673255987465382 -0.0066808597184717655 0.001723994966596365
v -0.0030617807060480118 -0.006071426905691624 0.001385196577757597
v -0.002861145418137312 -0.006165638566017151 0.0014367077965289354
v -0.0026590758934617043 -0.0028638194780796766 0.00116192945279181
v -0.002091087633743882 -0.0028066623490303755 0.0012731424067169428
v -0.002108927583321929 -0.00279268529266119 0.001268506166525185
v -0.002439359202980995 -0.006344930734485388 0.0015353955095633864
v -0.0026590758934617043 -0.0028638194780796766 0.00116192945279181
v -0.002708691405132413 -0.0062372260726988316 0.0014758489560335875
v -0.002861145418137312 -0.006165638566017151 0.0014367077965289354
v -0.003657878376543522 -0.005730035714805126 0.0012021004222333431
v -0.0035891402512788773 -0.005775644909590483 0.0012261313386261463
v -0.0032135697547346354 -0.0036450535990297794 0.0011038935044780374
v -0.0032393676228821278 -0.005978837609291077 0.0013350193621590734
v -0.0030693835578858852 -0.006067856680601835 0.0013832446420565248
v -0.0043151299469172955 -0.005199088249355555 0.0009491110104136169
v -0.0043205078691244125 -0.005248581990599632 0.0009522409527562559
v -0.003765805158764124 -0.004423254169523716 0.001032935339026153
v -0.0040599871426820755 -0.005454952362924814 0.0010578461224213243
v -0.003926729317754507 -0.005551647860556841 0.0011081101838499308
v -0.0047184475697577 -0.004892419092357159 0.0007746677147224545
v -0.004536113236099482 -0.005065933335572481 0.0008600272703915834
v -0.003765805158764124 -0.004423254169523716 0.001032935339026153
v -0.004390154965221882 -0.005192703101783991 0.0009237210033461452
v -0.0043151299469172955 -0.005199088249355555 0.0009491110104136169
v -0.00438087759539485 -0.005200760439038277 0.0009277694043703377
v -0.004339535254985094 -0.005233509466052055 0.000944528030231595
v -0.004875765647739172 -0.004739927127957344 0.000699999975040555
v -0.004834981169551611 -0.004781522788107395 0.000720112700946629
v -0.0042214589193463326 -0.0026727947406470776 0.000699999975040555
v -0.0038508453872054815 -0.003032936016097665 0.0008599150460213423
v -0.003932816907763481 -0.001760730636306107 0.000699999975040555
v -0.0031509248074144125 -0.0015198079636320472 0.0009115934371948242
v -0.0032514347694814205 -0.0012954429257661104 0.0008620037115179002
v -0.0032514347694814205 -0.0012954429257661104 0.0008620037115179002
v -0.003262482350692153 -0.0012639350024983287 0.0008557502878829837
v -0.003932816907763481 -0.001760730636306107 0.000699999975040555
v -0.003348470898345113 -0.0010186968138441443 0.0008070775656960905
v -0.0034221757669001818 -0.0007339702569879591 0.0007572945323772728
v -0.0034221757669001818 -0.0007339702569879591 0.0007572945323772728
v -0.0034293474163860083 -0.0006996969459578395 0.000751768471673131
v -0.003932816907763481 -0.001760730636306107 0.000699999975040555
v -0.003438492538407445 -0.0006428153719753027 0.0007433943101204932
v -0.003511285874992609 -0.00042875955114141107 0.000699999975040555
v -0.0034758474212139845 -0.00041046986007131636 0.0007091882289387286
v -0.0034833881072700024 -0.000340597762260586 0.000699999975040555
v -0.004834981169551611 -0.004781522788107395 0.000720112700946629
v -0.0047184475697577 -0.004892419092357159 0.0007746677147224545
v -0.0038508453872054815 -0.003032936016097665 0.0008599150460213423
v -0.003765805158764124 -0.004423254169523716 0.001032935339026153
v -0.0032135697547346354 -0.0036450535990297794 0.0011038935044780374
v -0.0036936465185135603 -0.0057063028216362 0.0011895959032699466
v -0.003657878376543522 -0.005730035714805126 0.0012021004222333431
v -0.0030693835578858852 -0.006067856680601835 0.0013832446420565248
v -0.0030617807060480118 -0.006071426905691624 0.001385196577757597
v -0.0032135697547346354 -0.0036450535990297794 0.0011038935044780374
v -0.0026590758934617043 -0.0028638194780796766 0.00116192945279181
v -0.0038508453872054815 -0.003032936016097665 0.0008599150460213423
v -0.002701961435377598 -0.0022208262234926224 0.001091748010367155
v -0.0028371992520987988 -0.0020494633354246616 0.0010435903677716851
v -0.0028371992520987988 -0.0020494633354246616 0.0010435903677716851
v -0.00297509110532701 -0.0018420683918520808 0.0009891903027892113
v -0.0038508453872054815 -0.003032936016097665 0.0008599150460213423
v -0.002987578045576811 -0.0018232875736430287 0.0009842639556154609
v -0.003131208708509803 -0.0015638197073712945 0.0009213209850713611
v -0.002108927583321929 -0.00279268529266119 0.001268506166525185
v -0.0022247082088142633 -0.0027019758708775043 0.0012384175788611174
v -0.0026590758934617043 -0.0028638194780796766 0.00116192945279181
v -0.002420079428702593 -0.0025264958385378122 0.0011826588306576014
v -0.002448506187647581 -0.0025009633973240852 0.001174545963294804
v -0.002448506187647581 -0.0025009633973240852 0.001174545963294804
v -0.0025844620540738106 -0.002355994889512658 0.001131095690652728
v -0.0026590758934617043 -0.0028638194780796766 0.00116192945279181
v -0.0026527633890509605 -0.0022831656970083714 0.0011092672357335687
v -0.002701961435377598 -0.0022208262234926224 0.001091748010367155
v -0.0013626876752823591 -0.004137056414037943 0.001499070436693728
v -0.0014252648688852787 -0.00319333141669631 0.0014122077263891697
v -0.0019437546143308282 -0.004559312015771866 0.0014538044342771173
v -0.0015595853328704834 -0.003131980076432228 0.001388642587698996
v -0.0015882623847573996 -0.0031188817229121923 0.0013836115831509233
v -0.0015882623847573996 -0.0031188817229121923 0.0013836115831509233
v -0.0018462706357240677 -0.00297342985868454 0.0013307330664247274
v -0.0019437546143308282 -0.004559312015771866 0.0014538044342771173
v -0.002056064549833536 -0.002830519573763013 0.0012813812354579568
v -0.002091087633743882 -0.0028066623490303755 0.0012731424067169428
v -0.0008018172229640186 -0.0034065411891788244 0.0015005443710833788
v -0.0008148174965754151 -0.003403831971809268 0.0014992592623457313
v -0.0007822311017662287 -0.0037120385095477104 0.001525944215245545
v -0.0009569792309775949 -0.0033634298015385866 0.0014815512113273144
v -0.0013626876752823591 -0.004137056414037943 0.001499070436693728
v -0.0010971113806590438 -0.0033236045856028795 0.0014640961308032274
v -0.0013173751067370176 -0.003242610488086939 0.0014311358099803329
v 0.0018261829391121864 -0.0029858089983463287 0.0013351294910535216
v 0.0015689063584432006 -0.003128663171082735 0.001387272379361093
v 0.0018164380453526974 -0.0065513006411492825 0.0016505835810676217
v 0.0015599160687997937 -0.003132697194814682 0.0013888290850445628
v 0.0013626876752823591 -0.004137056414037943 0.001499070436693728
v 0.0014253812842071056 -0.0031930645927786827 0.0014121237909421325
v 0.0012941497843712568 -0.0032519495580345392 0.0014348465483635664
v 0.0012941497843712568 -0.0032519495580345392 0.0014348465483635664
v 0.001017934293486178 -0.003348702797666192 0.00147474673576653
v 0.0013626876752823591 -0.004137056414037943 0.001499070436693728
v 0.000957344367634505 -0.0033645727671682835 0.0014818826457485557
v 0.0007822311017662287 -0.0037120385095477104 0.001525944215245545
v 0.0008024096023291349 -0.0034051539842039347 0.001500129932537675
v 0.0007543665706180036 -0.0034177377820014954 0.0015057880664244294
v 0.00317251100204885 -0.0014782334910705686 0.000901762570720166
v 0.003151009092107415 -0.0015196714084595442 0.0009115347056649625
v 0.0038508453872054815 -0.003032936016097665 0.0008599150460213423
v 0.003035186557099223 -0.0017428833525627851 0.0009641739306971431
v 0.002973213093355298 -0.0018409027252346277 0.0009893464157357812
v 0.002973213093355298 -0.0018409027252346277 0.0009893464157357812
v 0.002876064507290721 -0.001994555816054344 0.0010288063203915954
v 0.0038508453872054815 -0.003032936016097665 0.0008599150460213423
v 0.0027240109629929066 -0.0021976723801344633 0.0010847222292795777
v 0.002700982615351677 -0.002223846735432744 0.0010923873633146286
v 0.004492775071412325 -0.005104407202452421 0.0008792673470452428
v 0.004579789470881224 -0.0050264825113117695 0.0008403751417063177
v 0.0043151299469172955 -0.005199088249355555 0.0009491110104136169
v 0.004725138656795025 -0.004885759670287371 0.0007714391103945673
v 0.003765805158764124 -0.004423254169523716 0.001032935339026153
v 0.0038508453872054815 -0.003032936016097665 0.0008599150460213423
v 0.0032135697547346354 -0.0036450535990297794 0.0011038935044780374
v 0.002700982615351677 -0.002223846735432744 0.0010923873633146286
v 0.0026590758934617043 -0.0028638194780796766 0.00116192945279181
v 0.0025845470372587442 -0.002356188138946891 0.0011311438865959644
v 0.0025266860611736774 -0.002421953249722719 0.001150403288193047
v -0.000846752489451319 0.007175538223236799 0
v -0.0009692964958958328 0.007047372870147228 0
v -0.0016689070034772158 0.007311959285289049 0
v -0.00007498117338400334 0.007499624975025654 0
v -0.0002499299880582839 0.007476828992366791 0
v -0.0007201727130450308 0.007465343456715345 0
v -0.00041861578938551247 0.0074304454028606415 0
v -0.0009692964958958328 0.007047372870147228 0
v -0.0010731356451287866 0.006903152447193861 0
v -0.0016689070034772158 0.007311959285289049 0
v -0.0011079775867983699 0.006843548268079758 0
v -0.002590237883850932 0.007038513198494911 0
v -0.0011758137261494994 0.006700078956782818 0
v -0.00041861578938551247 0.0074304454028606415 0
v -0.0004885345115326345 0.0074034640565514565 0
v -0.0007201727130450308 0.007465343456715345 0
v -0.0006456223782151937 0.007324159145355225 0
v -0.0016689070034772158 0.007311959285289049 0
v -0.0007888783002272248 0.0072249360382556915 0
v -0.000846752489451319 0.007175538223236799 0
v -0.004893806297332048 -0.00521591491997242 0
v -0.0049955639988183975 -0.005542398896068335 -3.3881317890172014e-20
v -0.005004450678825378 -0.005543394945561886 0
v -0.005004450678825378 -0.005543394945561886 0
v -0.005013283342123032 -0.005542663857340813 0
v -0.004893806297332048 -0.00521591491997242 0
v -0.0050212787464261055 -0.0055402303114533424 4.901514554374313e-19
v -0.0050399634055793285 -0.005534542724490166 0
v -0.004893806297332048 -0.00521591491997242 0
v -0.005096765700727701 -0.0054993098601698875 1.5914609637614512e-18
v -0.005101382732391357 -0.005496376659721136 0
v -0.0050399634055793285 -0.005534542724490166 0
v -0.005044390447437763 -0.005532584618777037 0
v -0.004893806297332048 -0.00521591491997242 0
v -0.005070210434496403 -0.005516180768609047 1.1458275158616171e-19
v -0.005096765700727701 -0.0054993098601698875 1.5914609637614512e-18
v -0.007484590634703636 0.00048052665079012513 0
v -0.003218407044187188 0.00015957459982018918 0
v -0.0037382945884019136 -0.0015084954211488366 0
v -0.005101382732391357 -0.005496376659721136 0
v -0.005110426340252161 -0.00548890046775341 0
v -0.004893806297332048 -0.00521591491997242 0
v -0.005123194772750139 -0.005477488040924072 0
v -0.004778084810823202 -0.004844630602747202 0
v -0.007484590634703636 0.00048052665079012513 0
v -0.007361693773418665 0.0014336897293105721 0
v -0.003218407044187188 0.00015957459982018918 0
v -0.007117918226867914 0.002363311592489481 0
v -0.0026985255535691977 0.0018276465125381947 0
v -0.007117918226867914 -0.002363311592489481 0
v -0.007361693773418665 -0.0014336897293105721 0
v -0.0037382945884019136 -0.0015084954211488366 0
v -0.007484590634703636 -0.00048052665079012513 0
v -0.007484590634703636 0.00048052665079012513 0
v -0.0057108448818326 0.004861712921410799 0
v -0.0019967795815318823 0.004079282749444246 0
v -0.0062856609001755714 0.004091511946171522 0
v -0.0026985255535691977 0.0018276465125381947 0
v -0.006757266353815794 0.0032541281543672085 0
v -0.007117918226867914 0.002363311592489481 0
v -0.005123194772750139 -0.005477488040924072 0
v -0.0057108448818326 -0.004861712921410799 0
v -0.004778084810823202 -0.004844630602747202 0
v -0.0062856609001755714 -0.004091511946171522 0
v -0.0037382945884019136 -0.0015084954211488366 0
v -0.006757266353815794 -0.0032541281543672085 0
v -0.007117918226867914 -0.002363311592489481 0
v -0.0011758137261494994 0.006700078956782818 0
v -0.0011912707705050707 0.006659500300884247 0
v -0.002590237883850932 0.007038513198494911 0
v -0.0012053586542606354 0.006618426647037268 0
v -0.003469037124887109 0.006649494636803865 0
v -0.0014856423949822783 0.005719360895454884 0
v -0.004290875047445297 0.006151292007416487 0
v -0.0019967795815318823 0.004079282749444246 0
v -0.005042256787419319 0.005552085116505623 0
v -0.0057108448818326 0.004861712921410799 0
v 0.0009692964958958328 0.007047372870147228 0
v 0.0011969992192462087 0.0074038635939359665 0
v 0.0010731356451287866 0.006903152447193861 0
v 0.00213395687751472 0.0071900091134011745 0
v 0.0011912714689970016 0.006659498438239098 0
v 0.001175815355964005 0.006700074765831232 0
v 0.00213395687751472 0.0071900091134011745 0
v 0.0011079777032136917 0.006843548268079758 0
v 0.0010731356451287866 0.006903152447193861 0
v 0.0009692964958958328 0.007047372870147228 0
v 0.000846752489451319 0.007175538223236799 0
v 0.0011969992192462087 0.0074038635939359665 0
v 0.0007888783002272248 0.0072249360382556915 0
v 0.0006456223782151937 0.007324159145355225 0
v 0.0006456223782151937 0.007324159145355225 0
v 0.0004885345115326345 0.0074034640565514565 0
v 0.0011969992192462087 0.0074038635939359665 0
v 0.00041861578938551247 0.0074304454028606415 0
v 0.00024038682749960572 0.007496146485209465 0
v 0.0002499299880582839 0.007476828992366791 0
v 0.00007498117338400334 0.007499624975025654 0
v 0.0011912714689970016 0.006659498438239098 0
v 0.00213395687751472 0.0071900091134011745 0
v 0.0012053586542606354 0.006618426647037268 0
v 0.0030358750373125076 0.006858094595372677 0
v 0.0015607487875968218 0.005478365812450647 0
v 0.003887944156304002 0.0064135706052184105 0
v 0.0016015664441511035 0.00534739438444376 0
v 0.005096399690955877 -0.005498148966580629 5.512886832150302e-15
v 0.005069624166935682 -0.005518794059753418 1.1021642684616844e-14
v 0.004893806297332048 -0.00521591491997242 0
v 0.005068832542747259 -0.005519404541701078 0
v 0.0049955639988183975 -0.005542398896068335 6.776263578034403e-21
v 0.004893806297332048 -0.00521591491997242 0
v 0.005000651814043522 -0.005543235689401627 0
v 0.005001826677471399 -0.005543297156691551 3.1135933230377096e-16
v 0.004778084810823202 -0.004844630602747202 0
v 0.005387620069086552 -0.005217619240283966 0
v 0.004893806297332048 -0.00521591491997242 0
v 0.005123194772750139 -0.005477488040924072 0
v 0.005096399690955877 -0.005498148966580629 5.512886832150302e-15
v 0.003982043359428644 -0.0022905608639121056 0
v 0.007438424974679947 -0.0009590787230990827 0
v 0.007254711352288723 -0.0019024093635380268 0
v 0.005068832542747259 -0.005519404541701078 0
v 0.005058209411799908 -0.005524966400116682 7.1036341888516645e-15
v 0.004893806297332048 -0.00521591491997242 0
v 0.005043939221650362 -0.005532437935471535 1.6215058758732451e-15
v 0.0050397287122905254 -0.00553464237600565 0
v 0.0050397287122905254 -0.00553464237600565 0
v 0.005016793962568045 -0.005542036611586809 0
v 0.004893806297332048 -0.00521591491997242 0
v 0.0050035640597343445 -0.005543387960642576 0
v 0.005001826677471399 -0.005543297156691551 3.1135933230377096e-16
v 0.007438424974679947 -0.0009590787230990827 0
v 0.003982043359428644 -0.0022905608639121056 0
v 0.007499999832361937 -1.836970237518721e-18 0
v 0.003186012851074338 0.0002635123673826456 0
v 0.007438424974679947 0.0009590787230990827 0
v 0.0023937809746712446 0.0028054506983608007 0
v 0.006951875519007444 0.0028145024552941322 0
v 0.003186012851074338 0.0002635123673826456 0
v 0.007254711352288723 0.0019024093635380268 0
v 0.007438424974679947 0.0009590787230990827 0
v 0.005387620069086552 0.005217619240283966 0
v 0.006010602228343487 0.004485828801989555 0
v 0.0023937809746712446 0.0028054506983608007 0
v 0.00653489027172327 0.003680381691083312 0
v 0.006951875519007444 0.0028145024552941322 0
v 0.007254711352288723 -0.0019024093635380268 0
v 0.006951875519007444 -0.0028145024552941322 0
v 0.003982043359428644 -0.0022905608639121056 0
v 0.00653489027172327 -0.003680381691083312 0
v 0.004778084810823202 -0.004844630602747202 0
v 0.006010602228343487 -0.004485828801989555 0
v 0.005387620069086552 -0.005217619240283966 0
v 0.0016015664441511035 0.00534739438444376 0
v 0.003887944156304002 0.0064135706052184105 0
v 0.0023937809746712446 0.0028054506983608007 0
v 0.0046761734411120415 0.005863735917955637 0
v 0.005387620069086552 0.005217619240283966 0
v -0.00022722184075973928 0.006796202622354031 0.013199999928474426
v -0.0007201727130450308 0.007465343456715345 0.013199999928474426
v -0.0011310395784676075 0.0067052775993943214 0.013199999928474426
v -0.0016689070034772158 0.007311959285289049 0.013199999928474426
v -0.002014674013480544 0.00649469718337059 0.013199999928474426
v -0.002590237883850932 0.007038513198494911 0.013199999928474426
v -0.0028623563703149557 0.006168218329548836 0.013199999928474426
v -0.003469037124887109 0.006649494636803865 0.013199999928474426
v -0.0036589601077139378 0.0057316673919558525 0.013199999928474426
v -0.004290875047445297 0.006151292007416487 0.013199999928474426
v -0.00439026951789856 0.005192834883928299 0.013199999928474426
v -0.005042256787419319 0.005552085116505623 0.013199999928474426
v -0.005043234210461378 0.004561336245387793 0.013199999928474426
v -0.0057108448818326 0.004861712921410799 0.013199999928474426
v -0.005606202408671379 0.003848440246656537 0.013199999928474426
v -0.0062856609001755714 0.004091511946171522 0.013199999928474426
v -0.006069127935916185 0.00306686875410378 0.013199999928474426
v -0.006757266353815794 0.0032541281543672085 0.013199999928474426
v -0.006423749960958958 0.0022305690217763186 0.013199999928474426
v -0.007117918226867914 0.002363311592489481 0.013199999928474426
v -0.0066637396812438965 0.0013544646790251136 0.013199999928474426
v -0.007361693773418665 0.0014336897293105721 0.013199999928474426
v -0.00678481487557292 0.00045418989611789584 0.013199999928474426
v -0.007484590634703636 0.00048052665079012513 0.013199999928474426
v -0.00678481487557292 -0.00045418989611789584 0.013199999928474426
v -0.007484590634703636 -0.00048052665079012513 0.013199999928474426
v -0.0066637396812438965 -0.0013544646790251136 0.013199999928474426
v -0.007361693773418665 -0.0014336897293105721 0.013199999928474426
v -0.006423749960958958 -0.0022305690217763186 0.013199999928474426
v -0.007117918226867914 -0.002363311592489481 0.013199999928474426
v -0.006069127935916185 -0.00306686875410378 0.013199999928474426
v -0.006757266353815794 -0.0032541281543672085 0.013199999928474426
v -0.005606202408671379 -0.003848440246656537 0.013199999928474426
v -0.0062856609001755714 -0.004091511946171522 0.013199999928474426
v -0.005043234210461378 -0.004561336245387793 0.013199999928474426
v -0.0057108448818326 -0.004861712921410799 0.013199999928474426
v -0.00439026951789856 -0.005192834883928299 0.013199999928474426
v -0.005042256787419319 -0.005552085116505623 0.013199999928474426
v -0.0036589601077139378 -0.0057316673919558525 0.013199999928474426
v -0.004290875047445297 -0.006151292007416487 0.013199999928474426
v -0.0028623563703149557 -0.006168218329548836 0.013199999928474426
v -0.003469037124887109 -0.006649494636803865 0.013199999928474426
v -0.002014674013480544 -0.00649469718337059 0.013199999928474426
v -0.002590237883850932 -0.007038513198494911 0.013199999928474426
v -0.0011310395784676075 -0.0067052775993943214 0.013199999928474426
v -0.0016689070034772158 -0.007311959285289049 0.013199999928474426
v -0.00022722184075973928 -0.006796202622354031 0.013199999928474426
v -0.0016689070034772158 -0.007311959285289049 0.013199999928474426
v -0.0007201727130450308 -0.007465343456715345 0.013199999928474426
v -0.00022722184075973928 -0.006796202622354031 0.013199999928474426
v 0.00024038682749960572 -0.007496146485209465 0.013199999928474426
v 0.000680650700815022 -0.006765848957002163 0.013199999928474426
v 0.0011969992192462087 -0.0074038635939359665 0.013199999928474426
v 0.0015763770788908005 -0.006614759098738432 0.013199999928474426
v 0.00213395687751472 -0.0071900091134011745 0.013199999928474426
v 0.0024439727421849966 -0.006345628295093775 0.013199999928474426
v 0.0030358750373125076 -0.006858094595372677 0.013199999928474426
v 0.003267955966293812 -0.0059632593765854836 0.013199999928474426
v 0.003887944156304002 -0.0064135706052184105 0.013199999928474426
v 0.004033622331917286 -0.005474476143717766 0.013199999928474426
v 0.0046761734411120415 -0.005863735917955637 0.013199999928474426
v 0.004727308638393879 -0.004888000898063183 0.013199999928474426
v 0.005387620069086552 -0.005217619240283966 0.013199999928474426
v 0.005336635746061802 -0.004214299377053976 0.013199999928474426
v 0.006010602228343487 -0.004485828801989555 0.013199999928474426
v 0.0058507309295237064 -0.003465393092483282 0.013199999928474426
v 0.00653489027172327 -0.003680381691083312 0.013199999928474426
v 0.006260419264435768 -0.0026546469889581203 0.013199999928474426
v 0.006951875519007444 -0.0028145024552941322 0.013199999928474426
v 0.006558390334248543 -0.001796528697013855 0.013199999928474426
v 0.007254711352288723 -0.0019024093635380268 0.013199999928474426
v 0.006739326752722263 -0.0009063513134606183 0.013199999928474426
v 0.007438424974679947 -0.0009590787230990827 0.013199999928474426
v 0.006800000090152025 -1.6655196847742426e-18 0.013199999928474426
v 0.007499999832361937 0 0.013199999928474426
v 0.006739326752722263 0.0009063513134606183 0.013199999928474426
v 0.007438424974679947 0.0009590787230990827 0.013199999928474426
v 0.006558390334248543 0.001796528697013855 0.013199999928474426
v 0.007254711352288723 0.0019024093635380268 0.013199999928474426
v 0.006260419264435768 0.0026546469889581203 0.013199999928474426
v 0.006951875519007444 0.0028145024552941322 0.013199999928474426
v 0.0058507309295237064 0.003465393092483282 0.013199999928474426
v 0.00653489027172327 0.003680381691083312 0.013199999928474426
v 0.005336635746061802 0.004214299377053976 0.013199999928474426
v 0.006010602228343487 0.004485828801989555 0.013199999928474426
v 0.004727308638393879 0.004888000898063183 0.013199999928474426
v 0.005387620069086552 0.005217619240283966 0.013199999928474426
v 0.004033622331917286 0.005474476143717766 0.013199999928474426
v 0.0046761734411120415 0.005863735917955637 0.013199999928474426
v 0.003267955966293812 0.0059632593765854836 0.013199999928474426
v 0.003887944156304002 0.0064135706052184105 0.013199999928474426
v 0.0024439727421849966 0.006345628295093775 0.013199999928474426
v 0.0030358750373125076 0.006858094595372677 0.013199999928474426
v 0.0015763770788908005 0.006614759098738432 0.013199999928474426
v 0.00213395687751472 0.0071900091134011745 0.013199999928474426
v 0.000680650700815022 0.006765848957002163 0.013199999928474426
v 0.0011969992192462087 0.0074038635939359665 0.013199999928474426
v -0.00022722184075973928 0.006796202622354031 0.013199999928474426
v 0.00024038682749960572 0.007496146485209465 0.013199999928474426
v -0.0007201727130450308 0.007465343456715345 0.013199999928474426
v 0.0019545634277164936 0.007240834180265665 0.0018412754870951176
v 0.00213395687751472 0.0071900091134011745 0.0020976318046450615
v 0.00213395687751472 0.0071900091134011745 -8.012156199201413e-19
v -0.000556318205781281 0.0074793389067053795 0.0058373198844492435
v -0.0007199732353910804 0.007463306188583374 0.005787131376564503
v -0.0007201727130450308 0.007465343456715345 0.013199999928474426
v 0.004560758825391531 -0.005953946616500616 0.0002688753302209079
v 0.004676050506532192 -0.005863579455763102 0.0002171624219045043
v 0.0046761734411120415 -0.005863735917955637 0.013199999928474426
v 0.005071852821856737 -0.00552506186068058 0.000026399337002658285
v 0.005123194772750139 -0.005477488040924072 0
v 0.005387620069086552 -0.005217619240283966 -8.012156199201413e-19
v 0.0046761734411120415 -0.005863735917955637 0.013199999928474426
v 0.004676050506532192 -0.005863579455763102 0.0002171624219045043
v 0.005387620069086552 -0.005217619240283966 0.013199999928474426
v 0.004676050506532192 -0.005863579455763102 0.0002171624219045043
v 0.004692107904702425 -0.005850993096828461 0.00020995995146222413
v 0.005387620069086552 -0.005217619240283966 0.013199999928474426
v 0.0050187259912490845 -0.005573364440351725 0.00005330819476512261
v 0.005071852821856737 -0.00552506186068058 0.000026399337002658285
v 0.003686820389702916 -0.006531259976327419 0.0006065887864679098
v 0.003860203083604574 -0.006430305540561676 0.0005467048031277955
v 0.003887944156304002 -0.0064135706052184105 0.013199999928474426
v 0.003887489903718233 -0.006412859074771404 0.0005364508833736181
v 0.0046761734411120415 -0.005863735917955637 0.013199999928474426
v 0.00421683955937624 -0.006202278658747673 0.0004126874264329672
v 0.004560758825391531 -0.005953946616500616 0.0002688753302209079
v 0.002727189101278782 -0.006986590102314949 0.0008801835938356817
v 0.0029415388125926256 -0.006899083033204079 0.0008272263803519309
v 0.0030358750373125076 -0.006858094595372677 0.013199999928474426
v 0.0030349805019795895 -0.006856146734207869 0.0008013626211322844
v 0.003887944156304002 -0.0064135706052184105 0.013199999928474426
v 0.0033190282993018627 -0.006725626531988382 0.000722740835044533
v 0.003686820389702916 -0.006531259976327419 0.0006065887864679098
v 0.0011969992192462087 -0.0074038635939359665 0.013199999928474426
v 0.0011966743040829897 -0.007401688490062952 0.0011325941886752844
v 0.00213395687751472 -0.0071900091134011745 0.013199999928474426
v 0.001308038947172463 -0.007385054603219032 0.0011224932968616486
v 0.0017045659478753805 -0.007303728722035885 0.0010730120120570064
v 0.0017045659478753805 -0.007303728722035885 0.0010730120120570064
v 0.001950193545781076 -0.007242012303322554 0.0010354307014495134
v 0.00213395687751472 -0.0071900091134011745 0.013199999928474426
v 0.002133161760866642 -0.0071873473934829235 0.0010021605994552374
v 0.0030358750373125076 -0.006858094595372677 0.013199999928474426
v 0.002342196414247155 -0.0071248942986130714 0.0009641505312174559
v 0.002727189101278782 -0.006986590102314949 0.0008801835938356817
v 0.00024315941845998168 -0.007496057078242302 0.0011898328084498644
v 0.000646014406811446 -0.007472125813364983 0.00117533712182194
v 0.0011969992192462087 -0.0074038635939359665 0.013199999928474426
v 0.000906988512724638 -0.007444956339895725 0.0011588690103963017
v 0.0011966743040829897 -0.007401688490062952 0.0011325941886752844
v 0.00024315941845998168 -0.007496057078242302 0.0011898328084498644
v 0.0011969992192462087 -0.0074038635939359665 0.013199999928474426
v 0.00024038642004597932 -0.007496072445064783 0.0011898418888449669
v 0.00024038682749960572 -0.007496146485209465 0.013199999928474426
v -0.0001612900960026309 -0.0074982657097280025 0.001191168325021863
v -0.0007201727130450308 -0.007465343456715345 0.013199999928474426
v -0.0004608819435816258 -0.007485825568437576 0.001183635089546442
v -0.0016551910666748881 -0.007315076421946287 0.0010799202136695385
v -0.0012604395160451531 -0.007393327541649342 0.0011275216238573194
v -0.0016689070034772158 -0.007311959285289049 0.013199999928474426
v -0.0008622537716291845 -0.0074502695351839066 0.0011620913865044713
v -0.0007201727130450308 -0.007465343456715345 0.013199999928474426
v -0.0007199540850706398 -0.007462875451892614 0.0011697293957695365
v -0.0004608819435816258 -0.007485825568437576 0.001183635089546442
v -0.002484859200194478 -0.00707640266045928 0.000934678188059479
v -0.0020975738298147917 -0.0072007072158157825 0.001010280568152666
v -0.002590237883850932 -0.007038513198494911 0.013199999928474426
v -0.0020462332759052515 -0.007215464487671852 0.0010192652698606253
v -0.0016689070034772158 -0.007311959285289049 0.013199999928474426
v -0.0016688168980181217 -0.007311605382710695 0.0010778066935017705
v -0.0016551910666748881 -0.007315076421946287 0.0010799202136695385
v -0.0034674478229135275 -0.0066464366391301155 0.0006754419300705194
v -0.0032548937015235424 -0.006756897550076246 0.0007415248546749353
v -0.003469037124887109 -0.006649494636803865 0.013199999928474426
v -0.0028642374090850353 -0.0069315326400101185 0.000846846669446677
v -0.002590237883850932 -0.007038513198494911 0.013199999928474426
v -0.002589454874396324 -0.007036461494863033 0.000910462811589241
v -0.002484859200194478 -0.00707640266045928 0.000934678188059479
v -0.0034674478229135275 -0.0066464366391301155 0.0006754419300705194
v -0.003469037124887109 -0.006649494636803865 0.013199999928474426
v -0.0036589037626981735 -0.0065469397231936455 0.0006159183685667813
v -0.004290875047445297 -0.006151292007416487 0.013199999928474426
v -0.004013928584754467 -0.006335485726594925 0.0004907601978629827
v -0.005002656020224094 -0.005587793421000242 0.00006136677257018164
v -0.004686887376010418 -0.005855176132172346 0.00021234525775071234
v -0.005042256787419319 -0.005552085116505623 0.013199999928474426
v -0.004356641788035631 -0.006104889325797558 0.0003560104232747108
v -0.004290875047445297 -0.006151292007416487 0.013199999928474426
v -0.004289877600967884 -0.0061498116701841354 0.0003822610015049577
v -0.004013928584754467 -0.006335485726594925 0.0004907601978629827
v -0.0022524374071508646 0.007153776939958334 0.0044847093522548676
v -0.00235949014313519 0.007119185756891966 0.004226363729685545
v -0.002590237883850932 0.007038513198494911 0.013199999928474426
v -0.0016689070034772158 0.007311959285289049 0.013199999928474426
v -0.0016686484450474381 0.007310837972909212 0.005253489129245281
v -0.002590237883850932 0.007038513198494911 0.013199999928474426
v -0.001817707670852542 0.0072763958014547825 0.005116390064358711
v -0.001817707670852542 0.0072763958014547825 0.005116390064358711
v -0.001954594161361456 0.007240826264023781 0.004958724603056908
v -0.002590237883850932 0.007038513198494911 0.013199999928474426
v -0.0021171991247683764 0.007194961421191692 0.00472948607057333
v -0.0022524374071508646 0.007153776939958334 0.0044847093522548676
v -0.00235949014313519 0.007119185756891966 0.004226363729685545
v -0.0024373347405344248 0.007092911750078201 0.003956302534788847
v -0.002590237883850932 0.007038513198494911 0.013199999928474426
v -0.002484172349795699 0.007076643873006105 0.0036810028832405806
v -0.002500015078112483 0.007071062456816435 0.0034000000450760126
v -0.002500015078112483 0.007071062456816435 0.0034000000450760126
v -0.0024841686245054007 0.007076645269989967 0.0031189655419439077
v -0.002590237883850932 0.007038513198494911 -8.012156199201413e-19
v -0.0024373347405344248 0.007092911750078201 0.0028436975553631783
v -0.0024373347405344248 0.007092911750078201 0.0028436975553631783
v -0.0023594985250383615 0.007119182962924242 0.002573660109192133
v -0.002590237883850932 0.007038513198494911 -8.012156199201413e-19
v -0.0022524374071508646 0.007153776939958334 0.0023152907378971577
v -0.002117147669196129 0.007194976322352886 0.002070432296022773
v -0.0010847251396626234 0.007421143352985382 0.005652422085404396
v -0.001329729100689292 0.007381180301308632 0.005517040845006704
v -0.0016689070034772158 0.007311959285289049 0.013199999928474426
v -0.001558740041218698 0.007336234208196402 0.005354578606784344
v -0.0016686484450474381 0.007310837972909212 0.005253489129245281
v -0.0007201727130450308 0.007465343456715345 0.013199999928474426
v -0.0007199732353910804 0.007463306188583374 0.005787131376564503
v -0.0016689070034772158 0.007311959285289049 0.013199999928474426
v -0.000905763590708375 0.007445105351507664 0.00573015445843339
v -0.0010847251396626234 0.007421143352985382 0.005652422085404396
v 0.00024038682749960572 0.007496146485209465 0.013199999928474426
v -1.5901463257250725e-8 0.007499999832361937 0.005900000222027302
v -0.0007201727130450308 0.007465343456715345 0.013199999928474426
v -0.00027950992807745934 0.007494790013879538 0.005884327460080385
v -0.000556318205781281 0.0074793389067053795 0.0058373198844492435
v 0.0010846935911104083 0.007421148009598255 0.005652422085404396
v 0.0008250085520558059 0.007454486098140478 0.00575994374230504
v 0.0011969992192462087 0.0074038635939359665 0.013199999928474426
v 0.0005562864826060832 0.007479341235011816 0.0058373198844492435
v 0.00024038682749960572 0.007496146485209465 0.013199999928474426
v 0.00024038682749960572 0.007496146485209465 0.005888414569199085
v -1.5901463257250725e-8 0.007499999832361937 0.005900000222027302
v 0.00213395687751472 0.0071900091134011745 0.013199999928474426
v 0.0019545634277164936 0.007240834180265665 0.004958724603056908
v 0.0017685240600258112 0.007288506254553795 0.005166993942111731
v 0.0017685240600258112 0.007288506254553795 0.005166993942111731
v 0.0015587089583277702 0.007336240727454424 0.005354578606784344
v 0.00213395687751472 0.0071900091134011745 0.013199999928474426
v 0.0013831263640895486 0.007371360901743174 0.005482526961714029
v 0.0011969992192462087 0.0074038635939359665 0.013199999928474426
v 0.0011969992192462087 0.0074038635939359665 0.005594802089035511
v 0.0010846935911104083 0.007421148009598255 0.005652422085404396
v 0.002359579084441066 0.0071191564202308655 0.0025739760603755713
v 0.0024373047053813934 0.007092921994626522 0.0028436975553631783
v 0.0030358750373125076 0.006858094595372677 -8.012156199201413e-19
v 0.002484380966052413 0.007076570764183998 0.0031211157329380512
v 0.0024999850429594517 0.007071073167026043 0.0034000000450760126
v 0.00213395687751472 0.0071900091134011745 -8.012156199201413e-19
v 0.00213395687751472 0.0071900091134011745 0.0020976318046450615
v 0.0030358750373125076 0.006858094595372677 -8.012156199201413e-19
v 0.002252406906336546 0.007153786718845367 0.0023152907378971577
v 0.002359579084441066 0.0071191564202308655 0.0025739760603755713
v 0.0030358750373125076 0.006858094595372677 0.013199999928474426
v 0.0024843630380928516 0.007076576817780733 0.0036790433805435896
v 0.0024373047053813934 0.007092921994626522 0.003956302534788847
v 0.0024373047053813934 0.007092921994626522 0.003956302534788847
v 0.0023595793172717094 0.0071191564202308655 0.004226023331284523
v 0.0030358750373125076 0.006858094595372677 0.013199999928474426
v 0.002252406906336546 0.007153786718845367 0.0044847093522548676
v 0.00213395687751472 0.0071900091134011745 0.013199999928474426
v 0.00213395687751472 0.0071900091134011745 0.004702368285506964
v 0.0019545634277164936 0.007240834180265665 0.004958724603056908
v 0.0011969992192462087 0.0074038635939359665 -8.012156199201413e-19
v 0.0011967640602961183 0.007402450777590275 0.0012113830307498574
v 0.00213395687751472 0.0071900091134011745 -8.012156199201413e-19
v 0.0013832503464072943 0.007371337618678808 0.0013175555504858494
v 0.0013832503464072943 0.007371337618678808 0.0013175555504858494
v 0.0015587089583277702 0.007336240727454424 0.0014454212505370378
v 0.00213395687751472 0.0071900091134011745 -8.012156199201413e-19
v 0.0017682088073343039 0.007288582623004913 0.0016326904296875
v 0.0019545634277164936 0.007240834180265665 0.0018412754870951176
v 0.0005562864826060832 0.007479341235011816 0.0009626802057027817
v 0.0008248644298873842 0.007454501930624247 0.001040005823597312
v 0.0011969992192462087 0.0074038635939359665 -8.012156199201413e-19
v 0.0010846935911104083 0.007421148009598255 0.0011475778883323073
v 0.0011967640602961183 0.007402450777590275 0.0012113830307498574
v -0.000279694446362555 0.007494783028960228 0.0009156932937912643
v -1.5901463257250725e-8 0.007499999832361937 0.0008999999845400453
v -0.00002792671693896409 0.0074998605996370316 0
v -0.0007201727130450308 0.007465343456715345 -8.012156199201413e-19
v -0.000556318205781281 0.0074793389067053795 0.0009626802057027817
v -0.00007498117338400334 0.007499624975025654 0
v -0.000279694446362555 0.007494783028960228 0.0009156932937912643
v -0.000028542370273498818 0.00749985734000802 0
v -0.00002792671693896409 0.0074998605996370316 0
v 0.0005562864826060832 0.007479341235011816 0.0009626802057027817
v 0.0011969992192462087 0.0074038635939359665 -8.012156199201413e-19
v 0.00024038682749960572 0.007496146485209465 0.00091158552095294
v 0.00024038682749960572 0.007496146485209465 -8.012156199201413e-19
v -1.5901463257250725e-8 0.007499999832361937 0.0008999999845400453
v 0.00007498117338400334 0.007499624975025654 0
v 0.000028542399377329275 0.00749985734000802 0
v 0.000028542399377329275 0.00749985734000802 0
v 0.00002792671693896409 0.0074998605996370316 0
v -1.5901463257250725e-8 0.007499999832361937 0.0008999999845400453
v 2.576800264050133e-14 0.007499999832361937 0
v -0.00002792671693896409 0.0074998605996370316 0
v -0.001558740041218698 0.007336234208196402 0.0014454212505370378
v -0.0013301989529281855 0.007381095550954342 0.0012832543579861522
v -0.0016689070034772158 0.007311959285289049 -8.012156199201413e-19
v -0.002117147669196129 0.007194976322352886 0.002070432296022773
v -0.001954594161361456 0.007240826264023781 0.0018412754870951176
v -0.002590237883850932 0.007038513198494911 -8.012156199201413e-19
v -0.0018175853183493018 0.007276426535099745 0.0016834803391247988
v -0.0016689070034772158 0.007311959285289049 -8.012156199201413e-19
v -0.0016689070034772158 0.007311959285289049 0.001538602402433753
v -0.001558740041218698 0.007336234208196402 0.0014454212505370378
v -0.0013301989529281855 0.007381095550954342 0.0012832543579861522
v -0.0010847251396626234 0.007421143352985382 0.0011475778883323073
v -0.0016689070034772158 0.007311959285289049 -8.012156199201413e-19
v -0.0009057188290171325 0.007445110939443111 0.0010698279365897179
v -0.0007201727130450308 0.007465343456715345 -8.012156199201413e-19
v -0.0007201727130450308 0.007465343456715345 0.0010059711057692766
v -0.000556318205781281 0.0074793389067053795 0.0009626802057027817
v -0.002500015078112483 0.007071062456816435 0.0034000000450760126
v -0.002590237883850932 0.007038513198494911 -8.012156199201413e-19
v -0.002590237883850932 0.007038513198494911 0.013199999928474426
v -0.003469037124887109 0.006649494636803865 -8.012156199201413e-19
v -0.003469037124887109 0.006649494636803865 0.013199999928474426
v -0.004290875047445297 0.006151292007416487 -8.012156199201413e-19
v -0.004290875047445297 0.006151292007416487 0.013199999928474426
v -0.005042256787419319 0.005552085116505623 -8.012156199201413e-19
v -0.005042256787419319 0.005552085116505623 0.013199999928474426
v -0.0057108448818326 0.004861712921410799 -8.012156199201413e-19
v -0.0057108448818326 0.004861712921410799 0.013199999928474426
v -0.0062856609001755714 0.004091511946171522 -8.012156199201413e-19
v -0.0062856609001755714 0.004091511946171522 0.013199999928474426
v -0.006757266353815794 0.0032541281543672085 -8.012156199201413e-19
v -0.006757266353815794 0.0032541281543672085 0.013199999928474426
v -0.007117918226867914 0.002363311592489481 -8.012156199201413e-19
v -0.007117918226867914 0.002363311592489481 0.013199999928474426
v -0.007361693773418665 0.0014336897293105721 -8.012156199201413e-19
v -0.007361693773418665 0.0014336897293105721 0.013199999928474426
v -0.007484590634703636 0.00048052665079012513 -8.012156199201413e-19
v -0.007484590634703636 0.00048052665079012513 0.013199999928474426
v -0.007484590634703636 -0.00048052665079012513 -8.012156199201413e-19
v -0.007484590634703636 -0.00048052665079012513 0.013199999928474426
v -0.007361693773418665 -0.0014336897293105721 -8.012156199201413e-19
v -0.007361693773418665 -0.0014336897293105721 0.013199999928474426
v -0.007117918226867914 -0.002363311592489481 -8.012156199201413e-19
v -0.007117918226867914 -0.002363311592489481 0.013199999928474426
v -0.006757266353815794 -0.0032541281543672085 -8.012156199201413e-19
v -0.006757266353815794 -0.0032541281543672085 0.013199999928474426
v -0.0062856609001755714 -0.004091511946171522 -8.012156199201413e-19
v -0.0062856609001755714 -0.004091511946171522 0.013199999928474426
v -0.0057108448818326 -0.004861712921410799 -8.012156199201413e-19
v -0.0057108448818326 -0.004861712921410799 0.013199999928474426
v -0.005123194772750139 -0.005477488040924072 0
v -0.005042256787419319 -0.005552085116505623 0.013199999928474426
v -0.005041992757469416 -0.005551796406507492 0.000041340339521411806
v -0.005002656020224094 -0.005587793421000242 0.00006136677257018164
v 0.005071852821856737 -0.00552506186068058 0.000026399337002658285
v 0.005387620069086552 -0.005217619240283966 -8.012156199201413e-19
v 0.005387620069086552 -0.005217619240283966 0.013199999928474426
v 0.006010602228343487 -0.004485828801989555 -8.012156199201413e-19
v 0.006010602228343487 -0.004485828801989555 0.013199999928474426
v 0.00653489027172327 -0.003680381691083312 -8.012156199201413e-19
v 0.00653489027172327 -0.003680381691083312 0.013199999928474426
v 0.006951875519007444 -0.0028145024552941322 -8.012156199201413e-19
v 0.006951875519007444 -0.0028145024552941322 0.013199999928474426
v 0.007254711352288723 -0.0019024093635380268 -8.012156199201413e-19
v 0.007254711352288723 -0.0019024093635380268 0.013199999928474426
v 0.007438424974679947 -0.0009590787230990827 -8.012156199201413e-19
v 0.007438424974679947 -0.0009590787230990827 0.013199999928474426
v 0.007499999832361937 0 -8.012156199201413e-19
v 0.007499999832361937 0 0.013199999928474426
v 0.007438424974679947 0.0009590787230990827 -8.012156199201413e-19
v 0.007438424974679947 0.0009590787230990827 0.013199999928474426
v 0.007254711352288723 0.0019024093635380268 -8.012156199201413e-19
v 0.007254711352288723 0.0019024093635380268 0.013199999928474426
v 0.006951875519007444 0.0028145024552941322 -8.012156199201413e-19
v 0.006951875519007444 0.0028145024552941322 0.013199999928474426
v 0.00653489027172327 0.003680381691083312 -8.012156199201413e-19
v 0.00653489027172327 0.003680381691083312 0.013199999928474426
v 0.006010602228343487 0.004485828801989555 -8.012156199201413e-19
v 0.006010602228343487 0.004485828801989555 0.013199999928474426
v 0.005387620069086552 0.005217619240283966 -8.012156199201413e-19
v 0.005387620069086552 0.005217619240283966 0.013199999928474426
v 0.0046761734411120415 0.005863735917955637 -8.012156199201413e-19
v 0.0046761734411120415 0.005863735917955637 0.013199999928474426
v 0.003887944156304002 0.0064135706052184105 -8.012156199201413e-19
v 0.003887944156304002 0.0064135706052184105 0.013199999928474426
v 0.0030358750373125076 0.006858094595372677 -8.012156199201413e-19
v 0.0030358750373125076 0.006858094595372677 0.013199999928474426
v 0.0024999850429594517 0.007071073167026043 0.0034000000450760126
v 0.0024843630380928516 0.007076576817780733 0.0036790433805435896
v -0.00113294564653188 0.0028672374319285154 0.00027855351800099015
v -0.0009443425224162638 -0.0005885083228349686 0.0005638993461616337
v -0.0015272145392373204 -0.0014579712878912687 0.0005445217248052359
v 0.0008433600305579603 0.007171802222728729 2.553333615651354e-7
v 0.0009318169904872775 0.0070785158313810825 3.135230599582428e-7
v 0.0006015936378389597 -0.00016424786008428782 0.0005682895425707102
v 0.00451385322958231 -0.005919812247157097 0.00022200493549462408
v 0.00441754050552845 -0.005989591125398874 0.0002625765046104789
v 0.004414867144078016 -0.005732367746531963 0.00023444108956027776
v 0.002699306234717369 -0.006944932043552399 0.0008313811267726123
v 0.002483383985236287 -0.007022697012871504 0.0008788094273768365
v 0.0026895881164819 -0.0031795401591807604 0.0004634021024685353
v 0.0006394315278157592 -0.0074263447895646095 0.0011255519930273294
v 0.000570962205529213 -0.007430396042764187 0.0011280309408903122
v 0.0007557394565083086 -0.004044254310429096 0.0008492451743222773
v 0.0004141431418247521 -0.0074396743439137936 0.0011337086325511336
v -0.0007858716999180615 0.007221185602247715 2.3158496276209917e-7
v -0.0007450900739058852 0.007249576039612293 2.206217430966717e-7
v -0.00047355532296933234 -0.00007861200720071793 0.0005688369856216013
v -0.000028464321076171473 0.0074984291568398476 9.277700030452252e-8
v -0.000027850463084178045 0.0074984608218073845 9.141573542592596e-8
v -3.5728706659909903e-9 0.000044884156523039564 0.0005695206928066909
v -0.00041728047654032707 0.007426649332046509 1.621961871478561e-7
v -0.00026726105716079473 0.00746803218498826 1.520728432069518e-7
v -0.00016693866928108037 0.00003038304566871375 0.0005694461870007217
v -0.00024916257825680077 0.0074730245396494865 1.5085154814187263e-7
v -3.5728706659909903e-9 0.000044884156523039564 0.0005695206928066909
v -0.00007475275924662128 0.007495816797018051 1.4575896045698755e-7
v -0.000028464321076171473 0.0074984291568398476 9.277700030452252e-8
v -0.00047355532296933234 -0.00007861200720071793 0.0005688369856216013
v -0.0007450900739058852 0.007249576039612293 2.206217430966717e-7
v -0.00032693499815650284 -0.000011926777006010525 0.0005692197591997683
v -0.0007450900739058852 0.007249576039612293 2.206217430966717e-7
v -0.0006433769012801349 0.007320384029299021 1.9327848121974966e-7
v -0.00032693499815650284 -0.000011926777006010525 0.0005692197591997683
v -0.0005199284642003477 0.0073829530738294125 1.7445483990741195e-7
v -0.00016693866928108037 0.00003038304566871375 0.0005694461870007217
v -0.00048693997086957097 0.007399673108011484 1.694247089290002e-7
v -0.00041728047654032707 0.007426649332046509 1.621961871478561e-7
v -0.0010780206648632884 0.00688081094995141 5.01695353705145e-7
v -0.0010672915959730744 0.006899525411427021 4.753469795559795e-7
v -0.0006015902617946267 -0.00016424786008428782 0.000568289658986032
v -0.0010672915959730744 0.006899525411427021 4.753469795559795e-7
v -0.0009648495470173657 0.007043680176138878 3.352526221078733e-7
v -0.0006015902617946267 -0.00016424786008428782 0.000568289658986032
v -0.0009318169904872775 0.0070785158313810825 3.1352283258456737e-7
v -0.00047355532296933234 -0.00007861200720071793 0.0005688369856216013
v -0.0008433600305579603 0.007171802222728729 2.553332478782977e-7
v -0.0007858716999180615 0.007221185602247715 2.3158496276209917e-7
v -0.0007096691406331956 -0.00026327298837713897 0.0005675473948940635
v -0.0011671361280605197 0.006696606054902077 8.813823342279647e-7
v -0.001101442496292293 0.006839956622570753 5.592144702859514e-7
v -0.0009443425224162638 -0.0005885083228349686 0.0005638993461616337
v -0.00113294564653188 0.0028672374319285154 0.00027855351800099015
v -0.0007978344801813364 -0.00037011841777712107 0.0005665717180818319
v -0.0014743582578375936 0.0057158442214131355 0.000001417068347109307
v -0.001316170790232718 0.006224971264600754 0.000001298329834753531
v -0.00113294564653188 0.0028672374319285154 0.00027855351800099015
v -0.0011949699837714434 0.006615057121962309 0.0000012073541029167245
v -0.0007978344801813364 -0.00037011841777712107 0.0005665717180818319
v -0.001181802828796208 0.006656074430793524 0.000001024270773086755
v -0.0011795083992183208 0.006662415340542793 0.0000010019174396802555
v -0.002251011785119772 0.00026801807689480484 0.0002524646115489304
v -0.002388520399108529 0.002776199486106634 0.0000019272472400189145
v -0.001693163882009685 0.0015630429843440652 0.0002689814136829227
v -0.001984481932595372 0.004075450357049704 0.0000016876849713298725
v -0.0018542158650234342 0.004494343884289265 0.0000016185798585865996
v -0.0039754267781972885 -0.0023266563657671213 0.0000030105763926258078
v -0.003722513560205698 -0.0015134139684960246 0.0000028113811367802555
v -0.002806499833241105 -0.0010193103225901723 0.0002289101539645344
v -0.003722513560205698 -0.0015134139684960246 0.0000028113811367802555
v -0.0032036672346293926 0.00015498070570174605 0.000002443324774503708
v -0.002806499833241105 -0.0010193103225901723 0.0002289101539645344
v -0.0029195817187428474 0.0010684940498322248 0.000002256946800116566
v -0.002251011785119772 0.00026801807689480484 0.0002524646115489304
v -0.002684827195480466 0.0018233773298561573 0.0000021029331946920138
v -0.002388520399108529 0.002776199486106634 0.0000019272472400189145
v -0.002806499833241105 -0.0010193103225901723 0.0002289101539645344
v -0.0033595801796764135 -0.002300307620316744 0.00019828001677524298
v -0.0039754267781972885 -0.0023266563657671213 0.0000030105763926258078
v -0.003910187166184187 -0.0035763015039265156 0.00016056322783697397
v -0.004760231822729111 -0.004850195255130529 0.0000036286915019445587
v -0.004823447670787573 -0.00566471740603447 0.00007663929864065722
v -0.004875724203884602 -0.005221550818532705 0.0000037260747376421932
v -0.004951116628944874 -0.005556230898946524 0.0000151411095430376
v -0.004973523784428835 -0.005536016076803207 0.0000038095245145086665
v -0.0037722724955528975 -0.006418404169380665 0.0005143785965628922
v -0.00397272827103734 -0.006298632360994816 0.0004431945853866637
v -0.0038431482389569283 -0.004884201101958752 0.00032504164846614003
v -0.004311869852244854 -0.0060696848668158054 0.00030886760214343667
v -0.004414867144078016 -0.005732367746531963 0.00023444108956027776
v -0.004418242257088423 -0.005988976918160915 0.0002622497850097716
v -0.00453044893220067 -0.005903842393308878 0.00021307505085133016
v -0.0037722724955528975 -0.006418404169380665 0.0005143785965628922
v -0.0038431482389569283 -0.004884201101958752 0.00032504164846614003
v -0.0036213905550539494 -0.006508555728942156 0.0005679583991877735
v -0.003267814638093114 -0.0040335385128855705 0.0004013949364889413
v -0.0032215637620538473 -0.006716969422996044 0.0006931664538569748
v -0.0025726763997226954 -0.00533977011218667 0.0006978940800763667
v -0.002834942191839218 -0.006890294142067432 0.0007981513044796884
v -0.003267814638093114 -0.0040335385128855705 0.0004013949364889413
v -0.0031262238044291735 -0.00675971107557416 0.0007190554752014577
v -0.0032215637620538473 -0.006716969422996044 0.0006931664538569748
v -0.0019673150964081287 -0.004910660441964865 0.0007697062101215124
v -0.0018415950471535325 -0.007218908052891493 0.0009987133089452982
v -0.0020253476686775684 -0.007172008510679007 0.0009700114605948329
v -0.0020253476686775684 -0.007172008510679007 0.0009700114605948329
v -0.002076161792501807 -0.007157370448112488 0.0009610562119632959
v -0.0019673150964081287 -0.004910660441964865 0.0007697062101215124
v -0.002459469949826598 -0.007034050766378641 0.000885699933860451
v -0.0025726763997226954 -0.00533977011218667 0.0006978940800763667
v -0.002481912961229682 -0.007025458384305239 0.0008804669487290084
v -0.002834942191839218 -0.006890294142067432 0.0007981513044796884
v -0.0018415950471535325 -0.007218908052891493 0.0009987133089452982
v -0.0019673150964081287 -0.004910660441964865 0.0007697062101215124
v -0.0016383131733164191 -0.007270792033523321 0.0010304655879735947
v -0.001361265080049634 -0.004478985443711281 0.0008200620650313795
v -0.0012475964613258839 -0.007348350249230862 0.0010779061121866107
v -0.0007557394565083086 -0.004044254310429096 0.0008492451743222773
v -0.0008534700027666986 -0.007404733914881945 0.0011123550357297063
v -0.001361265080049634 -0.004478985443711281 0.0008200620650313795
v -0.001203365856781602 -0.007354677654802799 0.0010817721486091614
v -0.0012475964613258839 -0.007348350249230862 0.0010779061121866107
v -0.00041397978202439845 -0.00744160870090127 0.0011348851257935166
v -0.00045618184958584607 -0.007439867127686739 0.0011338177137076855
v -0.0007557394565083086 -0.004044254310429096 0.0008492451743222773
v -0.0005710117984563112 -0.007429712451994419 0.0011276142904534936
v -0.0008534700027666986 -0.007404733914881945 0.0011123550357297063
v -0.0002678390883374959 -0.007447640411555767 0.0011385816615074873
v -0.0007978344801813364 -0.00037011841777712107 0.0005665717180818319
v -0.0007096691406331956 -0.00026327298837713897 0.0005675473948940635
v -0.0011795083992183208 0.006662415340542793 0.0000010019174396802555
v -0.0011671361280605197 0.006696606054902077 8.813823342279647e-7
v -0.001101442496292293 0.006839956622570753 5.592144702859514e-7
v -0.0010780206648632884 0.00688081094995141 5.01695353705145e-7
v -0.0007096691406331956 -0.00026327298837713897 0.0005675473948940635
v -0.0006015902617946267 -0.00016424786008428782 0.000568289658986032
v -0.0002678390883374959 -0.007447640411555767 0.0011385816615074873
v -0.00047355532296933234 -0.00007861200720071793 0.0005688369856216013
v -0.00019907261594198644 -0.007450478617101908 0.0011403210228309035
v -0.00019907261594198644 -0.007450478617101908 0.0011403210228309035
v -0.00047355532296933234 -0.00007861200720071793 0.0005688369856216013
v -0.00015963982150424272 -0.007452106103301048 0.0011413184693083167
v -0.00032693499815650284 -0.000011926777006010525 0.0005692197591997683
v -0.0001318965805694461 -0.007451956160366535 0.0011412262683734298
v -0.00016693866928108037 0.00003038304566871375 0.0005694461870007217
v -0.00006573056452907622 -0.007451597601175308 0.0011410064762458205
v -3.5728706659909903e-9 0.000044884156523039564 0.0005695206928066909
v -7.28071336553171e-9 -0.007451241370290518 0.001140788197517395
v -7.28071336553171e-9 -0.007451241370290518 0.001140788197517395
v 0.00016693363431841135 0.00003038304566871375 0.0005694461287930608
v 0.00006573285645572469 -0.007450885139405727 0.0011405699187889695
v 0.00032693432876840234 -0.000011926777006010525 0.0005692196427844465
v 0.000131943728774786 -0.0074505265802145 0.0011403500102460384
v 0.0002678029704838991 -0.007448332849889994 0.001139006926678121
v 0.00024068354105111212 -0.007449937518686056 0.0011399888899177313
v 0.00047355826245620847 -0.00007861200720071793 0.0005688368692062795
v 0.00019908585818484426 -0.007450162898749113 0.001140126958489418
v 0.000131943728774786 -0.0074505265802145 0.0011403500102460384
v 0.001841018907725811 -0.007220813538879156 0.000999878509901464
v 0.0016871824627742171 -0.007259541191160679 0.0010235804365947843
v 0.001361265080049634 -0.004478985443711281 0.0008200620650313795
v 0.0016871824627742171 -0.007259541191160679 0.0010235804365947843
v 0.0012947098584845662 -0.007340153679251671 0.0010728950146585703
v 0.001361265080049634 -0.004478985443711281 0.0008200620650313795
v 0.0012034834362566471 -0.007353786379098892 0.001081225578673184
v 0.0007557394565083086 -0.004044254310429096 0.0008492451743222773
v 0.0008977490942925215 -0.007399476133286953 0.0011091441847383976
v 0.0006394315278157592 -0.0074263447895646095 0.0011255519930273294
v 0.0026895881164819 -0.0031795401591807604 0.0004634021024685353
v 0.002483383985236287 -0.007022697012871504 0.0008788094273768365
v 0.0021091634407639503 -0.0023213212843984365 0.000511085381731391
v 0.0023182732984423637 -0.007082161959260702 0.0009150767000392079
v 0.0019302929285913706 -0.007198339328169823 0.000986123806796968
v 0.0036490175407379866 -0.00649299006909132 0.0005586583283729851
v 0.003267814638093114 -0.0040335385128855705 0.0004013949364889413
v 0.0037657271604985 -0.006424820050597191 0.0005180541193112731
v 0.0038431482389569283 -0.004884201101958752 0.00032504164846614003
v 0.003820600686594844 -0.006392768584191799 0.0004989631706848741
v 0.0036490175407379866 -0.00649299006909132 0.0005586583283729851
v 0.0032850350253283978 -0.006685929838567972 0.0006744422134943306
v 0.003267814638093114 -0.0040335385128855705 0.0004013949364889413
v 0.0031271534971892834 -0.006758686155080795 0.0007184575661085546
v 0.0026895881164819 -0.0031795401591807604 0.0004634021024685353
v 0.0029114463832229376 -0.006858090404421091 0.0007785939960740507
v 0.002699306234717369 -0.006944932043552399 0.0008313811267726123
v 0.004414867144078016 -0.005732367746531963 0.00023444108956027776
v 0.00441754050552845 -0.005989591125398874 0.0002625765046104789
v 0.0038431482389569283 -0.004884201101958752 0.00032504164846614003
v 0.004173526540398598 -0.006166380364447832 0.00036536698462441564
v 0.003820600686594844 -0.006392768584191799 0.0004989631706848741
v 0.004967017564922571 -0.005541902966797352 0.000007107480541890254
v 0.004643827676773071 -0.0058175851590931416 0.00016327312914654613
v 0.004414867144078016 -0.005732367746531963 0.00023444108956027776
v 0.004531553015112877 -0.005905890837311745 0.0002140068681910634
v 0.00451385322958231 -0.005919812247157097 0.00022200493549462408
v 0.002806499833241105 -0.0010193103225901723 0.0002289101539645344
v 0.003965774551033974 -0.0022956314496695995 0.0000029933530640846584
v 0.003910187166184187 -0.0035763015039265156 0.00016056322783697397
v 0.00397444749251008 -0.0023235182743519545 0.0000030002886433067033
v 0.004760231822729111 -0.004850195255130529 0.0000036286915019445587
v 0.001693163882009685 0.0015630429843440652 0.0002689814136829227
v 0.0009443425224162638 -0.0005885083228349686 0.0005638993461616337
v 0.0015900530852377415 0.005343806464225054 0.0000014761005786567694
v 0.0015493162209168077 0.005474803037941456 0.000001455158894714259
v 0.0015900530852377415 0.005343806464225054 0.0000014761005786567694
v 0.0018542747711762786 0.004494155757129192 0.0000016232386315095937
v 0.001693163882009685 0.0015630429843440652 0.0002689814136829227
v 0.0023806917015463114 0.0028013712726533413 0.0000019163862816640176
v 0.002251011785119772 0.00026801807689480484 0.0002524646115489304
v 0.0029196443501859903 0.0010682947468012571 0.0000022605661342822714
v 0.002806499833241105 -0.0010193103225901723 0.0002289101539645344
v 0.003171338001266122 0.00025893872953020036 0.0000024212999960582238
v 0.003965774551033974 -0.0022956314496695995 0.0000029933530640846584
v 0.0011795083992183208 0.006662414874881506 0.0000010019181218012818
v 0.0011818035272881389 0.006656072102487087 0.0000010242790722259087
v 0.0007978345965966582 -0.00037011841777712107 0.0005665717180818319
v 0.0011949699837714434 0.006615057121962309 0.0000012073541029167245
v 0.0009443425224162638 -0.0005885083228349686 0.0005638993461616337
v 0.0013161730021238327 0.006225036922842264 0.0000012921150300826412
v 0.0015493162209168077 0.005474803037941456 0.000001455158894714259
v 0.0011795083992183208 0.006662414874881506 0.0000010019181218012818
v 0.0007978345965966582 -0.00037011841777712107 0.0005665717180818319
v 0.0011671377578750253 0.006696601863950491 8.813955219011405e-7
v 0.0007096707704477012 -0.00026327298837713897 0.0005675473948940635
v 0.001101442496292293 0.006839956622570753 5.592147545030457e-7
v 0.0009318169904872775 0.0070785158313810825 3.135230599582428e-7
v 0.0009648495470173657 0.0070436797104775906 3.352528779032582e-7
v 0.0006015936378389597 -0.00016424786008428782 0.0005682895425707102
v 0.0010672915959730744 0.006899525411427021 4.753472921947832e-7
v 0.0007096707704477012 -0.00026327298837713897 0.0005675473948940635
v 0.0010780206648632884 0.00688081094995141 5.016956379222393e-7
v 0.001101442496292293 0.006839956622570753 5.592147545030457e-7
v 0.00047355826245620847 -0.00007861200720071793 0.0005688368692062795
v 0.0007450900739058852 0.007249576039612293 2.2062178572923585e-7
v 0.0007858716999180615 0.007221185602247715 2.3158503381637274e-7
v 0.000131943728774786 -0.0074505265802145 0.0011403500102460384
v 0.00032693432876840234 -0.000011926777006010525 0.0005692196427844465
v 0.00047355826245620847 -0.00007861200720071793 0.0005688368692062795
v 0.0006433769012801349 0.007320384029299021 1.9327845279804023e-7
v 0.0007450900739058852 0.007249576039612293 2.2062178572923585e-7
v 0.00026726105716079473 0.00746803218498826 1.520727579418235e-7
v 0.00041728047654032707 0.007426649332046509 1.6219610188272782e-7
v 0.00016693363431841135 0.00003038304566871375 0.0005694461287930608
v 0.00048693997086957097 0.007399673108011484 1.694246236638719e-7
v 0.00032693432876840234 -0.000011926777006010525 0.0005692196427844465
v 0.0005199284642003477 0.0073829530738294125 1.744547830639931e-7
v 0.0006433769012801349 0.007320384029299021 1.9327845279804023e-7
v -7.28071336553171e-9 -0.007451241370290518 0.001140788197517395
v -3.5728706659909903e-9 0.000044884156523039564 0.0005695206928066909
v 0.00016693363431841135 0.00003038304566871375 0.0005694461287930608
v 0.00024916257825680077 0.0074730245396494865 1.5085147708759905e-7
v 0.00026726105716079473 0.00746803218498826 1.520727579418235e-7
v -0.000027850463084178045 0.0074984608218073845 9.141573542592596e-8
v 2.576800264050133e-14 0.007499999832361937 0
v -3.5728706659909903e-9 0.000044884156523039564 0.0005695206928066909
v 0.000027850463084178045 0.0074984608218073845 9.14157283204986e-8
v 0.00024916257825680077 0.0074730245396494865 1.5085147708759905e-7
v 0.00002846435018000193 0.0074984291568398476 9.277705714794138e-8
v 0.00007475275924662128 0.007495816797018051 1.4575893203527812e-7
v 0.0019302929285913706 -0.007198339328169823 0.000986123806796968
v 0.001841018907725811 -0.007220813538879156 0.000999878509901464
v 0.0021091634407639503 -0.0023213212843984365 0.000511085381731391
v 0.001361265080049634 -0.004478985443711281 0.0008200620650313795
v 0.0015272145392373204 -0.0014579712878912687 0.0005445217248052359
v 0.0007557394565083086 -0.004044254310429096 0.0008492451743222773
v -0.0002678390883374959 -0.007447640411555767 0.0011385816615074873
v -0.00041397978202439845 -0.00744160870090127 0.0011348851257935166
v -0.0007978344801813364 -0.00037011841777712107 0.0005665717180818319
v -0.0007557394565083086 -0.004044254310429096 0.0008492451743222773
v -0.0009443425224162638 -0.0005885083228349686 0.0005638993461616337
v -0.001361265080049634 -0.004478985443711281 0.0008200620650313795
v -0.0015272145392373204 -0.0014579712878912687 0.0005445217248052359
v -0.0019673150964081287 -0.004910660441964865 0.0007697062101215124
v -0.0021091634407639503 -0.0023213212843984365 0.000511085381731391
v -0.0025726763997226954 -0.00533977011218667 0.0006978940800763667
v -0.0026895881164819 -0.0031795401591807604 0.0004634021024685353
v -0.003267814638093114 -0.0040335385128855705 0.0004013949364889413
v -0.00453044893220067 -0.005903842393308878 0.00021307505085133016
v -0.004638661164790392 -0.005821738857775927 0.0001656510285101831
v -0.004414867144078016 -0.005732367746531963 0.00023444108956027776
v -0.004823447670787573 -0.00566471740603447 0.00007663929864065722
v -0.0038431482389569283 -0.004884201101958752 0.00032504164846614003
v -0.003910187166184187 -0.0035763015039265156 0.00016056322783697397
v -0.003267814638093114 -0.0040335385128855705 0.0004013949364889413
v -0.0033595801796764135 -0.002300307620316744 0.00019828001677524298
v -0.0026895881164819 -0.0031795401591807604 0.0004634021024685353
v -0.002806499833241105 -0.0010193103225901723 0.0002289101539645344
v -0.0021091634407639503 -0.0023213212843984365 0.000511085381731391
v -0.002251011785119772 0.00026801807689480484 0.0002524646115489304
v -0.0015272145392373204 -0.0014579712878912687 0.0005445217248052359
v -0.001693163882009685 0.0015630429843440652 0.0002689814136829227
v -0.00113294564653188 0.0028672374319285154 0.00027855351800099015
v -0.0018542158650234342 0.004494343884289265 0.0000016185798585865996
v -0.0014743582578375936 0.0057158442214131355 0.000001417068347109307
v 0.0007858716999180615 0.007221185602247715 2.3158503381637274e-7
v 0.0008433600305579603 0.007171802222728729 2.553333615651354e-7
v 0.00047355826245620847 -0.00007861200720071793 0.0005688368692062795
v 0.0006015936378389597 -0.00016424786008428782 0.0005682895425707102
v 0.0002678029704838991 -0.007448332849889994 0.001139006926678121
v 0.0007096707704477012 -0.00026327298837713897 0.0005675473948940635
v 0.0004141431418247521 -0.0074396743439137936 0.0011337086325511336
v 0.0007978345965966582 -0.00037011841777712107 0.0005665717180818319
v 0.0007557394565083086 -0.004044254310429096 0.0008492451743222773
v 0.0009443425224162638 -0.0005885083228349686 0.0005638993461616337
v 0.0015272145392373204 -0.0014579712878912687 0.0005445217248052359
v 0.001693163882009685 0.0015630429843440652 0.0002689814136829227
v 0.0021091634407639503 -0.0023213212843984365 0.000511085381731391
v 0.002251011785119772 0.00026801807689480484 0.0002524646115489304
v 0.0026895881164819 -0.0031795401591807604 0.0004634021024685353
v 0.002806499833241105 -0.0010193103225901723 0.0002289101539645344
v 0.003267814638093114 -0.0040335385128855705 0.0004013949364889413
v 0.003910187166184187 -0.0035763015039265156 0.00016056322783697397
v 0.0038431482389569283 -0.004884201101958752 0.00032504164846614003
v 0.004760231822729111 -0.004850195255130529 0.0000036286915019445587
v 0.004414867144078016 -0.005732367746531963 0.00023444108956027776
v 0.004875724203884602 -0.005221550818532705 0.0000037260747376421932
v 0.004967017564922571 -0.005541902966797352 0.000007107480541890254
v 0.004973523784428835 -0.005536016076803207 0.0000038095245145086665
v 7.938682294881696e-18 -0.0031999999191612005 0.008200000040233135
v 0.0003229392459616065 -0.0034850696101784706 0.008200000040233135
v 0.0006242890376597643 -0.0031385128386318684 0.008200000040233135
v 0.0009578204480931163 -0.0033663897775113583 0.008200000040233135
v 0.0012245869729667902 -0.002956414595246315 0.008200000040233135
v 0.0015600842889398336 -0.0031330715864896774 0.008200000040233135
v 0.0017778247129172087 -0.002660702681168914 0.008200000040233135
v 0.0021092211827635765 -0.0027930603828281164 0.008200000040233135
v 0.002262741792947054 -0.002262741792947054 0.008200000040233135
v 0.0025865312200039625 -0.002357934834435582 0.008200000040233135
v 0.002660702681168914 -0.0017778247129172087 0.008200000040233135
v 0.0029757600277662277 -0.0018425125163048506 0.008200000040233135
v 0.002956414595246315 -0.0012245869729667902 0.008200000040233135
v 0.003263652790337801 -0.001264345832169056 0.008200000040233135
v 0.0031385128386318684 -0.0006242890376597643 0.008200000040233135
v 0.0034404059406369925 -0.0006431232905015349 0.008200000040233135
v 0.0031999999191612005 -7.837739480177896e-19 0.008200000040233135
v 0.0035000001080334187 0 0.008200000040233135
v 0.0031385128386318684 0.0006242890376597643 0.008200000040233135
v 0.0034404059406369925 0.0006431232905015349 0.008200000040233135
v 0.002956414595246315 0.0012245869729667902 0.008200000040233135
v 0.003263652790337801 0.001264345832169056 0.008200000040233135
v 0.002660702681168914 0.0017778247129172087 0.008200000040233135
v 0.0029757600277662277 0.0018425125163048506 0.008200000040233135
v 0.002262741792947054 0.002262741792947054 0.008200000040233135
v 0.0025865312200039625 0.002357934834435582 0.008200000040233135
v 0.0017778247129172087 0.002660702681168914 0.008200000040233135
v 0.0021092211827635765 0.0027930603828281164 0.008200000040233135
v 0.0012245869729667902 0.002956414595246315 0.008200000040233135
v 0.0015600842889398336 0.0031330715864896774 0.008200000040233135
v 0.0006242890376597643 0.0031385128386318684 0.008200000040233135
v 0.0009578204480931163 0.0033663897775113583 0.008200000040233135
v 1.959434870044474e-19 0.0031999999191612005 0.008200000040233135
v 0.0009578204480931163 0.0033663897775113583 0.008200000040233135
v 0.0003229392459616065 0.0034850696101784706 0.008200000040233135
v 1.959434870044474e-19 0.0031999999191612005 0.008200000040233135
v -0.0003229392459616065 0.0034850696101784706 0.008200000040233135
v -0.0006242890376597643 0.0031385128386318684 0.008200000040233135
v -0.0009578204480931163 0.0033663897775113583 0.008200000040233135
v -0.0012245869729667902 0.002956414595246315 0.008200000040233135
v -0.0015600842889398336 0.0031330715864896774 0.008200000040233135
v -0.0017778247129172087 0.002660702681168914 0.008200000040233135
v -0.0021092211827635765 0.0027930603828281164 0.008200000040233135
v -0.002262741792947054 0.002262741792947054 0.008200000040233135
v -0.0025865312200039625 0.002357934834435582 0.008200000040233135
v -0.002660702681168914 0.0017778247129172087 0.008200000040233135
v -0.0029757600277662277 0.0018425125163048506 0.008200000040233135
v -0.002956414595246315 0.0012245869729667902 0.008200000040233135
v -0.003263652790337801 0.001264345832169056 0.008200000040233135
v -0.0031385128386318684 0.0006242890376597643 0.008200000040233135
v -0.0034404059406369925 0.0006431232905015349 0.008200000040233135
v -0.0031999999191612005 -2.450283923081623e-18 0.008200000040233135
v -0.0035000001080334187 4.286263818611965e-19 0.008200000040233135
v -0.0031385128386318684 -0.0006242890376597643 0.008200000040233135
v -0.0034404059406369925 -0.0006431232905015349 0.008200000040233135
v -0.002956414595246315 -0.0012245869729667902 0.008200000040233135
v -0.003263652790337801 -0.001264345832169056 0.008200000040233135
v -0.002660702681168914 -0.0017778247129172087 0.008200000040233135
v -0.0029757600277662277 -0.0018425125163048506 0.008200000040233135
v -0.002262741792947054 -0.002262741792947054 0.008200000040233135
v -0.0025865312200039625 -0.002357934834435582 0.008200000040233135
v -0.0017778247129172087 -0.002660702681168914 0.008200000040233135
v -0.0021092211827635765 -0.0027930603828281164 0.008200000040233135
v -0.0012245869729667902 -0.002956414595246315 0.008200000040233135
v -0.0015600842889398336 -0.0031330715864896774 0.008200000040233135
v -0.0006242890376597643 -0.0031385128386318684 0.008200000040233135
v -0.0009578204480931163 -0.0033663897775113583 0.008200000040233135
v 7.938682294881696e-18 -0.0031999999191612005 0.008200000040233135
v -0.0003229392459616065 -0.0034850696101784706 0.008200000040233135
v 0.0003229392459616065 -0.0034850696101784706 0.008200000040233135
v -0.00022955609892960638 -0.0019867822993546724 0.001424447982572019
v -0.00024096961715258658 -0.001984815578907728 0.0014239391312003136
v -0.00024017971009016037 -0.001976344268769026 0.007000000216066837
v 0.0020000000949949026 0 0.007000000216066837
v 0.001961570465937257 0.0003901806485373527 0.007000000216066837
v 0.0019986415281891823 0.00007370219827862456 0.001044270466081798
v 0.0018477591220289469 0.0007653668872080743 0.007000000216066837
v 0.0019325732719153166 0.0005149372154846787 0.001021339907310903
v 0.0019353413954377174 0.00047664676094427705 0.007000000216066837
v 0.0019401730969548225 0.00047827669186517596 0.0010228001046925783
v 0.001961570465937257 0.0003901806485373527 0.007000000216066837
v 0.0019780141301453114 0.0002957357792183757 0.0010300705907866359
v 0.0019986415281891823 0.00007370219827862456 0.001044270466081798
v 0.0016629392048344016 0.0011111404746770859 0.007000000216066837
v 0.001770314178429544 0.0009305845014750957 0.001020323601551354
v 0.0017624689498916268 0.0009249334107153118 0.007000000216066837
v 0.0017708472441881895 0.0009294167975895107 0.0010203111451119184
v 0.0018477591220289469 0.0007653668872080743 0.007000000216066837
v 0.001862861099652946 0.0007278383709490299 0.001018158975057304
v 0.0019325732719153166 0.0005149372154846787 0.001021339907310903
v 0.0014906789874657989 0.001321040210314095 0.007000000216066837
v 0.0015249112620949745 0.0012940809829160571 0.0010385692585259676
v 0.0016629392048344016 0.0011111404746770859 0.007000000216066837
v 0.0016547555569559336 0.0011232916731387377 0.0010275118984282017
v 0.001770314178429544 0.0009305845014750957 0.001020323601551354
v 0.0014142135623842478 0.0014142135623842478 0.007000000216066837
v 0.0013707609614357352 0.001456370227970183 0.0010538292117416859
v 0.0014906789874657989 0.001321040210314095 0.007000000216066837
v 0.001495622331276536 0.0013249163748696446 0.0010414686985313892
v 0.0015249112620949745 0.0012940809829160571 0.0010385692585259676
v 0.001134395250119269 0.0016438545426353812 0.007000000216066837
v 0.00119804497808218 0.0016014643479138613 0.0010722930310294032
v 0.0014142135623842478 0.0014142135623842478 0.007000000216066837
v 0.0013174782507121563 0.0015011316863819957 0.001059525297023356
v 0.0013707609614357352 0.001456370227970183 0.0010538292117416859
v 0.0008138802368193865 0.001826909719966352 0.001106834039092064
v 0.0008689856040291488 0.0017986064776778221 0.0011029031593352556
v 0.001134395250119269 0.0016438545426353812 0.007000000216066837
v 0.0008689856040291488 0.0017986064776778221 0.0011029031593352556
v 0.0010108364513143897 0.0017257489962503314 0.0010927842231467366
v 0.001134395250119269 0.0016438545426353812 0.007000000216066837
v 0.001021270058117807 0.0017188224010169506 0.0010916423052549362
v 0.0010735344840213656 0.0016841249307617545 0.0010859215399250388
v 0.0010735344840213656 0.0016841249307617545 0.0010859215399250388
v 0.0011227905051782727 0.0016514245653524995 0.0010805301135405898
v 0.001134395250119269 0.0016438545426353812 0.007000000216066837
v 0.0011345632374286652 0.0016436087898910046 0.0010792415123432875
v 0.00119804497808218 0.0016014643479138613 0.0010722930310294032
v 0.00024017971009016037 0.001976344268769026 0.007000000216066837
v 0.00024068479251582175 0.0019826716743409634 0.001120947883464396
v 0.0002481176343280822 0.001981619978323579 0.001120870467275381
v 0.00024017971009016037 0.001976344268769026 0.007000000216066837
v 0.0002481176343280822 0.001981619978323579 0.001120870467275381
v 0.0003901806485373527 0.001961570465937257 0.007000000216066837
v 0.0006036630365997553 0.0019067225512117147 0.0011148826451972127
v 0.0007077546324580908 0.0018652355065569282 0.007000000216066837
v 0.0004825887444894761 0.0019378595752641559 0.0011174450628459454
v 0.0003901806485373527 0.001961570465937257 0.007000000216066837
v 0.0003911077801603824 0.0019613858312368393 0.0011193811660632491
v 0.0002481176343280822 0.001981619978323579 0.001120870467275381
v 0.001134395250119269 0.0016438545426353812 0.007000000216066837
v 0.0011111404746770859 0.0016629392048344016 0.007000000216066837
v 0.0008138802368193865 0.001826909719966352 0.001106834039092064
v 0.0007653668872080743 0.0018477591220289469 0.007000000216066837
v 0.0007080872892402112 0.0018670759163796902 0.0011108845937997103
v 0.0007077546324580908 0.0018652355065569282 0.007000000216066837
v 0.0006909959483891726 0.0018735650228336453 0.0011115389643236995
v 0.0006036630365997553 0.0019067225512117147 0.0011148826451972127
v 1.2246468422454102e-19 0.0020000000949949026 0.007000000216066837
v -0.00024017971009016037 0.001976344268769026 0.007000000216066837
v -0.00024094221589621156 0.001983851660043001 0.0011210519587621093
v -0.00024094221589621156 0.001983851660043001 0.0011210519587621093
v -0.00005820307706017047 0.001999152824282646 0.001122141839005053
v 1.2246468422454102e-19 0.0020000000949949026 0.007000000216066837
v -1.7455288059409213e-7 0.0019975504837930202 0.001122028799727559
v 0.00024017971009016037 0.001976344268769026 0.007000000216066837
v 0.00016844854690134525 0.001992893638089299 0.0011217001592740417
v 0.00024068479251582175 0.0019826716743409634 0.001120947883464396
v -0.0006924888584762812 0.0018751814495772123 0.0011118889087811112
v -0.0004958431818522513 0.001937560155056417 0.0011174982646480203
v -0.0007077546324580908 0.0018652355065569282 0.007000000216066837
v -0.0004837320593651384 0.0019399428274482489 0.001117682084441185
v -0.0003901806485373527 0.001961570465937257 0.007000000216066837
v -0.0002750683343037963 0.0019809941295534372 0.001120848348364234
v -0.00024017971009016037 0.001976344268769026 0.007000000216066837
v -0.00024874418159015477 0.0019831983372569084 0.0011210053926333785
v -0.00024094221589621156 0.001983851660043001 0.0011210519587621093
v -0.0011350871063768864 0.0016445718938484788 0.0010792348766699433
v -0.001124177360907197 0.0016527211992070079 0.001080425106920302
v -0.001134395250119269 0.0016438545426353812 0.007000000216066837
v -0.0011052407789975405 0.0016668661264702678 0.0010824910132214427
v -0.00107354496140033 0.0016854444984346628 0.0010855362052097917
v -0.00107354496140033 0.0016854444984346628 0.0010855362052097917
v -0.0010177325457334518 0.0017181587172672153 0.001090898411348462
v -0.001134395250119269 0.0016438545426353812 0.007000000216066837
v -0.0009143846109509468 0.0017787356628105044 0.0011008275905624032
v -0.0011111404746770859 0.0016629392048344016 0.007000000216066837
v -0.0008694081916473806 0.0017987844767048955 0.0011031604371964931
v -0.0007653668872080743 0.0018477591220289469 0.007000000216066837
v -0.0007116795750334859 0.00186909397598356 0.0011113414075225592
v -0.0007077546324580908 0.0018652355065569282 0.007000000216066837
v -0.000709165062289685 0.0018698915373533964 0.0011114131193608046
v -0.0006924888584762812 0.0018751814495772123 0.0011118889087811112
v -0.0011350871063768864 0.0016445718938484788 0.0010792348766699433
v -0.001134395250119269 0.0016438545426353812 0.007000000216066837
v -0.0012847768375650048 0.0015327584696933627 0.0010629044845700264
v -0.0014142135623842478 0.0014142135623842478 0.007000000216066837
v -0.0013178042136132717 0.0015020053833723068 0.0010594699997454882
v -0.0016629392048344016 0.0011111404746770859 0.007000000216066837
v -0.0015840372070670128 0.0012209939304739237 0.0010332580422982574
v -0.0014906789874657989 0.001321040210314095 0.007000000216066837
v -0.001494753290899098 0.0013242845889180899 0.0010416459990665317
v -0.0014142135623842478 0.0014142135623842478 0.007000000216066837
v -0.0014373582089319825 0.0013906836975365877 0.0010470381239429116
v -0.0013178042136132717 0.0015020053833723068 0.0010594699997454882
v -0.0019353413954377174 0.00047664676094427705 0.007000000216066837
v -0.0018959889421239495 0.0006365737644955516 0.0010188622400164604
v -0.0018477591220289469 0.0007653668872080743 0.007000000216066837
v -0.0018133338307961822 0.00084369454998523 0.001018748851493001
v -0.0017624689498916268 0.0009249334107153118 0.007000000216066837
v -0.0017683616606518626 0.0009280872764065862 0.0010208708699792624
v -0.0016629392048344016 0.0011111404746770859 0.007000000216066837
v -0.0017115557566285133 0.0010346869239583611 0.0010235513327643275
v -0.0015840372070670128 0.0012209939304739237 0.0010332580422982574
v -0.0020000000949949026 2.4492936844908204e-19 0.007000000216066837
v -0.0019909210968762636 0.00019035127479583025 0.0010361524764448404
v -0.001961570465937257 0.0003901806485373527 0.007000000216066837
v -0.001955412793904543 0.00041995319770649076 0.0010244619334116578
v -0.0019353413954377174 0.00047664676094427705 0.007000000216066837
v -0.0019394957926124334 0.000477976311231032 0.0010229620384052396
v -0.0018959889421239495 0.0006365737644955516 0.0010188622400164604
v -0.0019413168774917722 -0.00047852369607426226 0.0011018799850717187
v -0.001983606955036521 -0.0002555452811066061 0.0010748235508799553
v -0.0020000000949949026 2.4492936844908204e-19 0.007000000216066837
v -0.001983606955036521 -0.0002555452811066061 0.0010748235508799553
v -0.001999744214117527 -0.00003198585181962699 0.001052860519848764
v -0.0020000000949949026 2.4492936844908204e-19 0.007000000216066837
v -0.0019984773825854063 -6.031458354982533e-8 0.0010504614328965545
v -0.0019909210968762636 0.00019035127479583025 0.0010361524764448404
v -0.0020000000949949026 2.4492936844908204e-19 0.007000000216066837
v -0.001961570465937257 -0.0003901806485373527 0.007000000216066837
v -0.0019413168774917722 -0.00047852369607426226 0.0011018799850717187
v -0.0019353413954377174 -0.00047664676094427705 0.007000000216066837
v -0.0019394253613427281 -0.0004884968511760235 0.0011030901223421097
v -0.0018477591220289469 -0.0007653668872080743 0.007000000216066837
v -0.0018728087889030576 -0.000701845739968121 0.0011337398318573833
v -0.0018728087889030576 -0.000701845739968121 0.0011337398318573833
v -0.0018477591220289469 -0.0007653668872080743 0.007000000216066837
v -0.0017820072825998068 -0.0009079922456294298 0.0011676899157464504
v -0.0017624689498916268 -0.0009249334107153118 0.007000000216066837
v -0.0017698646988719702 -0.000928836758248508 0.0011715497821569443
v -0.0014906789874657989 -0.001321040210314095 0.007000000216066837
v -0.0014952467754483223 -0.001324582495726645 0.001250136410817504
v -0.0015344050480052829 -0.001282809884287417 0.0012407208560034633
v -0.0014906789874657989 -0.001321040210314095 0.007000000216066837
v -0.0015344050480052829 -0.001282809884287417 0.0012407208560034633
v -0.0016629392048344016 -0.0011111404746770859 0.007000000216066837
v -0.0016672327183187008 -0.0011044145794585347 0.001204105792567134
v -0.0017624689498916268 -0.0009249334107153118 0.007000000216066837
v -0.0016688532195985317 -0.0011022380786016583 0.0012036589905619621
v -0.0017698646988719702 -0.000928836758248508 0.0011715497821569443
v -0.0007985294214449823 -0.001831238390877843 0.0013807143550366163
v -0.0008531661005690694 -0.001808871398679912 0.001373941428028047
v -0.001134395250119269 -0.0016438545426353812 0.007000000216066837
v -0.0008531661005690694 -0.001808871398679912 0.001373941428028047
v -0.0008535723900422454 -0.0018087051576003432 0.0013738911366090178
v -0.001134395250119269 -0.0016438545426353812 0.007000000216066837
v -0.0009066648199222982 -0.0017798675689846277 0.0013654822250828147
v -0.0010525514371693134 -0.0017006279667839408 0.0013423764612525702
v -0.0010525514371693134 -0.0017006279667839408 0.0013423764612525702
v -0.0011176741681993008 -0.001655064057558775 0.0013302980223670602
v -0.001134395250119269 -0.0016438545426353812 0.007000000216066837
v -0.0011343370424583554 -0.0016434056451544166 0.0013272075448185205
v -0.0014142135623842478 -0.0014142135623842478 0.007000000216066837
v -0.001236923155374825 -0.0015716301277279854 0.0013081806246191263
v -0.0014906789874657989 -0.001321040210314095 0.007000000216066837
v -0.0013791691744700074 -0.0014484102139249444 0.0012780472170561552
v -0.0014952467754483223 -0.001324582495726645 0.001250136410817504
v -0.0005207501235418022 -0.0019282010616734624 0.001408953801728785
v -0.0006597876781597733 -0.0018880360294133425 0.0013979130890220404
v -0.0007077546324580908 -0.0018652355065569282 0.007000000216066837
v -0.00024017971009016037 -0.001976344268769026 0.007000000216066837
v -0.00024096961715258658 -0.001984815578907728 0.0014239391312003136
v -0.0003901806485373527 -0.001961570465937257 0.007000000216066837
v -0.0003576792369130999 -0.001964704366400838 0.0014187352498993278
v -0.0007077546324580908 -0.0018652355065569282 0.007000000216066837
v -0.0004486569669097662 -0.001949027180671692 0.0014146786415949464
v -0.0005207501235418022 -0.0019282010616734624 0.001408953801728785
v -0.001134395250119269 -0.0016438545426353812 0.007000000216066837
v -0.0011111404746770859 -0.0016629392048344016 0.007000000216066837
v -0.0007985294214449823 -0.001831238390877843 0.0013807143550366163
v -0.0007653668872080743 -0.0018477591220289469 0.007000000216066837
v -0.0007084285607561469 -0.0018681236542761326 0.001391883473843336
v -0.0007077546324580908 -0.0018652355065569282 0.007000000216066837
v -0.0006671392475254834 -0.0018850264605134726 0.0013970017898827791
v -0.0006597876781597733 -0.0018880360294133425 0.0013979130890220404
v 0.0002408115688012913 -0.0019837869331240654 0.0014236642746254802
v 0.00020623569434974343 -0.0019893383141607046 0.0014250949025154114
v 0.00024017971009016037 -0.001976344268769026 0.007000000216066837
v 0.00018144171917811036 -0.00199052388779819 0.0014253930421546102
v 4.961676641096213e-18 -0.0020000000949949026 0.007000000216066837
v 0.00018144171917811036 -0.00199052388779819 0.0014253930421546102
v 2.960661049655755e-8 -0.0019991984590888023 0.001427574665285647
v 4.961676641096213e-18 -0.0020000000949949026 0.007000000216066837
v -0.00001548176987853367 -0.00199994002468884 0.0014277612790465355
v -0.00024017971009016037 -0.001976344268769026 0.007000000216066837
v -0.00018168051610700786 -0.00198972481302917 0.0014251889660954475
v -0.00022955609892960638 -0.0019867822993546724 0.001424447982572019
v 0.0006670509465038776 -0.0018853009678423405 0.0013971090083941817
v 0.0006641272339038551 -0.0018865140154957771 0.0013974769972264767
v 0.0007077546324580908 -0.0018652355065569282 0.007000000216066837
v 0.0006641272339038551 -0.0018865140154957771 0.0013974769972264767
v 0.0005206542555242777 -0.0019283088622614741 0.0014089848846197128
v 0.0007077546324580908 -0.0018652355065569282 0.007000000216066837
v 0.00045291156857274473 -0.0019480428891256452 0.001414418569765985
v 0.0003901806485373527 -0.001961570465937257 0.007000000216066837
v 0.0004268682678230107 -0.0019539149943739176 0.0014159656129777431
v 0.00024017971009016037 -0.001976344268769026 0.007000000216066837
v 0.0003574728616513312 -0.001965056639164686 0.0014188371133059263
v 0.0002408115688012913 -0.0019837869331240654 0.0014236642746254802
v 0.0008664634078741074 -0.001802565180696547 0.0013720067217946053
v 0.001134395250119269 -0.0016438545426353812 0.007000000216066837
v 0.0009063851903192699 -0.0017805789830163121 0.0013656292576342821
v 0.0010602278634905815 -0.0016958528431132436 0.001341052819043398
v 0.0007653668872080743 -0.0018477591220289469 0.007000000216066837
v 0.0007983792456798255 -0.0018308131257072091 0.0013805772177875042
v 0.0007077546324580908 -0.0018652355065569282 0.007000000216066837
v 0.000708423089236021 -0.0018681357614696026 0.001391901052556932
v 0.0006670509465038776 -0.0018853009678423405 0.0013971090083941817
v 0.0008664634078741074 -0.001802565180696547 0.0013720067217946053
v 0.0008530207560397685 -0.0018081425223499537 0.0013736989349126816
v 0.001134395250119269 -0.0016438545426353812 0.007000000216066837
v 0.0007983792456798255 -0.0018308131257072091 0.0013805772177875042
v 0.0011111404746770859 -0.0016629392048344016 0.007000000216066837
v 0.0007653668872080743 -0.0018477591220289469 0.007000000216066837
v 0.0014146635076031089 -0.0014137635007500648 0.0012699539074674249
v 0.00124709727242589 -0.001563569065183401 0.0013061403296887875
v 0.0014906789874657989 -0.001321040210314095 0.007000000216066837
v 0.0014906789874657989 -0.001321040210314095 0.007000000216066837
v 0.00124709727242589 -0.001563569065183401 0.0013061403296887875
v 0.0014142135623842478 -0.0014142135623842478 0.007000000216066837
v 0.001134316436946392 -0.001643405994400382 0.0013272110372781754
v 0.001134395250119269 -0.0016438545426353812 0.007000000216066837
v 0.0011175739346072078 -0.0016552578890696168 0.0013303390005603433
v 0.0010602278634905815 -0.0016958528431132436 0.001341052819043398
v 0.0016629392048344016 -0.0011111404746770859 0.007000000216066837
v 0.0015654991148039699 -0.0012446737382560968 0.0012325901770964265
v 0.0014906789874657989 -0.001321040210314095 0.007000000216066837
v 0.0014946336159482598 -0.0013241153210401535 0.0012501443270593882
v 0.0014146635076031089 -0.0014137635007500648 0.0012699539074674249
v 0.0018477591220289469 -0.0007653668872080743 0.007000000216066837
v 0.0018005195306614041 -0.0008707062806934118 0.0011612309608608484
v 0.0017624689498916268 -0.0009249334107153118 0.007000000216066837
v 0.0017686180071905255 -0.0009281734237447381 0.0011716580484062433
v 0.0016629392048344016 -0.0011111404746770859 0.007000000216066837
v 0.0016911968123167753 -0.0010676390957087278 0.0011969631304964423
v 0.0015654991148039699 -0.0012446737382560968 0.0012325901770964265
v 0.0019986415281891823 0.00007370219827862456 0.001044270466081798
v 0.0020000000949949026 3.858065668153887e-16 0.0010501380311325192
v 0.0020000000949949026 0 0.007000000216066837
v 0.001987277762964368 -0.0002252269332529977 0.001071546575985849
v 0.001961570465937257 -0.0003901806485373527 0.007000000216066837
v 0.0019496429013088346 -0.0004459735646378249 0.0010975244222208858
v 0.0019353413954377174 -0.00047664676094427705 0.007000000216066837
v 0.0019403476035222411 -0.00047818850725889206 0.0011020186357200146
v 0.0018477591220289469 -0.0007653668872080743 0.007000000216066837
v 0.0018875377718359232 -0.0006612119032070041 0.0011275518918409944
v 0.0018005195306614041 -0.0008707062806934118 0.0011612309608608484
v 0.0010203529382124543 -0.00006606090755667537 0.0012228217674419284
v 0.0011345632374286652 0.0016436087898910046 0.0010792415123432875
v 0.0011227905051782727 0.0016514245653524995 0.0010805301135405898
v 0.001134316436946392 -0.001643405994400382 0.0013272110372781754
v 0.00124709727242589 -0.001563569065183401 0.0013061403296887875
v 0.001308032195083797 -0.00013377066352404654 0.0011857834178954363
v 0.0014146635076031089 -0.0014137635007500648 0.0012699539074674249
v 0.0014946336159482598 -0.0013241153210401535 0.0012501443270593882
v 0.0014946336159482598 -0.0013241153210401535 0.0012501443270593882
v 0.0015654991148039699 -0.0012446737382560968 0.0012325901770964265
v 0.001308032195083797 -0.00013377066352404654 0.0011857834178954363
v 0.0016911968123167753 -0.0010676390957087278 0.0011969631304964423
v 0.0017686180071905255 -0.0009281734237447381 0.0011716580484062433
v 0.0017686180071905255 -0.0009281734237447381 0.0011716580484062433
v 0.0018005195306614041 -0.0008707062806934118 0.0011612309608608484
v 0.001308032195083797 -0.00013377066352404654 0.0011857834178954363
v 0.0018875377718359232 -0.0006612119032070041 0.0011275518918409944
v 0.0019403476035222411 -0.00047818850725889206 0.0011020186357200146
v 0.0019403476035222411 -0.00047818850725889206 0.0011020186357200146
v 0.0019496429013088346 -0.0004459735646378249 0.0010975244222208858
v 0.001308032195083797 -0.00013377066352404654 0.0011857834178954363
v 0.001987277762964368 -0.0002252269332529977 0.001071546575985849
v 0.0020000000949949026 3.858065668153887e-16 0.0010501380311325192
v 0.0020000000949949026 3.858065668153887e-16 0.0010501380311325192
v 0.0019986415281891823 0.00007370219827862456 0.001044270466081798
v 0.001308032195083797 -0.00013377066352404654 0.0011857834178954363
v 0.0019780141301453114 0.0002957357792183757 0.0010300705907866359
v 0.0019401730969548225 0.00047827669186517596 0.0010228001046925783
v 0.0019401730969548225 0.00047827669186517596 0.0010228001046925783
v 0.0019325732719153166 0.0005149372154846787 0.001021339907310903
v 0.001308032195083797 -0.00013377066352404654 0.0011857834178954363
v 0.001862861099652946 0.0007278383709490299 0.001018158975057304
v 0.0017708472441881895 0.0009294167975895107 0.0010203111451119184
v 0.0017708472441881895 0.0009294167975895107 0.0010203111451119184
v 0.001770314178429544 0.0009305845014750957 0.001020323601551354
v 0.001308032195083797 -0.00013377066352404654 0.0011857834178954363
v 0.0016547555569559336 0.0011232916731387377 0.0010275118984282017
v 0.0015249112620949745 0.0012940809829160571 0.0010385692585259676
v 0.0015249112620949745 0.0012940809829160571 0.0010385692585259676
v 0.001495622331276536 0.0013249163748696446 0.0010414686985313892
v 0.001308032195083797 -0.00013377066352404654 0.0011857834178954363
v 0.0013707609614357352 0.001456370227970183 0.0010538292117416859
v 0.0013174782507121563 0.0015011316863819957 0.001059525297023356
v 0.001134316436946392 -0.001643405994400382 0.0013272110372781754
v 0.001308032195083797 -0.00013377066352404654 0.0011857834178954363
v 0.0011175739346072078 -0.0016552578890696168 0.0013303390005603433
v 0.0013174782507121563 0.0015011316863819957 0.001059525297023356
v 0.0010203529382124543 -0.00006606090755667537 0.0012228217674419284
v 0.00119804497808218 0.0016014643479138613 0.0010722930310294032
v 0.0011345632374286652 0.0016436087898910046 0.0010792415123432875
v 0.0006670509465038776 -0.0018853009678423405 0.0013971090083941817
v 0.000708423089236021 -0.0018681357614696026 0.001391901052556932
v 0.0007924907840788364 -0.00003767520684050396 0.001248004613444209
v 0.0007983792456798255 -0.0018308131257072091 0.0013805772177875042
v 0.001021270058117807 0.0017188224010169506 0.0010916423052549362
v 0.0008530207560397685 -0.0018081425223499537 0.0013736989349126816
v 0.0010735344840213656 0.0016841249307617545 0.0010859215399250388
v 0.0008664634078741074 -0.001802565180696547 0.0013720067217946053
v 0.0011227905051782727 0.0016514245653524995 0.0010805301135405898
v 0.0009063851903192699 -0.0017805789830163121 0.0013656292576342821
v 0.0010203529382124543 -0.00006606090755667537 0.0012228217674419284
v 0.0010602278634905815 -0.0016958528431132436 0.001341052819043398
v 0.0011175739346072078 -0.0016552578890696168 0.0013303390005603433
v 0.0006137206801213324 -0.000028036954972776584 0.0012605957454070449
v 0.0008689856040291488 0.0017986064776778221 0.0011029031593352556
v 0.0008138802368193865 0.001826909719966352 0.001106834039092064
v 0.001021270058117807 0.0017188224010169506 0.0010916423052549362
v 0.0010108364513143897 0.0017257489962503314 0.0010927842231467366
v 0.0007924907840788364 -0.00003767520684050396 0.001248004613444209
v 0.0008689856040291488 0.0017986064776778221 0.0011029031593352556
v 0.0006670509465038776 -0.0018853009678423405 0.0013971090083941817
v 0.0006137206801213324 -0.000028036954972776584 0.0012605957454070449
v 0.0006641272339038551 -0.0018865140154957771 0.0013974769972264767
v 0.0005206542555242777 -0.0019283088622614741 0.0014089848846197128
v 0.0004771302919834852 -0.00000799421286501456 0.001266009989194572
v 0.0003574728616513312 -0.001965056639164686 0.0014188371133059263
v 0.0004268682678230107 -0.0019539149943739176 0.0014159656129777431
v 0.0008138802368193865 0.001826909719966352 0.001106834039092064
v 0.0007080872892402112 0.0018670759163796902 0.0011108845937997103
v 0.0006137206801213324 -0.000028036954972776584 0.0012605957454070449
v 0.0006909959483891726 0.0018735650228336453 0.0011115389643236995
v 0.0005206542555242777 -0.0019283088622614741 0.0014089848846197128
v 0.0004771302919834852 -0.00000799421286501456 0.001266009989194572
v 0.00045291156857274473 -0.0019480428891256452 0.001414418569765985
v 0.0004268682678230107 -0.0019539149943739176 0.0014159656129777431
v 0.0002481176343280822 0.001981619978323579 0.001120870467275381
v 0.00025050766998901963 -1.3057557168849598e-7 0.001272461493499577
v 0.0003911077801603824 0.0019613858312368393 0.0011193811660632491
v 0.0004825887444894761 0.0019378595752641559 0.0011174450628459454
v 0.0006909959483891726 0.0018735650228336453 0.0011115389643236995
v 0.0006036630365997553 0.0019067225512117147 0.0011148826451972127
v 0.0004771302919834852 -0.00000799421286501456 0.001266009989194572
v 0.0004825887444894761 0.0019378595752641559 0.0011174450628459454
v 0.0003574728616513312 -0.001965056639164686 0.0014188371133059263
v 0.00025050766998901963 -1.3057557168849598e-7 0.001272461493499577
v 0.0002408115688012913 -0.0019837869331240654 0.0014236642746254802
v 0.00020623569434974343 -0.0019893383141607046 0.0014250949025154114
v 0.00020623569434974343 -0.0019893383141607046 0.0014250949025154114
v 0.00025050766998901963 -1.3057557168849598e-7 0.001272461493499577
v 0.00018144171917811036 -0.00199052388779819 0.0014253930421546102
v 0.0002481176343280822 0.001981619978323579 0.001120870467275381
v 2.960661049655755e-8 -0.0019991984590888023 0.001427574665285647
v 0.00024068479251582175 0.0019826716743409634 0.001120947883464396
v 0.00016844854690134525 0.001992893638089299 0.0011217001592740417
v -0.00010481714707566425 8.074864581431029e-7 0.0012744864216074347
v -1.7455288059409213e-7 0.0019975504837930202 0.001122028799727559
v -0.00005820307706017047 0.001999152824282646 0.001122141839005053
v 0.00016844854690134525 0.001992893638089299 0.0011217001592740417
v -1.7455288059409213e-7 0.0019975504837930202 0.001122028799727559
v 2.960661049655755e-8 -0.0019991984590888023 0.001427574665285647
v -0.00010481714707566425 8.074864581431029e-7 0.0012744864216074347
v -0.00001548176987853367 -0.00199994002468884 0.0014277612790465355
v -0.00018168051610700786 -0.00198972481302917 0.0014251889660954475
v -0.0003576792369130999 -0.001964704366400838 0.0014187352498993278
v -0.00024096961715258658 -0.001984815578907728 0.0014239391312003136
v -0.00025063531938940287 -0.0000013327908163773827 0.0012725506676360965
v -0.00005820307706017047 0.001999152824282646 0.001122141839005053
v -0.00024094221589621156 0.001983851660043001 0.0011210519587621093
v -0.00010481714707566425 8.074864581431029e-7 0.0012744864216074347
v -0.00024874418159015477 0.0019831983372569084 0.0011210053926333785
v -0.00018168051610700786 -0.00198972481302917 0.0014251889660954475
v -0.00025063531938940287 -0.0000013327908163773827 0.0012725506676360965
v -0.00022955609892960638 -0.0019867822993546724 0.001424447982572019
v -0.00024096961715258658 -0.001984815578907728 0.0014239391312003136
v -0.00024874418159015477 0.0019831983372569084 0.0011210053926333785
v -0.0002750683343037963 0.0019809941295534372 0.001120848348364234
v -0.00025063531938940287 -0.0000013327908163773827 0.0012725506676360965
v -0.0004837320593651384 0.0019399428274482489 0.001117682084441185
v -0.0003576792369130999 -0.001964704366400838 0.0014187352498993278
v -0.00042594154365360737 -0.000010599779670883436 0.0012682416709139943
v -0.0004486569669097662 -0.001949027180671692 0.0014146786415949464
v -0.0005207501235418022 -0.0019282010616734624 0.001408953801728785
v -0.0006924888584762812 0.0018751814495772123 0.0011118889087811112
v -0.000709165062289685 0.0018698915373533964 0.0011114131193608046
v -0.0006142294150777161 -0.00002648477857292164 0.0012604480143636465
v -0.0004837320593651384 0.0019399428274482489 0.001117682084441185
v -0.0004958431818522513 0.001937560155056417 0.0011174982646480203
v -0.00042594154365360737 -0.000010599779670883436 0.0012682416709139943
v -0.0006924888584762812 0.0018751814495772123 0.0011118889087811112
v -0.0005207501235418022 -0.0019282010616734624 0.001408953801728785
v -0.0006142294150777161 -0.00002648477857292164 0.0012604480143636465
v -0.0006597876781597733 -0.0018880360294133425 0.0013979130890220404
v -0.0006671392475254834 -0.0018850264605134726 0.0013970017898827791
v -0.000709165062289685 0.0018698915373533964 0.0011114131193608046
v -0.0007116795750334859 0.00186909397598356 0.0011113414075225592
v -0.0006142294150777161 -0.00002648477857292164 0.0012604480143636465
v -0.0008694081916473806 0.0017987844767048955 0.0011031604371964931
v -0.0006671392475254834 -0.0018850264605134726 0.0013970017898827791
v -0.0007925255340524018 -0.0000376558346033562 0.001247999956831336
v -0.0007084285607561469 -0.0018681236542761326 0.001391883473843336
v -0.0007985294214449823 -0.001831238390877843 0.0013807143550366163
v -0.00107354496140033 0.0016854444984346628 0.0010855362052097917
v -0.0011052407789975405 0.0016668661264702678 0.0010824910132214427
v -0.0009648691629990935 -0.000059613012126646936 0.0012298509245738387
v -0.001124177360907197 0.0016527211992070079 0.001080425106920302
v -0.0009066648199222982 -0.0017798675689846277 0.0013654822250828147
v -0.0008694081916473806 0.0017987844767048955 0.0011031604371964931
v -0.0009143846109509468 0.0017787356628105044 0.0011008275905624032
v -0.0007925255340524018 -0.0000376558346033562 0.001247999956831336
v -0.0010177325457334518 0.0017181587172672153 0.001090898411348462
v -0.0007985294214449823 -0.001831238390877843 0.0013807143550366163
v -0.00107354496140033 0.0016854444984346628 0.0010855362052097917
v -0.0008531661005690694 -0.001808871398679912 0.001373941428028047
v -0.0009648691629990935 -0.000059613012126646936 0.0012298509245738387
v -0.0008535723900422454 -0.0018087051576003432 0.0013738911366090178
v -0.0009066648199222982 -0.0017798675689846277 0.0013654822250828147
v -0.0011343370424583554 -0.0016434056451544166 0.0013272075448185205
v -0.0011176741681993008 -0.001655064057558775 0.0013302980223670602
v -0.0011970046907663345 -0.0003956489672418684 0.0012226923136040568
v -0.0010525514371693134 -0.0017006279667839408 0.0013423764612525702
v -0.0009066648199222982 -0.0017798675689846277 0.0013654822250828147
v -0.0015344050480052829 -0.001282809884287417 0.0012407208560034633
v -0.0014952467754483223 -0.001324582495726645 0.001250136410817504
v -0.0011970046907663345 -0.0003956489672418684 0.0012226923136040568
v -0.0014952467754483223 -0.001324582495726645 0.001250136410817504
v -0.0013791691744700074 -0.0014484102139249444 0.0012780472170561552
v -0.0011970046907663345 -0.0003956489672418684 0.0012226923136040568
v -0.001236923155374825 -0.0015716301277279854 0.0013081806246191263
v -0.0011343370424583554 -0.0016434056451544166 0.0013272075448185205
v -0.0014373582089319825 0.0013906836975365877 0.0010470381239429116
v -0.001494753290899098 0.0013242845889180899 0.0010416459990665317
v -0.0011970046907663345 -0.0003956489672418684 0.0012226923136040568
v -0.001124177360907197 0.0016527211992070079 0.001080425106920302
v -0.0011350871063768864 0.0016445718938484788 0.0010792348766699433
v -0.0009066648199222982 -0.0017798675689846277 0.0013654822250828147
v -0.0012847768375650048 0.0015327584696933627 0.0010629044845700264
v -0.0011970046907663345 -0.0003956489672418684 0.0012226923136040568
v -0.0013178042136132717 0.0015020053833723068 0.0010594699997454882
v -0.0014373582089319825 0.0013906836975365877 0.0010470381239429116
v -0.001494753290899098 0.0013242845889180899 0.0010416459990665317
v -0.0015840372070670128 0.0012209939304739237 0.0010332580422982574
v -0.0011970046907663345 -0.0003956489672418684 0.0012226923136040568
v -0.0017115557566285133 0.0010346869239583611 0.0010235513327643275
v -0.0017683616606518626 0.0009280872764065862 0.0010208708699792624
v -0.0017683616606518626 0.0009280872764065862 0.0010208708699792624
v -0.0018133338307961822 0.00084369454998523 0.001018748851493001
v -0.0011970046907663345 -0.0003956489672418684 0.0012226923136040568
v -0.0018959889421239495 0.0006365737644955516 0.0010188622400164604
v -0.0019394957926124334 0.000477976311231032 0.0010229620384052396
v -0.0019394957926124334 0.000477976311231032 0.0010229620384052396
v -0.001955412793904543 0.00041995319770649076 0.0010244619334116578
v -0.0011970046907663345 -0.0003956489672418684 0.0012226923136040568
v -0.0019909210968762636 0.00019035127479583025 0.0010361524764448404
v -0.0019984773825854063 -6.031458354982533e-8 0.0010504614328965545
v -0.0019984773825854063 -6.031458354982533e-8 0.0010504614328965545
v -0.001999744214117527 -0.00003198585181962699 0.001052860519848764
v -0.0011970046907663345 -0.0003956489672418684 0.0012226923136040568
v -0.001983606955036521 -0.0002555452811066061 0.0010748235508799553
v -0.0019413168774917722 -0.00047852369607426226 0.0011018799850717187
v -0.0017820072825998068 -0.0009079922456294298 0.0011676899157464504
v -0.0017698646988719702 -0.000928836758248508 0.0011715497821569443
v -0.0011970046907663345 -0.0003956489672418684 0.0012226923136040568
v -0.0019413168774917722 -0.00047852369607426226 0.0011018799850717187
v -0.0019394253613427281 -0.0004884968511760235 0.0011030901223421097
v -0.0011970046907663345 -0.0003956489672418684 0.0012226923136040568
v -0.0018728087889030576 -0.000701845739968121 0.0011337398318573833
v -0.0017820072825998068 -0.0009079922456294298 0.0011676899157464504
v -0.0017698646988719702 -0.000928836758248508 0.0011715497821569443
v -0.0016688532195985317 -0.0011022380786016583 0.0012036589905619621
v -0.0011970046907663345 -0.0003956489672418684 0.0012226923136040568
v -0.0016672327183187008 -0.0011044145794585347 0.001204105792567134
v -0.0015344050480052829 -0.001282809884287417 0.0012407208560034633
v 0.002499994821846485 0.002449495019391179 0.0007269115303643048
v 0.002499994821846485 0.002449495019391179 0.005900000222027302
v 0.002499994123354554 0.0027676739264279604 0.000699999975040555
v 0.0024999866727739573 0.0063237701542675495 0.005900000222027302
v 0.0024999866727739573 0.0063237701542675495 0.000699999975040555
v 0.0029999869875609875 0.006102465093135834 0.005900000222027302
v 0.00299999606795609 0.0018027819460257888 0.005900000222027302
v 0.0029999869875609875 0.006102465093135834 0.000699999975040555
v 0.00299999606795609 0.0018027819460257888 0.000699999975040555
v 0.0029999869875609875 0.006102465093135834 0.005900000222027302
v 0.0024999866727739573 0.0063237701542675495 0.005900000222027302
v 0.002499994821846485 0.002449495019391179 0.005900000222027302
v 0.002499994821846485 0.002449495019391179 0.005900000222027302
v 0.0025865312200039625 0.002357934834435582 0.005900000222027302
v 0.0029999869875609875 0.006102465093135834 0.005900000222027302
v 0.0029757600277662277 0.0018425125163048506 0.005900000222027302
v 0.00299999606795609 0.0018027819460257888 0.005900000222027302
v -0.0025000134482979774 0.0063237594440579414 0.000699999975040555
v -0.0025000134482979774 0.0063237594440579414 0.005900000222027302
v -0.002500005764886737 0.0027676369063556194 0.000699999975040555
v -0.0025000052992254496 0.0024494845420122147 0.005900000222027302
v -0.0025000052992254496 0.0024494845420122147 0.0007269097259268165
v -0.0030000037513673306 0.0018027692567557096 0.005900000222027302
v -0.003000012831762433 0.006102452054619789 0.005900000222027302
v -0.0030000037513673306 0.0018027692567557096 0.000699999975040555
v -0.003000012831762433 0.006102452054619789 0.000699999975040555
v -0.0030000037513673306 0.0018027692567557096 0.005900000222027302
v -0.0029757600277662277 0.0018425125163048506 0.005900000222027302
v -0.003000012831762433 0.006102452054619789 0.005900000222027302
v -0.0025865312200039625 0.002357934834435582 0.005900000222027302
v -0.0028623563703149557 0.006168218329548836 0.005900000222027302
v -0.0025000052992254496 0.0024494845420122147 0.005900000222027302
v -0.0025000134482979774 0.0063237594440579414 0.005900000222027302
v -0.002437334507703781 0.006899994798004627 0.0028436975553631783
v -0.0022524367086589336 0.0068999952636659145 0.0023152907378971577
v -0.0023594985250383615 0.007119182962924242 0.002573660109192133
v -0.0019545932300388813 0.006899995729327202 0.0018412754870951176
v -0.002117147669196129 0.007194976322352886 0.002070432296022773
v -0.0022524367086589336 0.0068999952636659145 0.0023152907378971577
v -0.0022524374071508646 0.007153776939958334 0.0023152907378971577
v -0.0023594985250383615 0.007119182962924242 0.002573660109192133
v -0.001558740041218698 0.007336234208196402 0.0014454212505370378
v -0.0016689070034772158 0.007311959285289049 0.001538602402433753
v -0.0015587391098961234 0.0068999966606497765 0.0014454212505370378
v -0.0018175853183493018 0.007276426535099745 0.0016834803391247988
v -0.0019545932300388813 0.006899995729327202 0.0018412754870951176
v -0.001954594161361456 0.007240826264023781 0.0018412754870951176
v -0.002117147669196129 0.007194976322352886 0.002070432296022773
v -0.001558740041218698 0.007336234208196402 0.0014454212505370378
v -0.0015587391098961234 0.0068999966606497765 0.0014454212505370378
v -0.0013301989529281855 0.007381095550954342 0.0012832543579861522
v -0.0010847239755094051 0.006899997591972351 0.0011475778883323073
v -0.0010847251396626234 0.007421143352985382 0.0011475778883323073
v -0.0005563169834204018 0.006899998988956213 0.0009626802057027817
v -0.0007201727130450308 0.007465343456715345 0.0010059711057692766
v -0.0010847239755094051 0.006899997591972351 0.0011475778883323073
v -0.0009057188290171325 0.007445110939443111 0.0010698279365897179
v -0.0010847251396626234 0.007421143352985382 0.0011475778883323073
v -1.4629346622996309e-8 0.006899999920278788 0.0008999999845400453
v -0.000279694446362555 0.007494783028960228 0.0009156932937912643
v -0.0005563169834204018 0.006899998988956213 0.0009626802057027817
v -0.000556318205781281 0.0074793389067053795 0.0009626802057027817
v -0.0007201727130450308 0.007465343456715345 0.0010059711057692766
v 0.0005562877049669623 0.0069000013172626495 0.0009626802057027817
v 0.00024038682749960572 0.007496146485209465 0.00091158552095294
v -1.4629346622996309e-8 0.006899999920278788 0.0008999999845400453
v -1.5901463257250725e-8 0.007499999832361937 0.0008999999845400453
v -0.000279694446362555 0.007494783028960228 0.0009156932937912643
v 0.0011967640602961183 0.007402450777590275 0.0012113830307498574
v 0.0010846935911104083 0.007421148009598255 0.0011475778883323073
v 0.0010846947552636266 0.006900002248585224 0.0011475778883323073
v 0.0008248644298873842 0.007454501930624247 0.001040005823597312
v 0.0005562877049669623 0.0069000013172626495 0.0009626802057027817
v 0.0005562864826060832 0.007479341235011816 0.0009626802057027817
v 0.00024038682749960572 0.007496146485209465 0.00091158552095294
v 0.0011967640602961183 0.007402450777590275 0.0012113830307498574
v 0.0010846947552636266 0.006900002248585224 0.0011475778883323073
v 0.0013832503464072943 0.007371337618678808 0.0013175555504858494
v 0.0015587098896503448 0.006900003179907799 0.0014454212505370378
v 0.0015587089583277702 0.007336240727454424 0.0014454212505370378
v 0.0015587089583277702 0.007336240727454424 0.0014454212505370378
v 0.0015587098896503448 0.006900003179907799 0.0014454212505370378
v 0.0017682088073343039 0.007288582623004913 0.0016326904296875
v 0.0019545641262084246 0.006900004111230373 0.0018412754870951176
v 0.0019545634277164936 0.007240834180265665 0.0018412754870951176
v 0.002252407604828477 0.006900004576891661 0.0023152907378971577
v 0.0024373051710426807 0.006900005042552948 0.0028436975553631783
v 0.0024373047053813934 0.007092921994626522 0.0028436975553631783
v 0.0024373047053813934 0.007092921994626522 0.0028436975553631783
v 0.002359579084441066 0.0071191564202308655 0.0025739760603755713
v 0.002252407604828477 0.006900004576891661 0.0023152907378971577
v 0.002252406906336546 0.007153786718845367 0.0023152907378971577
v 0.0019545641262084246 0.006900004111230373 0.0018412754870951176
v 0.00213395687751472 0.0071900091134011745 0.0020976318046450615
v 0.0019545634277164936 0.007240834180265665 0.0018412754870951176
v 0.0024373051710426807 0.006900005042552948 0.003956302534788847
v 0.0024843630380928516 0.007076576817780733 0.0036790433805435896
v 0.0024999852757900953 0.006900005508214235 0.0034000000450760126
v 0.0024999850429594517 0.007071073167026043 0.0034000000450760126
v 0.0024373051710426807 0.006900005042552948 0.0028436975553631783
v 0.002484380966052413 0.007076570764183998 0.0031211157329380512
v 0.0024373047053813934 0.007092921994626522 0.0028436975553631783
v 0.002252407604828477 0.006900004576891661 0.0044847093522548676
v 0.0023595793172717094 0.0071191564202308655 0.004226023331284523
v 0.0024373051710426807 0.006900005042552948 0.003956302534788847
v 0.0024373047053813934 0.007092921994626522 0.003956302534788847
v 0.0024843630380928516 0.007076576817780733 0.0036790433805435896
v 0.0019545641262084246 0.006900004111230373 0.004958724603056908
v 0.00213395687751472 0.0071900091134011745 0.004702368285506964
v 0.002252407604828477 0.006900004576891661 0.0044847093522548676
v 0.002252406906336546 0.007153786718845367 0.0044847093522548676
v 0.0023595793172717094 0.0071191564202308655 0.004226023331284523
v 0.0015587098896503448 0.006900003179907799 0.005354578606784344
v 0.0017685240600258112 0.007288506254553795 0.005166993942111731
v 0.0019545641262084246 0.006900004111230373 0.004958724603056908
v 0.0019545634277164936 0.007240834180265665 0.004958724603056908
v 0.00213395687751472 0.0071900091134011745 0.004702368285506964
v 0.0010846935911104083 0.007421148009598255 0.005652422085404396
v 0.0011969992192462087 0.0074038635939359665 0.005594802089035511
v 0.0010846947552636266 0.006900002248585224 0.005652422085404396
v 0.0013831263640895486 0.007371360901743174 0.005482526961714029
v 0.0015587098896503448 0.006900003179907799 0.005354578606784344
v 0.0015587089583277702 0.007336240727454424 0.005354578606784344
v 0.0017685240600258112 0.007288506254553795 0.005166993942111731
v 0.0010846935911104083 0.007421148009598255 0.005652422085404396
v 0.0010846947552636266 0.006900002248585224 0.005652422085404396
v 0.0008250085520558059 0.007454486098140478 0.00575994374230504
v 0.0005562877049669623 0.0069000013172626495 0.0058373198844492435
v 0.0005562864826060832 0.007479341235011816 0.0058373198844492435
v 0.0005562864826060832 0.007479341235011816 0.0058373198844492435
v 0.0005562877049669623 0.0069000013172626495 0.0058373198844492435
v 0.00024038682749960572 0.007496146485209465 0.005888414569199085
v -1.4629346622996309e-8 0.006899999920278788 0.005900000222027302
v -1.5901463257250725e-8 0.007499999832361937 0.005900000222027302
v -1.5901463257250725e-8 0.007499999832361937 0.005900000222027302
v -1.4629346622996309e-8 0.006899999920278788 0.005900000222027302
v -0.00027950992807745934 0.007494790013879538 0.005884327460080385
v -0.0005563169834204018 0.006899998988956213 0.0058373198844492435
v -0.000556318205781281 0.0074793389067053795 0.0058373198844492435
v -0.0010847239755094051 0.006899997591972351 0.005652422085404396
v -0.000905763590708375 0.007445105351507664 0.00573015445843339
v -0.0005563169834204018 0.006899998988956213 0.0058373198844492435
v -0.0007199732353910804 0.007463306188583374 0.005787131376564503
v -0.000556318205781281 0.0074793389067053795 0.0058373198844492435
v -0.0016686484450474381 0.007310837972909212 0.005253489129245281
v -0.001558740041218698 0.007336234208196402 0.005354578606784344
v -0.0015587391098961234 0.0068999966606497765 0.005354578606784344
v -0.001329729100689292 0.007381180301308632 0.005517040845006704
v -0.0010847239755094051 0.006899997591972351 0.005652422085404396
v -0.0010847251396626234 0.007421143352985382 0.005652422085404396
v -0.000905763590708375 0.007445105351507664 0.00573015445843339
v -0.0019545932300388813 0.006899995729327202 0.004958724603056908
v -0.001954594161361456 0.007240826264023781 0.004958724603056908
v -0.0015587391098961234 0.0068999966606497765 0.005354578606784344
v -0.001817707670852542 0.0072763958014547825 0.005116390064358711
v -0.0016686484450474381 0.007310837972909212 0.005253489129245281
v -0.0022524367086589336 0.0068999952636659145 0.0044847093522548676
v -0.002437334507703781 0.006899994798004627 0.003956302534788847
v -0.0024373347405344248 0.007092911750078201 0.003956302534788847
v -0.0024373347405344248 0.007092911750078201 0.003956302534788847
v -0.00235949014313519 0.007119185756891966 0.004226363729685545
v -0.0022524367086589336 0.0068999952636659145 0.0044847093522548676
v -0.0022524374071508646 0.007153776939958334 0.0044847093522548676
v -0.0019545932300388813 0.006899995729327202 0.004958724603056908
v -0.0021171991247683764 0.007194961421191692 0.00472948607057333
v -0.001954594161361456 0.007240826264023781 0.004958724603056908
v -0.0023594985250383615 0.007119182962924242 0.002573660109192133
v -0.0024373347405344248 0.007092911750078201 0.0028436975553631783
v -0.002437334507703781 0.006899994798004627 0.0028436975553631783
v -0.0024841686245054007 0.007076645269989967 0.0031189655419439077
v -0.0025000146124511957 0.006899994798004627 0.0034000000450760126
v -0.002500015078112483 0.007071062456816435 0.0034000000450760126
v -0.002437334507703781 0.006899994798004627 0.003956302534788847
v -0.002484172349795699 0.007076643873006105 0.0036810028832405806
v -0.0024373347405344248 0.007092911750078201 0.003956302534788847
v -0.0002531416539568454 0.0068999994546175 0.0013153114123269916
v -0.0005563169834204018 0.006899998988956213 0.0009626802057027817
v -0.0007446848903782666 0.006899998523294926 0.001436465885490179
v -0.0010847239755094051 0.006899997591972351 0.0011475778883323073
v -0.0011929506435990334 0.006899997591972351 0.0016717339167371392
v -0.0015587391098961234 0.0068999966606497765 0.0014454212505370378
v -0.0015718871727585793 0.0068999966606497765 0.0020074425265192986
v -0.0019545932300388813 0.006899995729327202 0.0018412754870951176
v -0.001859472249634564 0.006899996194988489 0.0024240813218057156
v -0.0022524367086589336 0.0068999952636659145 0.0023152907378971577
v -0.00203899247571826 0.006899995729327202 0.002897437196224928
v -0.002437334507703781 0.006899994798004627 0.0028436975553631783
v -0.002100014593452215 0.006899995729327202 0.0034000000450760126
v -0.0025000146124511957 0.006899994798004627 0.0034000000450760126
v -0.00203899247571826 0.006899995729327202 0.0039025628939270973
v -0.002437334507703781 0.006899994798004627 0.003956302534788847
v -0.001859472249634564 0.006899996194988489 0.00437591876834631
v -0.0022524367086589336 0.0068999952636659145 0.0044847093522548676
v -0.0015718871727585793 0.0068999966606497765 0.004792557563632727
v -0.0019545932300388813 0.006899995729327202 0.004958724603056908
v -0.0011929506435990334 0.006899997591972351 0.005128266289830208
v -0.0015587391098961234 0.0068999966606497765 0.005354578606784344
v -0.0007446848903782666 0.006899998523294926 0.005363534204661846
v -0.0010847239755094051 0.006899997591972351 0.005652422085404396
v -0.0002531416539568454 0.0068999994546175 0.005484688561409712
v -0.0010847239755094051 0.006899997591972351 0.005652422085404396
v -0.0005563169834204018 0.006899998988956213 0.0058373198844492435
v -0.0002531416539568454 0.0068999994546175 0.005484688561409712
v -1.4629346622996309e-8 0.006899999920278788 0.005900000222027302
v 0.0002531124046072364 0.006900000385940075 0.005484688561409712
v 0.0005562877049669623 0.0069000013172626495 0.0058373198844492435
v 0.0007446556119248271 0.006900001782923937 0.005363534204661846
v 0.0010846947552636266 0.006900002248585224 0.005652422085404396
v 0.001192921306937933 0.0069000027142465115 0.005128266289830208
v 0.0015587098896503448 0.006900003179907799 0.005354578606784344
v 0.0015718579525128007 0.006900003179907799 0.004792557563632727
v 0.0019545641262084246 0.006900004111230373 0.004958724603056908
v 0.0018594430293887854 0.006900004111230373 0.00437591876834631
v 0.002252407604828477 0.006900004576891661 0.0044847093522548676
v 0.0020389631390571594 0.006900004111230373 0.0039025628939270973
v 0.0024373051710426807 0.006900005042552948 0.003956302534788847
v 0.002099985256791115 0.006900004576891661 0.0034000000450760126
v 0.0024999852757900953 0.006900005508214235 0.0034000000450760126
v 0.0020389631390571594 0.006900004111230373 0.002897437196224928
v 0.0024373051710426807 0.006900005042552948 0.0028436975553631783
v 0.0018594430293887854 0.006900004111230373 0.0024240813218057156
v 0.002252407604828477 0.006900004576891661 0.0023152907378971577
v 0.0015718579525128007 0.006900003179907799 0.0020074425265192986
v 0.0019545641262084246 0.006900004111230373 0.0018412754870951176
v 0.001192921306937933 0.0069000027142465115 0.0016717339167371392
v 0.0015587098896503448 0.006900003179907799 0.0014454212505370378
v 0.0007446556119248271 0.006900001782923937 0.001436465885490179
v 0.0010846947552636266 0.006900002248585224 0.0011475778883323073
v 0.0002531124046072364 0.006900000385940075 0.0013153114123269916
v 0.0005562877049669623 0.0069000013172626495 0.0009626802057027817
v -0.0002531416539568454 0.0068999994546175 0.0013153114123269916
v -1.4629346622996309e-8 0.006899999920278788 0.0008999999845400453
v -0.0005563169834204018 0.006899998988956213 0.0009626802057027817
v 0.002956414595246315 -0.0012245869729667902 0.008200000040233135
v 0.0031385128386318684 -0.0006242890376597643 0.008200000040233135
v 0.0019353413954377174 -0.00047664676094427705 0.007000000216066837
v 0.0019353413954377174 -0.00047664676094427705 0.007000000216066837
v 0.0018477591220289469 -0.0007653668872080743 0.007000000216066837
v 0.002956414595246315 -0.0012245869729667902 0.008200000040233135
v 0.0017624689498916268 -0.0009249334107153118 0.007000000216066837
v 0.002660702681168914 -0.0017778247129172087 0.008200000040233135
v 0.0017624689498916268 -0.0009249334107153118 0.007000000216066837
v 0.0016629392048344016 -0.0011111404746770859 0.007000000216066837
v 0.002660702681168914 -0.0017778247129172087 0.008200000040233135
v 0.0014906789874657989 -0.001321040210314095 0.007000000216066837
v 0.002262741792947054 -0.002262741792947054 0.008200000040233135
v 0.0014906789874657989 -0.001321040210314095 0.007000000216066837
v 0.0014142135623842478 -0.0014142135623842478 0.007000000216066837
v 0.002262741792947054 -0.002262741792947054 0.008200000040233135
v 0.001134395250119269 -0.0016438545426353812 0.007000000216066837
v 0.0017778247129172087 -0.002660702681168914 0.008200000040233135
v 0.0011111404746770859 -0.0016629392048344016 0.007000000216066837
v 0.0012245869729667902 -0.002956414595246315 0.008200000040233135
v 0.0011111404746770859 -0.0016629392048344016 0.007000000216066837
v 0.0007653668872080743 -0.0018477591220289469 0.007000000216066837
v 0.0012245869729667902 -0.002956414595246315 0.008200000040233135
v 0.0007077546324580908 -0.0018652355065569282 0.007000000216066837
v 0.0006242890376597643 -0.0031385128386318684 0.008200000040233135
v 0.0007077546324580908 -0.0018652355065569282 0.007000000216066837
v 0.0003901806485373527 -0.001961570465937257 0.007000000216066837
v 0.0006242890376597643 -0.0031385128386318684 0.008200000040233135
v 0.00024017971009016037 -0.001976344268769026 0.007000000216066837
v -6.217248716216472e-19 -0.0031999999191612005 0.008200000040233135
v 0.00024017971009016037 -0.001976344268769026 0.007000000216066837
v -3.8857807061292367e-19 -0.0020000000949949026 0.007000000216066837
v -6.217248716216472e-19 -0.0031999999191612005 0.008200000040233135
v -0.00024017971009016037 -0.001976344268769026 0.007000000216066837
v -0.0006242890376597643 -0.0031385128386318684 0.008200000040233135
v -0.00024017971009016037 -0.001976344268769026 0.007000000216066837
v -0.0003901806485373527 -0.001961570465937257 0.007000000216066837
v -0.0006242890376597643 -0.0031385128386318684 0.008200000040233135
v -0.0007077546324580908 -0.0018652355065569282 0.007000000216066837
v -0.0012245869729667902 -0.002956414595246315 0.008200000040233135
v -0.0007653668872080743 -0.0018477591220289469 0.007000000216066837
v -0.0017778247129172087 -0.002660702681168914 0.008200000040233135
v -0.0007653668872080743 -0.0018477591220289469 0.007000000216066837
v -0.0011111404746770859 -0.0016629392048344016 0.007000000216066837
v -0.0017778247129172087 -0.002660702681168914 0.008200000040233135
v -0.001134395250119269 -0.0016438545426353812 0.007000000216066837
v -0.002262741792947054 -0.002262741792947054 0.008200000040233135
v -0.001134395250119269 -0.0016438545426353812 0.007000000216066837
v -0.0014142135623842478 -0.0014142135623842478 0.007000000216066837
v -0.002262741792947054 -0.002262741792947054 0.008200000040233135
v -0.0014906789874657989 -0.001321040210314095 0.007000000216066837
v -0.002660702681168914 -0.0017778247129172087 0.008200000040233135
v -0.0014906789874657989 -0.001321040210314095 0.007000000216066837
v -0.0016629392048344016 -0.0011111404746770859 0.007000000216066837
v -0.002660702681168914 -0.0017778247129172087 0.008200000040233135
v -0.0017624689498916268 -0.0009249334107153118 0.007000000216066837
v -0.002956414595246315 -0.0012245869729667902 0.008200000040233135
v -0.0017624689498916268 -0.0009249334107153118 0.007000000216066837
v -0.0018477591220289469 -0.0007653668872080743 0.007000000216066837
v -0.002956414595246315 -0.0012245869729667902 0.008200000040233135
v -0.0019353413954377174 -0.00047664676094427705 0.007000000216066837
v -0.0031385128386318684 -0.0006242890376597643 0.008200000040233135
v -0.001961570465937257 -0.0003901806485373527 0.007000000216066837
v -0.0031999999191612005 1.7763567945257022e-19 0.008200000040233135
v -0.0020000000949949026 1.1102230773579206e-19 0.007000000216066837
v -0.0031385128386318684 0.0006242890376597643 0.008200000040233135
v -0.0020000000949949026 1.1102230773579206e-19 0.007000000216066837
v -0.001961570465937257 0.0003901806485373527 0.007000000216066837
v -0.0031385128386318684 0.0006242890376597643 0.008200000040233135
v -0.0019353413954377174 0.00047664676094427705 0.007000000216066837
v -0.002956414595246315 0.0012245869729667902 0.008200000040233135
v -0.0019353413954377174 0.00047664676094427705 0.007000000216066837
v -0.0018477591220289469 0.0007653668872080743 0.007000000216066837
v -0.002956414595246315 0.0012245869729667902 0.008200000040233135
v -0.0017624689498916268 0.0009249334107153118 0.007000000216066837
v -0.002660702681168914 0.0017778247129172087 0.008200000040233135
v -0.0017624689498916268 0.0009249334107153118 0.007000000216066837
v -0.0016629392048344016 0.0011111404746770859 0.007000000216066837
v -0.002660702681168914 0.0017778247129172087 0.008200000040233135
v -0.0014906789874657989 0.001321040210314095 0.007000000216066837
v -0.002262741792947054 0.002262741792947054 0.008200000040233135
v -0.0014906789874657989 0.001321040210314095 0.007000000216066837
v -0.0014142135623842478 0.0014142135623842478 0.007000000216066837
v -0.002262741792947054 0.002262741792947054 0.008200000040233135
v -0.001134395250119269 0.0016438545426353812 0.007000000216066837
v -0.0017778247129172087 0.002660702681168914 0.008200000040233135
v -0.0011111404746770859 0.0016629392048344016 0.007000000216066837
v -0.0012245869729667902 0.002956414595246315 0.008200000040233135
v -0.0011111404746770859 0.0016629392048344016 0.007000000216066837
v -0.0007653668872080743 0.0018477591220289469 0.007000000216066837
v -0.0012245869729667902 0.002956414595246315 0.008200000040233135
v -0.0007077546324580908 0.0018652355065569282 0.007000000216066837
v -0.0006242890376597643 0.0031385128386318684 0.008200000040233135
v -0.0007077546324580908 0.0018652355065569282 0.007000000216066837
v -0.0003901806485373527 0.001961570465937257 0.007000000216066837
v -0.0006242890376597643 0.0031385128386318684 0.008200000040233135
v -0.00024017971009016037 0.001976344268769026 0.007000000216066837
v 1.7763567945257022e-19 0.0031999999191612005 0.008200000040233135
v -0.00024017971009016037 0.001976344268769026 0.007000000216066837
v 1.1102230773579206e-19 0.0020000000949949026 0.007000000216066837
v 1.7763567945257022e-19 0.0031999999191612005 0.008200000040233135
v 0.00024017971009016037 0.001976344268769026 0.007000000216066837
v 0.0006242890376597643 0.0031385128386318684 0.008200000040233135
v 0.00024017971009016037 0.001976344268769026 0.007000000216066837
v 0.0003901806485373527 0.001961570465937257 0.007000000216066837
v 0.0006242890376597643 0.0031385128386318684 0.008200000040233135
v 0.0007077546324580908 0.0018652355065569282 0.007000000216066837
v 0.0012245869729667902 0.002956414595246315 0.008200000040233135
v 0.0007653668872080743 0.0018477591220289469 0.007000000216066837
v 0.0017778247129172087 0.002660702681168914 0.008200000040233135
v 0.0007653668872080743 0.0018477591220289469 0.007000000216066837
v 0.0011111404746770859 0.0016629392048344016 0.007000000216066837
v 0.0017778247129172087 0.002660702681168914 0.008200000040233135
v 0.001134395250119269 0.0016438545426353812 0.007000000216066837
v 0.002262741792947054 0.002262741792947054 0.008200000040233135
v 0.001134395250119269 0.0016438545426353812 0.007000000216066837
v 0.0014142135623842478 0.0014142135623842478 0.007000000216066837
v 0.002262741792947054 0.002262741792947054 0.008200000040233135
v 0.0014906789874657989 0.001321040210314095 0.007000000216066837
v 0.002660702681168914 0.0017778247129172087 0.008200000040233135
v 0.0014906789874657989 0.001321040210314095 0.007000000216066837
v 0.0016629392048344016 0.0011111404746770859 0.007000000216066837
v 0.002660702681168914 0.0017778247129172087 0.008200000040233135
v 0.0017624689498916268 0.0009249334107153118 0.007000000216066837
v 0.002956414595246315 0.0012245869729667902 0.008200000040233135
v 0.0017624689498916268 0.0009249334107153118 0.007000000216066837
v 0.0018477591220289469 0.0007653668872080743 0.007000000216066837
v 0.002956414595246315 0.0012245869729667902 0.008200000040233135
v 0.0019353413954377174 0.00047664676094427705 0.007000000216066837
v 0.0031385128386318684 0.0006242890376597643 0.008200000040233135
v 0.001961570465937257 0.0003901806485373527 0.007000000216066837
v 0.0031999999191612005 -7.837739480177896e-19 0.008200000040233135
v 0.0020000000949949026 0 0.007000000216066837
v 0.0031385128386318684 -0.0006242890376597643 0.008200000040233135
v 0.001961570465937257 -0.0003901806485373527 0.007000000216066837
v 0.0019353413954377174 -0.00047664676094427705 0.007000000216066837
v -0.00024108860816340894 0.007189999334514141 0.005385417956858873
v -0.000253142265137285 0.007189999334514141 0.005484688561409712
v 0.0002410581219010055 0.007190000731498003 0.005385417956858873
v 0.0002531117934267968 0.007190000731498003 0.005484688561409712
v 0.0007091945153661072 0.007190001662820578 0.005270032677799463
v 0.000744655029848218 0.007190001662820578 0.005363534204661846
v 0.0011361142387613654 0.007190002594143152 0.0050459676422178745
v 0.0011929207248613238 0.007190002594143152 0.005128266289830208
v 0.0014970062766224146 0.0071900030598044395 0.004726245533674955
v 0.0015718573704361916 0.007190003525465727 0.004792557563632727
v 0.0017708968371152878 0.007190003525465727 0.004329446237534285
v 0.0018594424473121762 0.007190003991127014 0.00437591876834631
v 0.0019418683368712664 0.007190003991127014 0.0038786313962191343
v 0.002038962673395872 0.0071900044567883015 0.0039025628939270973
v 0.0019999847281724215 0.0071900044567883015 0.0034000000450760126
v 0.0020999847911298275 0.0071900044567883015 0.0034000000450760126
v 0.0019418683368712664 0.007190003991127014 0.002921368693932891
v 0.002038962673395872 0.0071900044567883015 0.002897437196224928
v 0.0017708968371152878 0.007190003525465727 0.002470553619787097
v 0.0018594424473121762 0.007190003991127014 0.0024240813218057156
v 0.0014970062766224146 0.0071900030598044395 0.0020737547893077135
v 0.0015718573704361916 0.007190003525465727 0.0020074425265192986
v 0.0011361142387613654 0.007190002594143152 0.001754032215103507
v 0.0011929207248613238 0.007190002594143152 0.0016717339167371392
v 0.0007091945153661072 0.007190001662820578 0.0015299675287678838
v 0.000744655029848218 0.007190001662820578 0.001436465885490179
v 0.0002410581219010055 0.007190000731498003 0.0014145822497084737
v 0.0002531117934267968 0.007190000731498003 0.0013153114123269916
v -0.00024108860816340894 0.007189999334514141 0.0014145822497084737
v -0.000253142265137285 0.007189999334514141 0.0013153114123269916
v -0.0007092250161804259 0.0071899984031915665 0.0015299675287678838
v -0.0007446855306625366 0.0071899984031915665 0.001436465885490179
v -0.001136144739575684 0.007189997471868992 0.001754032215103507
v -0.0011929512256756425 0.007189997471868992 0.0016717339167371392
v -0.0014970367774367332 0.0071899970062077045 0.0020737547893077135
v -0.0015718878712505102 0.007189996540546417 0.0020074425265192986
v -0.0017709273379296064 0.00718999607488513 0.002470553619787097
v -0.0018594729481264949 0.00718999607488513 0.0024240813218057156
v -0.001941898837685585 0.00718999607488513 0.002921368693932891
v -0.0020389931742101908 0.007189995609223843 0.002897437196224928
v -0.00200001522898674 0.007189995609223843 0.0034000000450760126
v -0.002100015291944146 0.007189995609223843 0.0034000000450760126
v -0.001941898837685585 0.00718999607488513 0.0038786313962191343
v -0.0020389931742101908 0.007189995609223843 0.0039025628939270973
v -0.0017709273379296064 0.00718999607488513 0.004329446237534285
v -0.0018594729481264949 0.00718999607488513 0.00437591876834631
v -0.0014970367774367332 0.0071899970062077045 0.004726245533674955
v -0.0015718878712505102 0.007189996540546417 0.004792557563632727
v -0.001136144739575684 0.007189997471868992 0.0050459676422178745
v -0.0011929512256756425 0.007189997471868992 0.005128266289830208
v -0.0007092250161804259 0.0071899984031915665 0.005270032677799463
v -0.0007446855306625366 0.0071899984031915665 0.005363534204661846
v -0.00024108860816340894 0.007189999334514141 0.005385417956858873
v -0.000253142265137285 0.007189999334514141 0.005484688561409712
v 0.000025866851501632482 0.0071000000461936 0.003303407458588481
v 0.00014462896797340363 0.007100000511854887 0.002208749298006296
v -1.505338609320006e-8 0.0071000000461936 0.0032999999821186066
v -0.00014465907588601112 0.007099999580532312 0.002208749298006296
v -0.00002589695759525057 0.0071000000461936 0.003303407458588481
v -0.00042554092942737043 0.007099999114871025 0.0022779805585741997
v -0.000050015052693197504 0.0071000000461936 0.0033133975230157375
v -0.0006816927343606949 0.007099998649209738 0.0024124193005263805
v -0.00007072573498589918 0.0071000000461936 0.0033292893785983324
v -0.0008982279687188566 0.0070999981835484505 0.002604252891615033
v -0.00008661759056849405 0.0071000000461936 0.0033499998971819878
v -0.001062562339939177 0.007099997717887163 0.002842332236468792
v -0.0000966076331678778 0.007099999580532312 0.003374118125066161
v -0.0011651451932266355 0.007099997717887163 0.003112821141257882
v -0.00010001505143009126 0.007099999580532312 0.0034000000450760126
v -0.0012000150745734572 0.007099997252225876 0.0034000000450760126
v -0.0000966076331678778 0.007099999580532312 0.003425881965085864
v -0.0011651451932266355 0.007099997717887163 0.0036871787160634995
v -0.00008661759056849405 0.0071000000461936 0.003449999960139394
v -0.001062562339939177 0.007099997717887163 0.003957667853683233
v -0.00007072573498589918 0.0071000000461936 0.003470710711553693
v -0.0008982279687188566 0.0070999981835484505 0.004195746965706348
v -0.000050015052693197504 0.0071000000461936 0.0034866025671362877
v -0.0006816927343606949 0.007099998649209738 0.004387580789625645
v -0.00002589695759525057 0.0071000000461936 0.0034965926315635443
v -0.0006816927343606949 0.007099998649209738 0.004387580789625645
v -0.00042554092942737043 0.007099999114871025 0.0045220195315778255
v -0.00002589695759525057 0.0071000000461936 0.0034965926315635443
v -0.00014465907588601112 0.007099999580532312 0.004591250792145729
v -1.505338609320006e-8 0.0071000000461936 0.0035000001080334187
v 0.00014462896797340363 0.007100000511854887 0.004591250792145729
v 0.000025866851501632482 0.0071000000461936 0.0034965926315635443
v 0.0004255108069628477 0.007100000977516174 0.0045220195315778255
v 0.00004998494841856882 0.0071000000461936 0.0034866025671362877
v 0.0006816626410000026 0.007100001443177462 0.004387580789625645
v 0.00007069562707329169 0.0071000000461936 0.003470710711553693
v 0.0008981978171505034 0.007100001908838749 0.004195746965706348
v 0.00008658748993184417 0.0071000000461936 0.003449999960139394
v 0.0010625321883708239 0.007100002374500036 0.003957667853683233
v 0.00009657753253122792 0.0071000000461936 0.003425881965085864
v 0.001165115158073604 0.007100002374500036 0.0036871787160634995
v 0.00009998494351748377 0.0071000000461936 0.0034000000450760126
v 0.001199984923005104 0.007100002374500036 0.0034000000450760126
v 0.00009657753253122792 0.0071000000461936 0.003374118125066161
v 0.001165115158073604 0.007100002374500036 0.003112821141257882
v 0.00008658748993184417 0.0071000000461936 0.0033499998971819878
v 0.0010625321883708239 0.007100002374500036 0.002842332236468792
v 0.00007069562707329169 0.0071000000461936 0.0033292893785983324
v 0.0008981978171505034 0.007100001908838749 0.002604252891615033
v 0.00004998494841856882 0.0071000000461936 0.0033133975230157375
v 0.0006816626410000026 0.007100001443177462 0.0024124193005263805
v 0.000025866851501632482 0.0071000000461936 0.003303407458588481
v 0.0004255108069628477 0.007100000977516174 0.0022779805585741997
v 0.00014462896797340363 0.007100000511854887 0.002208749298006296
v -0.0011651451932266355 0.007099997717887163 0.0036871787160634995
v -0.001941898837685585 0.00718999607488513 0.0038786313962191343
v -0.001062562339939177 0.007099997717887163 0.003957667853683233
v -0.0017709273379296064 0.00718999607488513 0.004329446237534285
v -0.0008982279687188566 0.0070999981835484505 0.004195746965706348
v -0.0014970367774367332 0.0071899970062077045 0.004726245533674955
v -0.0006816927343606949 0.007099998649209738 0.004387580789625645
v -0.001136144739575684 0.007189997471868992 0.0050459676422178745
v -0.00042554092942737043 0.007099999114871025 0.0045220195315778255
v -0.0007092250161804259 0.0071899984031915665 0.005270032677799463
v -0.00014465907588601112 0.007099999580532312 0.004591250792145729
v -0.00024108860816340894 0.007189999334514141 0.005385417956858873
v 0.00014462896797340363 0.007100000511854887 0.004591250792145729
v 0.0002410581219010055 0.007190000731498003 0.005385417956858873
v 0.0004255108069628477 0.007100000977516174 0.0045220195315778255
v 0.0007091945153661072 0.007190001662820578 0.005270032677799463
v 0.0006816626410000026 0.007100001443177462 0.004387580789625645
v 0.0011361142387613654 0.007190002594143152 0.0050459676422178745
v 0.0008981978171505034 0.007100001908838749 0.004195746965706348
v 0.0014970062766224146 0.0071900030598044395 0.004726245533674955
v 0.0010625321883708239 0.007100002374500036 0.003957667853683233
v 0.0017708968371152878 0.007190003525465727 0.004329446237534285
v 0.001165115158073604 0.007100002374500036 0.0036871787160634995
v 0.0019418683368712664 0.007190003991127014 0.0038786313962191343
v 0.001199984923005104 0.007100002374500036 0.0034000000450760126
v 0.0019999847281724215 0.0071900044567883015 0.0034000000450760126
v 0.001165115158073604 0.007100002374500036 0.003112821141257882
v 0.0019418683368712664 0.007190003991127014 0.002921368693932891
v 0.0010625321883708239 0.007100002374500036 0.002842332236468792
v 0.0017708968371152878 0.007190003525465727 0.002470553619787097
v 0.0008981978171505034 0.007100001908838749 0.002604252891615033
v 0.0014970062766224146 0.0071900030598044395 0.0020737547893077135
v 0.0006816626410000026 0.007100001443177462 0.0024124193005263805
v 0.0011361142387613654 0.007190002594143152 0.001754032215103507
v 0.0004255108069628477 0.007100000977516174 0.0022779805585741997
v 0.0007091945153661072 0.007190001662820578 0.0015299675287678838
v 0.00014462896797340363 0.007100000511854887 0.002208749298006296
v 0.0002410581219010055 0.007190000731498003 0.0014145822497084737
v -0.00014465907588601112 0.007099999580532312 0.002208749298006296
v -0.00024108860816340894 0.007189999334514141 0.0014145822497084737
v -0.00042554092942737043 0.007099999114871025 0.0022779805585741997
v -0.0007092250161804259 0.0071899984031915665 0.0015299675287678838
v -0.0006816927343606949 0.007099998649209738 0.0024124193005263805
v -0.001136144739575684 0.007189997471868992 0.001754032215103507
v -0.0008982279687188566 0.0070999981835484505 0.002604252891615033
v -0.0014970367774367332 0.0071899970062077045 0.0020737547893077135
v -0.001062562339939177 0.007099997717887163 0.002842332236468792
v -0.0017709273379296064 0.00718999607488513 0.002470553619787097
v -0.0011651451932266355 0.007099997717887163 0.003112821141257882
v -0.001941898837685585 0.00718999607488513 0.002921368693932891
v -0.0012000150745734572 0.007099997252225876 0.0034000000450760126
v -0.00200001522898674 0.007189995609223843 0.0034000000450760126
v -0.0011651451932266355 0.007099997717887163 0.0036871787160634995
v -0.001941898837685585 0.00718999607488513 0.0038786313962191343
v -0.000013014217074669432 0.006799987517297268 0.0034991514403373003
v -0.000025896320948959328 0.006799950730055571 0.0034965926315635443
v -0.00002589695759525057 0.0071000000461936 0.0034965926315635443
v -0.00009660700015956536 0.006799313705414534 0.003425881965085864
v -0.00009915466944221407 0.006799276918172836 0.0034130846615880728
v -0.0000966076331678778 0.007099999580532312 0.003425881965085864
v -0.00010001505143009126 0.007099999580532312 0.0034000000450760126
v -0.00009660700015956536 0.006799313705414534 0.003425881965085864
v -0.0000966076331678778 0.007099999580532312 0.003425881965085864
v -0.0000923835250432603 0.006799372378736734 0.0034383137244731188
v -0.00008661759056849405 0.0071000000461936 0.003449999960139394
v -0.00008661695756018162 0.0067994482815265656 0.003449999960139394
v -0.00007072573498589918 0.0071000000461936 0.003470710711553693
v -0.00007072509470162913 0.006799632217735052 0.003470710711553693
v -0.000050015052693197504 0.0071000000461936 0.0034866025671362877
v -0.00005001441604690626 0.006799816153943539 0.0034866025671362877
v -0.00002589695759525057 0.0071000000461936 0.0034965926315635443
v -0.000025896320948959328 0.006799950730055571 0.0034965926315635443
v -0.000050015052693197504 0.0071000000461936 0.0034866025671362877
v -0.000038280712033156306 0.00679989205673337 0.0034923888742923737
v -0.00005001441604690626 0.006799816153943539 0.0034866025671362877
v -0.000013014217074669432 0.006799987517297268 0.0034991514403373003
v -0.00002589695759525057 0.0071000000461936 0.0034965926315635443
v -1.4417326887894433e-8 0.006800000090152025 0.0035000001080334187
v -1.505338609320006e-8 0.0071000000461936 0.0035000001080334187
v 0.000013056501302344259 0.006799987517297268 0.003499142127111554
v 0.000025866851501632482 0.0071000000461936 0.0034965926315635443
v 0.000025867488147923723 0.006799950730055571 0.0034965926315635443
v 0.000025867488147923723 0.006799950730055571 0.0034965926315635443
v 0.000025866851501632482 0.0071000000461936 0.0034965926315635443
v 0.000038206733734114096 0.006799892522394657 0.003492407500743866
v 0.00004998494841856882 0.0071000000461936 0.0034866025671362877
v 0.000049985581426881254 0.006799816153943539 0.0034866025671362877
v 0.00007069562707329169 0.0071000000461936 0.003470710711553693
v 0.00007069626008160412 0.006799632683396339 0.003470710711553693
v 0.00008658748993184417 0.0071000000461936 0.003449999960139394
v 0.00008658812294015661 0.006799448747187853 0.003449999960139394
v 0.00008658812294015661 0.006799448747187853 0.003449999960139394
v 0.00008658748993184417 0.0071000000461936 0.003449999960139394
v 0.00009239140490535647 0.006799372378736734 0.0034382252488285303
v 0.00009657753253122792 0.0071000000461936 0.003425881965085864
v 0.00009657816553954035 0.006799314171075821 0.003425881965085864
v 0.00009657816553954035 0.006799314171075821 0.003425881965085864
v 0.00009657753253122792 0.0071000000461936 0.003425881965085864
v 0.00009912624955177307 0.006799277383834124 0.0034130816347897053
v 0.00009998494351748377 0.0071000000461936 0.0034000000450760126
v 0.00009998558380175382 0.006799264810979366 0.0034000000450760126
v 0.00009998558380175382 0.006799264810979366 0.0034000000450760126
v 0.00009998494351748377 0.0071000000461936 0.0034000000450760126
v 0.00009913663961924613 0.006799277383834124 0.0033869973849505186
v 0.00009657753253122792 0.0071000000461936 0.003374118125066161
v 0.00009657816553954035 0.006799314171075821 0.003374118125066161
v 0.00009657816553954035 0.006799314171075821 0.003374118125066161
v 0.00009657753253122792 0.0071000000461936 0.003374118125066161
v 0.00009237092308467254 0.006799372378736734 0.0033617252483963966
v 0.00008658748993184417 0.0071000000461936 0.0033499998971819878
v 0.00008658812294015661 0.006799448747187853 0.0033499998971819878
v 0.00007069562707329169 0.0071000000461936 0.0033292893785983324
v 0.00007069626008160412 0.006799632683396339 0.0033292893785983324
v 0.00004998494841856882 0.0071000000461936 0.0033133975230157375
v 0.000049985581426881254 0.006799816153943539 0.0033133975230157375
v 0.000025866851501632482 0.0071000000461936 0.003303407458588481
v 0.000025867488147923723 0.006799950730055571 0.003303407458588481
v 0.00004998494841856882 0.0071000000461936 0.0033133975230157375
v 0.00003830257264780812 0.00679989205673337 0.0033076321706175804
v 0.000049985581426881254 0.006799816153943539 0.0033133975230157375
v -0.00002589695759525057 0.0071000000461936 0.003303407458588481
v -0.000013107191989547573 0.006799987517297268 0.003300860757008195
v -1.505338609320006e-8 0.0071000000461936 0.0032999999821186066
v -1.4417326887894433e-8 0.006800000090152025 0.0032999999821186066
v 0.000025866851501632482 0.0071000000461936 0.003303407458588481
v 0.000013061287063464988 0.006799987517297268 0.003300858661532402
v 0.000025867488147923723 0.006799950730055571 0.003303407458588481
v -0.00008661759056849405 0.0071000000461936 0.0033499998971819878
v -0.00007072509470162913 0.006799632217735052 0.0033292893785983324
v -0.00007072573498589918 0.0071000000461936 0.0033292893785983324
v -0.00005001441604690626 0.006799816153943539 0.0033133975230157375
v -0.000050015052693197504 0.0071000000461936 0.0033133975230157375
v -0.0000383232872991357 0.00679989205673337 0.0033076289109885693
v -0.00002589695759525057 0.0071000000461936 0.003303407458588481
v -0.000025896320948959328 0.006799950730055571 0.003303407458588481
v -0.000013107191989547573 0.006799987517297268 0.003300860757008195
v -0.0000966076331678778 0.007099999580532312 0.003374118125066161
v -0.00009240668441634625 0.006799371913075447 0.0033617420122027397
v -0.00008661759056849405 0.0071000000461936 0.0033499998971819878
v -0.00008661695756018162 0.0067994482815265656 0.0033499998971819878
v -0.00007072509470162913 0.006799632217735052 0.0033292893785983324
v -0.00009915466944221407 0.006799276918172836 0.0034130846615880728
v -0.00010001441842177883 0.006799264345318079 0.0034000000450760126
v -0.00010001505143009126 0.007099999580532312 0.0034000000450760126
v -0.00009915941336657852 0.006799276918172836 0.003386951284483075
v -0.0000966076331678778 0.007099999580532312 0.003374118125066161
v -0.00009660700015956536 0.006799313705414534 0.003374118125066161
v -0.00009240668441634625 0.006799371913075447 0.0033617420122027397
v 2.576800264050133e-14 0.007499999832361937 0
v -0.000027850463084178045 0.0074984608218073845 9.141573542592596e-8
v -0.00002792671693896409 0.0074998605996370316 0
v -0.000028464321076171473 0.0074984291568398476 9.277700030452252e-8
v -0.000028542370273498818 0.00749985734000802 0
v -0.00007475275924662128 0.007495816797018051 1.4575896045698755e-7
v -0.00007498117338400334 0.007499624975025654 0
v -0.001101442496292293 0.006839956622570753 5.592144702859514e-7
v -0.0011671361280605197 0.006696606054902077 8.813823342279647e-7
v -0.0011079775867983699 0.006843548268079758 0
v -0.0011758137261494994 0.006700078956782818 0
v -0.001101442496292293 0.006839956622570753 5.592144702859514e-7
v -0.0011079775867983699 0.006843548268079758 0
v -0.0010780206648632884 0.00688081094995141 5.01695353705145e-7
v -0.0010731356451287866 0.006903152447193861 -1.3552527156068805e-20
v -0.0010672915959730744 0.006899525411427021 4.753469795559795e-7
v -0.0009692964958958328 0.007047372870147228 0
v -0.0009648495470173657 0.007043680176138878 3.352526221078733e-7
v -0.0009648495470173657 0.007043680176138878 3.352526221078733e-7
v -0.0009692964958958328 0.007047372870147228 0
v -0.0009318169904872775 0.0070785158313810825 3.1352283258456737e-7
v -0.000846752489451319 0.007175538223236799 -6.776263578034403e-21
v -0.0008433600305579603 0.007171802222728729 2.553332478782977e-7
v -0.0007888783002272248 0.0072249360382556915 0
v -0.0007858716999180615 0.007221185602247715 2.3158496276209917e-7
v -0.0007858716999180615 0.007221185602247715 2.3158496276209917e-7
v -0.0007888783002272248 0.0072249360382556915 0
v -0.0007450900739058852 0.007249576039612293 2.206217430966717e-7
v -0.0006456223782151937 0.007324159145355225 -1.3552527156068805e-20
v -0.0006433769012801349 0.007320384029299021 1.9327848121974966e-7
v -0.0006433769012801349 0.007320384029299021 1.9327848121974966e-7
v -0.0006456223782151937 0.007324159145355225 -1.3552527156068805e-20
v -0.0005199284642003477 0.0073829530738294125 1.7445483990741195e-7
v -0.0004885345115326345 0.0074034640565514565 0
v -0.00048693997086957097 0.007399673108011484 1.694247089290002e-7
v -0.00041861578938551247 0.0074304454028606415 -6.776263578034403e-21
v -0.00041728047654032707 0.007426649332046509 1.621961871478561e-7
v -0.00041728047654032707 0.007426649332046509 1.621961871478561e-7
v -0.00041861578938551247 0.0074304454028606415 -6.776263578034403e-21
v -0.00026726105716079473 0.00746803218498826 1.520728432069518e-7
v -0.0002499299880582839 0.007476828992366791 -6.776263578034403e-21
v -0.00024916257825680077 0.0074730245396494865 1.5085154814187263e-7
v -0.00007498117338400334 0.007499624975025654 0
v -0.00007475275924662128 0.007495816797018051 1.4575896045698755e-7
v -0.0012001643190160394 0.006616741884499788 6.036770514583623e-7
v -0.0012053586542606354 0.006618426647037268 0
v -0.0011912707705050707 0.006659500300884247 0
v -0.0011912707705050707 0.006659500300884247 0
v -0.0011758137261494994 0.006700078956782818 0
v -0.0011671361280605197 0.006696606054902077 8.813823342279647e-7
v -0.0011949699837714434 0.006615057121962309 0.0000012073541029167245
v -0.0012001643190160394 0.006616741884499788 6.036770514583623e-7
v -0.001181802828796208 0.006656074430793524 0.000001024270773086755
v -0.0011912707705050707 0.006659500300884247 0
v -0.0011795083992183208 0.006662415340542793 0.0000010019174396802555
v -0.0011671361280605197 0.006696606054902077 8.813823342279647e-7
v -0.0011949699837714434 0.006615057121962309 0.0000012073541029167245
v -0.001316170790232718 0.006224971264600754 0.000001298329834753531
v -0.0012001643190160394 0.006616741884499788 6.036770514583623e-7
v -0.001479959930293262 0.005717589985579252 3.5553111388253456e-7
v -0.0012053586542606354 0.006618426647037268 0
v -0.002388520399108529 0.002776199486106634 0.0000019272472400189145
v -0.0026916032657027245 0.001825489103794098 5.285266979626613e-7
v -0.0019905781373381615 0.004077350255101919 4.237166137954773e-7
v -0.001316170790232718 0.006224971264600754 0.000001298329834753531
v -0.0014743582578375936 0.0057158442214131355 0.000001417068347109307
v -0.001479959930293262 0.005717589985579252 3.5553111388253456e-7
v -0.0018542158650234342 0.004494343884289265 0.0000016185798585865996
v -0.0019905781373381615 0.004077350255101919 4.237166137954773e-7
v -0.001984481932595372 0.004075450357049704 0.0000016876849713298725
v -0.002388520399108529 0.002776199486106634 0.0000019272472400189145
v -0.002388520399108529 0.002776199486106634 0.0000019272472400189145
v -0.002684827195480466 0.0018233773298561573 0.0000021029331946920138
v -0.0026916032657027245 0.001825489103794098 5.285266979626613e-7
v -0.0029195817187428474 0.0010684940498322248 0.000002256946800116566
v -0.003210945287719369 0.0001572490727994591 6.146086661829031e-7
v -0.004760231822729111 -0.004850195255130529 0.0000036286915019445587
v -0.004768991842865944 -0.004847464617341757 9.155552902484487e-7
v -0.0039754267781972885 -0.0023266563657671213 0.0000030105763926258078
v -0.0037302908021956682 -0.0015109899686649442 7.078558610373875e-7
v -0.003722513560205698 -0.0015134139684960246 0.0000028113811367802555
v -0.003210945287719369 0.0001572490727994591 6.146086661829031e-7
v -0.0032036672346293926 0.00015498070570174605 0.000002443324774503708
v -0.0029195817187428474 0.0010684940498322248 0.000002256946800116566
v -0.0012053586542606354 0.006618426647037268 0
v -0.001479959930293262 0.005717589985579252 3.5553111388253456e-7
v -0.0014856423949822783 0.005719360895454884 0
v -0.0019905781373381615 0.004077350255101919 4.237166137954773e-7
v -0.0019967795815318823 0.004079282749444246 0
v -0.0026916032657027245 0.001825489103794098 5.285266979626613e-7
v -0.0026985255535691977 0.0018276465125381947 0
v -0.003210945287719369 0.0001572490727994591 6.146086661829031e-7
v -0.003218407044187188 0.00015957459982018918 0
v -0.0037302908021956682 -0.0015109899686649442 7.078558610373875e-7
v -0.0037382945884019136 -0.0015084954211488366 0
v -0.004768991842865944 -0.004847464617341757 9.155552902484487e-7
v -0.004778084810823202 -0.004844630602747202 0
v -0.004875724203884602 -0.005221550818532705 0.0000037260747376421932
v -0.004973523784428835 -0.005536016076803207 0.0000038095245145086665
v -0.004884591791778803 -0.005218787118792534 9.40361474022211e-7
v -0.004974856041371822 -0.005536452867090702 0.0000033526596325827995
v -0.004974856041371822 -0.005536452867090702 0.0000033526596325827995
v -0.004979744087904692 -0.005537996534258127 0.0000019401470581215108
v -0.004884591791778803 -0.005218787118792534 9.40361474022211e-7
v -0.004984436556696892 -0.005539302248507738 0.0000013646777006215416
v -0.004893806297332048 -0.00521591491997242 0
v -0.0049873110838234425 -0.005540102254599333 0.0000010121578952748678
v -0.0049955639988183975 -0.005542398896068335 -3.3881317890172014e-20
v -0.004893806297332048 -0.00521591491997242 0
v -0.004778084810823202 -0.004844630602747202 0
v -0.004884591791778803 -0.005218787118792534 9.40361474022211e-7
v -0.004768991842865944 -0.004847464617341757 9.155552902484487e-7
v -0.004875724203884602 -0.005221550818532705 0.0000037260747376421932
v -0.004760231822729111 -0.004850195255130529 0.0000036286915019445587
v 2.576800264050133e-14 0.007499999832361937 0
v 0.00002792671693896409 0.0074998605996370316 0
v 0.000027850463084178045 0.0074984608218073845 9.14157283204986e-8
v 0.000028542399377329275 0.00749985734000802 0
v 0.00002846435018000193 0.0074984291568398476 9.277705714794138e-8
v 0.00007498117338400334 0.007499624975025654 0
v 0.00007475275924662128 0.007495816797018051 1.4575893203527812e-7
v -0.004418242257088423 -0.005988976918160915 0.0002622497850097716
v -0.004311869852244854 -0.0060696848668158054 0.00030886760214343667
v -0.004318835213780403 -0.0060792784206569195 0.00030915363458916545
v -0.004289877600967884 -0.0061498116701841354 0.0003822610015049577
v -0.004356641788035631 -0.006104889325797558 0.0003560104232747108
v -0.00435274513438344 -0.006105942185968161 0.00034485929063521326
v -0.0037722724955528975 -0.006418404169380665 0.0005143785965628922
v -0.0036213905550539494 -0.006508555728942156 0.0005679583991877735
v -0.003627181053161621 -0.006518399342894554 0.0005688217934221029
v -0.0034674478229135275 -0.0066464366391301155 0.0006754419300705194
v -0.0036589037626981735 -0.0065469397231936455 0.0006159183685667813
v -0.0036554771941155195 -0.0065473522990942 0.0006049977382645011
v -0.0031262238044291735 -0.00675971107557416 0.0007190554752014577
v -0.002834942191839218 -0.006890294142067432 0.0007981513044796884
v -0.0028394372202455997 -0.006900350097566843 0.0007995009073056281
v 0.00019908585818484426 -0.007450162898749113 0.001140126958489418
v 0.00024068354105111212 -0.007449937518686056 0.0011399888899177313
v 0.00024106126511469483 -0.007460405118763447 0.0011419301154091954
v 0.005008508451282978 -0.00557450158521533 0.00003109282988589257
v 0.005014506634324789 -0.005575116723775864 0.00004185197758488357
v 0.004688030108809471 -0.005852390546351671 0.0001986665592994541
v 0.0050035640597343445 -0.005543387960642576 2.38727765854152e-17
v 0.005016793962568045 -0.005542036611586809 1.2324803721000532e-15
v 0.004992721136659384 -0.0055664605461061 0.000014202102647686843
v -0.004967929795384407 -0.005573872476816177 0.000017165202734759077
v -0.00497672613710165 -0.005580822005867958 0.000022276952222455293
v -0.005013283342123032 -0.005542663857340813 -1.1384122811097797e-18
v -0.005041992757469416 -0.005551796406507492 0.000041340339521411806
v -0.005123194772750139 -0.005477488040924072 0
v -0.005110426340252161 -0.00548890046775341 7.278003544340488e-16
v -0.004998442716896534 -0.005589527543634176 0.000049919195589609444
v -0.005002656020224094 -0.005587793421000242 0.00006136677257018164
v -0.005041992757469416 -0.005551796406507492 0.000041340339521411806
v -0.005110426340252161 -0.00548890046775341 7.278003544340488e-16
v -0.005101382732391357 -0.005496376659721136 1.8482258909088833e-18
v -0.005041992757469416 -0.005551796406507492 0.000041340339521411806
v -0.005096765700727701 -0.0054993098601698875 1.5914609637614512e-18
v -0.004998442716896534 -0.005589527543634176 0.000049919195589609444
v -0.005070210434496403 -0.005516180768609047 1.1458275158616171e-19
v -0.0049924603663384914 -0.005588894709944725 0.000039166738133644685
v -0.005044390447437763 -0.005532584618777037 -1.3213713977167085e-18
v -0.004985072184354067 -0.0055859326384961605 0.000029762306439806707
v -0.0050399634055793285 -0.005534542724490166 4.296151108473811e-18
v -0.00497672613710165 -0.005580822005867958 0.000022276952222455293
v -0.0050212787464261055 -0.0055402303114533424 4.901514554374313e-19
v -0.005013283342123032 -0.005542663857340813 -1.1384122811097797e-18
v 0.005068832542747259 -0.005519404541701078 1.1184511026747848e-14
v 0.005069624166935682 -0.005518794059753418 1.1021642684616844e-14
v 0.00506156450137496 -0.005526317749172449 0.00000413237648899667
v 0.005096399690955877 -0.005498148966580629 5.512886832150302e-15
v 0.005067614372819662 -0.005526873283088207 0.000014914046005287673
v 0.005123194772750139 -0.005477488040924072 0
v 0.005071852821856737 -0.00552506186068058 0.000026399337002658285
v 0.005016793962568045 -0.005542036611586809 1.2324803721000532e-15
v 0.0050397287122905254 -0.00553464237600565 4.065758146820642e-18
v 0.005001096520572901 -0.005571556277573109 0.000021685402316506952
v 0.005043939221650362 -0.005532437935471535 1.6215058758732451e-15
v 0.00506156450137496 -0.005526317749172449 0.00000413237648899667
v 0.005058209411799908 -0.005524966400116682 7.1036341888516645e-15
v 0.005068832542747259 -0.005519404541701078 1.1184511026747848e-14
v 0.0050035640597343445 -0.005543387960642576 2.38727765854152e-17
v 0.004992721136659384 -0.0055664605461061 0.000014202102647686843
v 0.005001826677471399 -0.005543297156691551 3.1135933230377096e-16
v 0.0049873110838234425 -0.005540102254599333 0.0000010121603963852976
v 0.0049955639988183975 -0.005542398896068335 6.776263578034403e-21
v 0.004983892198652029 -0.005559523589909077 0.000009098262125917245
v 0.005000651814043522 -0.005543235689401627 5.0576676093733175e-16
v 0.005001826677471399 -0.005543297156691551 3.1135933230377096e-16
v 0.004973523784428835 -0.005536016076803207 0.0000038095245145086665
v 0.004974856041371822 -0.005536452867090702 0.0000033526596325827995
v 0.004975146614015102 -0.005551168229430914 0.00000668443090034998
v 0.004974856041371822 -0.005536452867090702 0.0000033526596325827995
v 0.004979744087904692 -0.005537996534258127 0.0000019401470581215108
v 0.004975146614015102 -0.005551168229430914 0.00000668443090034998
v 0.004984436556696892 -0.005539302248507738 0.0000013646777006215416
v 0.0049873110838234425 -0.005540102254599333 0.0000010121603963852976
v -0.005013283342123032 -0.005542663857340813 -1.1384122811097797e-18
v -0.005004450678825378 -0.005543394945561886 3.324434911383678e-17
v -0.004967929795384407 -0.005573872476816177 0.000017165202734759077
v -0.0049955639988183975 -0.005542398896068335 -3.3881317890172014e-20
v -0.004959216807037592 -0.005565505940467119 0.000014737448509549722
v -0.0049873110838234425 -0.005540102254599333 0.0000010121578952748678
v -0.004984436556696892 -0.005539302248507738 0.0000013646777006215416
v -0.004973523784428835 -0.005536016076803207 0.0000038095245145086665
v -0.004951116628944874 -0.005556230898946524 0.0000151411095430376
v -0.004974856041371822 -0.005536452867090702 0.0000033526596325827995
v -0.004959216807037592 -0.005565505940467119 0.000014737448509549722
v -0.004979744087904692 -0.005537996534258127 0.0000019401470581215108
v -0.004984436556696892 -0.005539302248507738 0.0000013646777006215416
v 0.005014506634324789 -0.005575116723775864 0.00004185197758488357
v 0.0050187259912490845 -0.005573364440351725 0.00005330819476512261
v 0.004692107904702425 -0.005850993096828461 0.00020995995146222413
v 0.004973523784428835 -0.005536016076803207 0.0000038095245145086665
v 0.004975146614015102 -0.005551168229430914 0.00000668443090034998
v 0.004967017564922571 -0.005541902966797352 0.000007107480541890254
v 0.0046513755805790424 -0.005827026907354593 0.0001632218627491966
v 0.004643827676773071 -0.0058175851590931416 0.00016327312914654613
v 0.004643827676773071 -0.0058175851590931416 0.00016327312914654613
v 0.0046513755805790424 -0.005827026907354593 0.0001632218627491966
v 0.004531553015112877 -0.005905890837311745 0.0002140068681910634
v 0.004521171562373638 -0.005929316394031048 0.00022209077724255621
v 0.00451385322958231 -0.005919812247157097 0.00022200493549462408
v 0.005014506634324789 -0.005575116723775864 0.00004185197758488357
v 0.004692107904702425 -0.005850993096828461 0.00020995995146222413
v 0.004688030108809471 -0.005852390546351671 0.0001986665592994541
v 0.004676050506532192 -0.005863579455763102 0.0002171624219045043
v 0.004556748084723949 -0.0059552062302827835 0.00025764040765352547
v 0.004560758825391531 -0.005953946616500616 0.0002688753302209079
v 0.00421683955937624 -0.006202278658747673 0.0004126874264329672
v 0.003887489903718233 -0.006412859074771404 0.0005364508833736181
v 0.0038566298317164183 -0.0064308918081223965 0.0005357256159186363
v 0.00421683955937624 -0.006202278658747673 0.0004126874264329672
v 0.004213028121739626 -0.006203195080161095 0.0004015890008304268
v 0.004556748084723949 -0.0059552062302827835 0.00025764040765352547
v 0.00451385322958231 -0.005919812247157097 0.00022200493549462408
v 0.004521171562373638 -0.005929316394031048 0.00022209077724255621
v 0.00441754050552845 -0.005989591125398874 0.0002625765046104789
v 0.004180253017693758 -0.00617603026330471 0.00036578145227395
v 0.004173526540398598 -0.006166380364447832 0.00036536698462441564
v 0.00382672599516809 -0.006402547471225262 0.0004996757488697767
v 0.003820600686594844 -0.006392768584191799 0.0004989631706848741
v 0.003820600686594844 -0.006392768584191799 0.0004989631706848741
v 0.00382672599516809 -0.006402547471225262 0.0004996757488697767
v 0.0037657271604985 -0.006424820050597191 0.0005180541193112731
v 0.0036548541393131018 -0.0065028248354792595 0.0005595015245489776
v 0.0036490175407379866 -0.00649299006909132 0.0005586583283729851
v 0.0032902667298913 -0.006695871707051992 0.0006755339563824236
v 0.0032850350253283978 -0.006685929838567972 0.0006744422134943306
v 0.003887489903718233 -0.006412859074771404 0.0005364508833736181
v 0.003860203083604574 -0.006430305540561676 0.0005467048031277955
v 0.0038566298317164183 -0.0064308918081223965 0.0005357256159186363
v 0.003686820389702916 -0.006531259976327419 0.0006065887864679098
v 0.0036833728663623333 -0.006531695835292339 0.0005956604145467281
v 0.0033190282993018627 -0.006725626531988382 0.000722740835044533
v 0.0033158662263303995 -0.006725766230374575 0.0007119062356650829
v 0.0030349805019795895 -0.006856146734207869 0.0008013626211322844
v 0.002938692457973957 -0.006898950785398483 0.0008164704777300358
v 0.0032850350253283978 -0.006685929838567972 0.0006744422134943306
v 0.0032902667298913 -0.006695871707051992 0.0006755339563824236
v 0.0031271534971892834 -0.006758686155080795 0.0007184575661085546
v 0.0029160657431930304 -0.006868128199130297 0.0007799034938216209
v 0.0029114463832229376 -0.006858090404421091 0.0007785939960740507
v 0.002703581005334854 -0.006955018732696772 0.0008327983086928725
v 0.002699306234717369 -0.006944932043552399 0.0008313811267726123
v 0.0030349805019795895 -0.006856146734207869 0.0008013626211322844
v 0.0029415388125926256 -0.006899083033204079 0.0008272263803519309
v 0.002938692457973957 -0.006898950785398483 0.0008164704777300358
v 0.002727189101278782 -0.006986590102314949 0.0008801835938356817
v 0.0027245304081588984 -0.006986317690461874 0.000869465060532093
v 0.002342196414247155 -0.0071248942986130714 0.0009641505312174559
v 0.002339887199923396 -0.007124397438019514 0.0009534871787764132
v 0.002133161760866642 -0.0071873473934829235 0.0010021605994552374
v 0.001948254182934761 -0.007241322658956051 0.0010248090839013457
v 0.002699306234717369 -0.006944932043552399 0.0008313811267726123
v 0.002703581005334854 -0.006955018732696772 0.0008327983086928725
v 0.002483383985236287 -0.007022697012871504 0.0008788094273768365
v 0.002321934327483177 -0.007092329673469067 0.0009166599484160542
v 0.0023182732984423637 -0.007082161959260702 0.0009150767000392079
v 0.0019333341624587774 -0.007208579685539007 0.0009878420969471335
v 0.0019302929285913706 -0.007198339328169823 0.000986123806796968
v 0.0019302929285913706 -0.007198339328169823 0.000986123806796968
v 0.0019333341624587774 -0.007208579685539007 0.0009878420969471335
v 0.001841018907725811 -0.007220813538879156 0.000999878509901464
v 0.0016898374306038022 -0.0072698225267231464 0.001025366596877575
v 0.0016871824627742171 -0.007259541191160679 0.0010235804365947843
v 0.001296744216233492 -0.007350495085120201 0.0010747644118964672
v 0.0012947098584845662 -0.007340153679251671 0.0010728950146585703
v 0.002133161760866642 -0.0071873473934829235 0.0010021605994552374
v 0.001950193545781076 -0.007242012303322554 0.0010354307014495134
v 0.001948254182934761 -0.007241322658956051 0.0010248090839013457
v 0.0017045659478753805 -0.007303728722035885 0.0010730120120570064
v 0.0017028640722855926 -0.0073029352352023125 0.0010624093702062964
v 0.001308038947172463 -0.007385054603219032 0.0011224932968616486
v 0.0013067268300801516 -0.007384123280644417 0.0011119104456156492
v 0.0011966743040829897 -0.007401688490062952 0.0011325941886752844
v 0.0009060757583938539 -0.0074439216405153275 0.0011482932604849339
v 0.0012947098584845662 -0.007340153679251671 0.0010728950146585703
v 0.001296744216233492 -0.007350495085120201 0.0010747644118964672
v 0.0012034834362566471 -0.007353786379098892 0.001081225578673184
v 0.0008991584763862193 -0.007409872021526098 0.001111065736040473
v 0.0008977490942925215 -0.007399476133286953 0.0011091441847383976
v 0.0006404352025128901 -0.007436771877110004 0.0011274906573817134
v 0.0006394315278157592 -0.0074263447895646095 0.0011255519930273294
v 0.00024068354105111212 -0.007449937518686056 0.0011399888899177313
v 0.0002678029704838991 -0.007448332849889994 0.001139006926678121
v 0.00024106126511469483 -0.007460405118763447 0.0011419301154091954
v 0.0004141431418247521 -0.0074396743439137936 0.0011337086325511336
v 0.0006404352025128901 -0.007436771877110004 0.0011274906573817134
v 0.000570962205529213 -0.007430396042764187 0.0011280309408903122
v 0.0006394315278157592 -0.0074263447895646095 0.0011255519930273294
v 0.0011966743040829897 -0.007401688490062952 0.0011325941886752844
v 0.000906988512724638 -0.007444956339895725 0.0011588690103963017
v 0.0009060757583938539 -0.0074439216405153275 0.0011482932604849339
v 0.000646014406811446 -0.007472125813364983 0.00117533712182194
v 0.0006453630630858243 -0.007471043150871992 0.0011647591600194573
v 0.00024315941845998168 -0.007496057078242302 0.0011898328084498644
v 0.00024291465524584055 -0.00749492971226573 0.00117924262303859
v 0.00024038642004597932 -0.007496072445064783 0.0011898418888449669
v -0.00016112606681417674 -0.0074971336871385574 0.001180575811304152
v -0.00006573056452907622 -0.007451597601175308 0.0011410064762458205
v -0.00015989068197086453 -0.007462579291313887 0.0011432585306465626
v -0.0001318965805694461 -0.007451956160366535 0.0011412262683734298
v -0.00015963982150424272 -0.007452106103301048 0.0011413184693083167
v -0.00006573056452907622 -0.007451597601175308 0.0011410064762458205
v -7.28071336553171e-9 -0.007451241370290518 0.001140788197517395
v -0.00015989068197086453 -0.007462579291313887 0.0011432585306465626
v 0.00006573285645572469 -0.007450885139405727 0.0011405699187889695
v 0.00024106126511469483 -0.007460405118763447 0.0011419301154091954
v 0.000131943728774786 -0.0074505265802145 0.0011403500102460384
v 0.00019908585818484426 -0.007450162898749113 0.001140126958489418
v -0.00045618184958584607 -0.007439867127686739 0.0011338177137076855
v -0.00041397978202439845 -0.00744160870090127 0.0011348851257935166
v -0.0004568980075418949 -0.007450314704328775 0.0011357605690136552
v -0.0002678390883374959 -0.007447640411555767 0.0011385816615074873
v -0.00015989068197086453 -0.007462579291313887 0.0011432585306465626
v -0.00019907261594198644 -0.007450478617101908 0.0011403210228309035
v -0.00015963982150424272 -0.007452106103301048 0.0011413184693083167
v 0.00024038642004597932 -0.007496072445064783 0.0011898418888449669
v -0.0001612900960026309 -0.0074982657097280025 0.001191168325021863
v -0.00016112606681417674 -0.0074971336871385574 0.001180575811304152
v -0.0004608819435816258 -0.007485825568437576 0.001183635089546442
v -0.00046041636960580945 -0.007484717760235071 0.0011730523547157645
v -0.0007199540850706398 -0.007462875451892614 0.0011697293957695365
v -0.0008613857789896429 -0.007449225522577763 0.0011515156365931034
v -0.00045618184958584607 -0.007439867127686739 0.0011338177137076855
v -0.0004568980075418949 -0.007450314704328775 0.0011357605690136552
v -0.0005710117984563112 -0.007429712451994419 0.0011276142904534936
v -0.0008548097684979439 -0.007415135391056538 0.001114280428737402
v -0.0008534700027666986 -0.007404733914881945 0.0011123550357297063
v -0.0008534700027666986 -0.007404733914881945 0.0011123550357297063
v -0.0008548097684979439 -0.007415135391056538 0.001114280428737402
v -0.001203365856781602 -0.007354677654802799 0.0010817721486091614
v -0.0012495564296841621 -0.0073586986400187016 0.0010797834256663918
v -0.0012475964613258839 -0.007348350249230862 0.0010779061121866107
v -0.0016408907249569893 -0.007281081285327673 0.0010322638554498553
v -0.0016383131733164191 -0.007270792033523321 0.0010304655879735947
v -0.0007199540850706398 -0.007462875451892614 0.0011697293957695365
v -0.0008622537716291845 -0.0074502695351839066 0.0011620913865044713
v -0.0008613857789896429 -0.007449225522577763 0.0011515156365931034
v -0.0012604395160451531 -0.007393327541649342 0.0011275216238573194
v -0.0012591746635735035 -0.007392382249236107 0.0011169404024258256
v -0.0016551910666748881 -0.007315076421946287 0.0010799202136695385
v -0.0016535375034436584 -0.007314263842999935 0.001069320715032518
v -0.0016688168980181217 -0.007311605382710695 0.0010778066935017705
v -0.002044202061370015 -0.007214818615466356 0.0010086346883326769
v -0.0016383131733164191 -0.007270792033523321 0.0010304655879735947
v -0.0016408907249569893 -0.007281081285327673 0.0010322638554498553
v -0.0018415950471535325 -0.007218908052891493 0.0009987133089452982
v -0.002028540475293994 -0.007182231172919273 0.000971699773799628
v -0.0020253476686775684 -0.007172008510679007 0.0009700114605948329
v -0.0020794356241822243 -0.007167584262788296 0.0009627276449464262
v -0.002076161792501807 -0.007157370448112488 0.0009610562119632959
v -0.0024633577559143305 -0.0070441896095871925 0.0008872256148606539
v -0.002459469949826598 -0.007034050766378641 0.000885699933860451
v -0.0028642374090850353 -0.0069315326400101185 0.000846846669446677
v -0.002861458109691739 -0.006931348703801632 0.0008361047366634011
v -0.002589454874396324 -0.007036461494863033 0.000910462811589241
v -0.002482418902218342 -0.007075985427945852 0.0009239961509592831
v -0.002484859200194478 -0.00707640266045928 0.000934678188059479
v -0.0020954939536750317 -0.007200085557997227 0.0009996448643505573
v -0.0020975738298147917 -0.0072007072158157825 0.001010280568152666
v -0.002044202061370015 -0.007214818615466356 0.0010086346883326769
v -0.0020462332759052515 -0.007215464487671852 0.0010192652698606253
v -0.0016688168980181217 -0.007311605382710695 0.0010778066935017705
v 0.005008508451282978 -0.00557450158521533 0.00003109282988589257
v 0.004688030108809471 -0.005852390546351671 0.0001986665592994541
v 0.004682362545281649 -0.00585142569616437 0.00018803324201144278
v 0.004556748084723949 -0.0059552062302827835 0.00025764040765352547
v 0.004551217891275883 -0.005954108666628599 0.00024705217219889164
v 0.004213028121739626 -0.006203195080161095 0.0004015890008304268
v 0.004207869991660118 -0.006201768759638071 0.0003911056264769286
v 0.0038566298317164183 -0.0064308918081223965 0.0005357256159186363
v 0.003851871704682708 -0.006429154891520739 0.0005253333947621286
v 0.0036833728663623333 -0.006531695835292339 0.0005956604145467281
v 0.003678813809528947 -0.006529818754643202 0.000585306843277067
v 0.0033158662263303995 -0.006725766230374575 0.0007119062356650829
v 0.003311737673357129 -0.006723613478243351 0.000701623794157058
v 0.002938692457973957 -0.006898950785398483 0.0008164704777300358
v 0.002935015829280019 -0.006896547507494688 0.0008062471752054989
v 0.0027245304081588984 -0.006986317690461874 0.000869465060532093
v 0.0027211138512939215 -0.0069837854243814945 0.0008592697558924556
v 0.002339887199923396 -0.007124397438019514 0.0009534871787764132
v 0.0023369432892650366 -0.00712165841832757 0.0009433326777070761
v 0.001948254182934761 -0.007241322658956051 0.0010248090839013457
v 0.001945796888321638 -0.007238403894007206 0.0010146846761927009
v 0.0017028640722855926 -0.0073029352352023125 0.0010624093702062964
v 0.0017007142305374146 -0.007299920544028282 0.0010522983502596617
v 0.0013067268300801516 -0.007384123280644417 0.0011119104456156492
v 0.0013050752459093928 -0.00738097820430994 0.0011018126970157027
v 0.0009060757583938539 -0.0074439216405153275 0.0011482932604849339
v 0.000904929474927485 -0.007440675515681505 0.0011381987715139985
v 0.0006453630630858243 -0.007471043150871992 0.0011647591600194573
v 0.0006445458275265992 -0.0074677481316030025 0.0011546614114195108
v 0.00024291465524584055 -0.00749492971226573 0.00117924262303859
v 0.00024260743521153927 -0.007491584867238998 0.001169133116491139
v -0.00016112606681417674 -0.0074971336871385574 0.001180575811304152
v -0.00016092066653072834 -0.0074937837198376656 0.001170464209280908
v -0.00046041636960580945 -0.007484717760235071 0.0011730523547157645
v -0.0004598325176630169 -0.007481395732611418 0.0011629498330876231
v -0.0008613857789896429 -0.007449225522577763 0.0011515156365931034
v -0.0008602958987466991 -0.0074459705501794815 0.0011414207983762026
v -0.0012591746635735035 -0.007392382249236107 0.0011169404024258256
v -0.0012575829168781638 -0.007389223203063011 0.0011068434687331319
v -0.0016535375034436584 -0.007314263842999935 0.001069320715032518
v -0.0016514494782313704 -0.0073112309910357 0.0010592119069769979
v -0.002044202061370015 -0.007214818615466356 0.0010086346883326769
v -0.002041625091806054 -0.007211941294372082 0.0009985038777813315
v -0.0020954939536750317 -0.007200085557997227 0.0009996448643505573
v -0.0020928531885147095 -0.00719723105430603 0.0009895104449242353
v -0.002482418902218342 -0.007075985427945852 0.0009239961509592831
v -0.00247929897159338 -0.007073319051414728 0.0009138278546743095
v -0.002861458109691739 -0.006931348703801632 0.0008361047366634011
v -0.0028578750789165497 -0.006928897462785244 0.0008258920279331505
v 0.005071852821856737 -0.00552506186068058 0.000026399337002658285
v 0.0050187259912490845 -0.005573364440351725 0.00005330819476512261
v 0.005067614372819662 -0.005526873283088207 0.000014914046005287673
v 0.005014506634324789 -0.005575116723775864 0.00004185197758488357
v 0.00506156450137496 -0.005526317749172449 0.00000413237648899667
v 0.005008508451282978 -0.00557450158521533 0.00003109282988589257
v 0.005001096520572901 -0.005571556277573109 0.000021685402316506952
v 0.004682362545281649 -0.00585142569616437 0.00018803324201144278
v 0.004675435833632946 -0.005848156288266182 0.00017868152644950897
v 0.004551217891275883 -0.005954108666628599 0.00024705217219889164
v 0.004544486757367849 -0.005950717255473137 0.00023772002896293998
v 0.004207869991660118 -0.006201768759638071 0.0003911056264769286
v 0.004201651085168123 -0.006198079790920019 0.00038181821582838893
v 0.003851871704682708 -0.006429154891520739 0.0005253333947621286
v 0.0038461834192276 -0.006425187923014164 0.0005160837899893522
v 0.003678813809528947 -0.006529818754643202 0.000585306843277067
v 0.0036733828019350767 -0.006525726523250341 0.0005760727799497545
v 0.003311737673357129 -0.006723613478243351 0.000701623794157058
v 0.003306852886453271 -0.006719278637319803 0.0006924175540916622
v 0.002935015829280019 -0.006896547507494688 0.0008062471752054989
v 0.002930691232904792 -0.006891991477459669 0.0007970628794282675
v 0.0027211138512939215 -0.0069837854243814945 0.0008592697558924556
v 0.0027171066030859947 -0.00697911623865366 0.0008500952390022576
v 0.0023369432892650366 -0.00712165841832757 0.0009433326777070761
v 0.0023335048463195562 -0.007116807159036398 0.0009341714903712273
v 0.001945796888321638 -0.007238403894007206 0.0010146846761927009
v 0.0019429366802796721 -0.007233393844217062 0.00100553163792938
v 0.0017007142305374146 -0.007299920544028282 0.0010522983502596617
v 0.0016982159577310085 -0.007294824346899986 0.0010431479895487428
v 0.0013050752459093928 -0.00738097820430994 0.0011018126970157027
v 0.0013031598646193743 -0.007375763263553381 0.0010926628019660711
v 0.000904929474927485 -0.007440675515681505 0.0011381987715139985
v 0.0009036016999743879 -0.007435366045683622 0.0011290446855127811
v 0.0006445458275265992 -0.0074677481316030025 0.0011546614114195108
v 0.0006435997202061117 -0.00746239023283124 0.001145502203144133
v 0.00024260743521153927 -0.007491584867238998 0.001169133116491139
v 0.00024225166998803616 -0.007486174814403057 0.001159963314421475
v -0.00016092066653072834 -0.0074937837198376656 0.001170464209280908
v -0.00016068320837803185 -0.007488367147743702 0.0011612926609814167
v -0.0004598325176630169 -0.007481395732611418 0.0011629498330876231
v -0.0004591568431351334 -0.007476010359823704 0.0011537859681993723
v -0.0008602958987466991 -0.0074459705501794815 0.0011414207983762026
v -0.0008590336074121296 -0.0074406517669558525 0.0011322660138830543
v -0.0012575829168781638 -0.007389223203063011 0.0011068434687331319
v -0.0012557373847812414 -0.0073839956894516945 0.0010976933408528566
v -0.0016514494782313704 -0.0073112309910357 0.0010592119069769979
v -0.0016490239650011063 -0.007306118495762348 0.0010500618955120444
v -0.002041625091806054 -0.007211941294372082 0.0009985038777813315
v -0.0020386234391480684 -0.007206968031823635 0.0009893493261188269
v -0.0020928531885147095 -0.00719723105430603 0.0009895104449242353
v -0.0020897756330668926 -0.007192277815192938 0.000980354961939156
v -0.00247929897159338 -0.007073319051414728 0.0009138278546743095
v -0.0024756500497460365 -0.007068532053381205 0.0009046623599715531
v -0.0028578750789165497 -0.006928897462785244 0.0008258920279331505
v -0.0028536648023873568 -0.006924299988895655 0.0008167114574462175
v 0.005016793962568045 -0.005542036611586809 1.2324803721000532e-15
v 0.005001096520572901 -0.005571556277573109 0.000021685402316506952
v 0.004992721136659384 -0.0055664605461061 0.000014202102647686843
v 0.004675435833632946 -0.005848156288266182 0.00017868152644950897
v 0.004667655564844608 -0.005842772778123617 0.0001711579825496301
v 0.004544486757367849 -0.005950717255473137 0.00023772002896293998
v 0.004536942578852177 -0.005945226643234491 0.00023018117644824088
v 0.004201651085168123 -0.006198079790920019 0.00038181821582838893
v 0.004194715991616249 -0.006192331667989492 0.0003742414992302656
v 0.0038461834192276 -0.006425187923014164 0.0005160837899893522
v 0.00383986858651042 -0.00641920231282711 0.0005084711592644453
v 0.0036733828019350767 -0.006525726523250341 0.0005760727799497545
v 0.0036673659924417734 -0.006519635207951069 0.0005684439674951136
v 0.003306852886453271 -0.006719278637319803 0.0006924175540916622
v 0.0033014609944075346 -0.006712982431054115 0.000684756669215858
v 0.002930691232904792 -0.006891991477459669 0.0007970628794282675
v 0.0029259324073791504 -0.006885509006679058 0.0007893723668530583
v 0.0027171066030859947 -0.00697911623865366 0.0008500952390022576
v 0.0027127040084451437 -0.006972538772970438 0.0008423894178122282
v 0.0023335048463195562 -0.007116807159036398 0.0009341714903712273
v 0.0023297362495213747 -0.007110075559467077 0.000926440698094666
v 0.0019429366802796721 -0.007233393844217062 0.00100553163792938
v 0.001939807552844286 -0.007226526737213135 0.0009977787267416716
v 0.0016982159577310085 -0.007294824346899986 0.0010431479895487428
v 0.0016954850871115923 -0.00728788273409009 0.0010353827383369207
v 0.0013031598646193743 -0.007375763263553381 0.0010926628019660711
v 0.0013010683469474316 -0.007368717808276415 0.0010848802048712969
v 0.0009036016999743879 -0.007435366045683622 0.0011290446855127811
v 0.0009021529112942517 -0.007428234443068504 0.0011212476529181004
v 0.0006435997202061117 -0.00746239023283124 0.001145502203144133
v 0.0006425677565857768 -0.007455213461071253 0.00113769737072289
v 0.00024225166998803616 -0.007486174814403057 0.001159963314421475
v 0.00024186352675314993 -0.00747894449159503 0.0011521492851898074
v -0.00016068320837803185 -0.007488367147743702 0.0011612926609814167
v -0.00016042448987718672 -0.00748113077133894 0.0011534775840118527
v -0.0004591568431351334 -0.007476010359823704 0.0011537859681993723
v -0.0004584200505632907 -0.007468805648386478 0.0011459763627499342
v -0.0008590336074121296 -0.0074406517669558525 0.0011322660138830543
v -0.0008576562977395952 -0.00743351224809885 0.0011244675843045115
v -0.0012557373847812414 -0.0073839956894516945 0.0010976933408528566
v -0.001253722351975739 -0.007376939058303833 0.0010899087646976113
v -0.0016490239650011063 -0.007306118495762348 0.0010500618955120444
v -0.0016463729552924633 -0.0072991629131138325 0.001042294199578464
v -0.0020386234391480684 -0.007206968031823635 0.0009893493261188269
v -0.0020353379659354687 -0.0072001321241259575 0.0009816015372052789
v -0.0020897756330668926 -0.007192277815192938 0.000980354961939156
v -0.002086406806483865 -0.007185459136962891 0.000972609908785671
v -0.0024756500497460365 -0.007068532053381205 0.0009046623599715531
v -0.002471647225320339 -0.007061854936182499 0.0008969404734671116
v -0.0028536648023873568 -0.006924299988895655 0.0008167114574462175
v -0.0028490349650382996 -0.006917782127857208 0.0008090152987278998
v 0.005001826677471399 -0.005543297156691551 3.1135933230377096e-16
v 0.004992721136659384 -0.0055664605461061 0.000014202102647686843
v 0.004983892198652029 -0.005559523589909077 0.000009098262125917245
v 0.004667655564844608 -0.005842772778123617 0.0001711579825496301
v 0.004659476224333048 -0.005835589487105608 0.00016590236919000745
v 0.004536942578852177 -0.005945226643234491 0.00023018117644824088
v 0.004529018886387348 -0.005937953945249319 0.00022486950911115855
v 0.004194715991616249 -0.006192331667989492 0.0003742414992302656
v 0.0041874488815665245 -0.006184843834489584 0.00036879529943689704
v 0.00383986858651042 -0.00641920231282711 0.0005084711592644453
v 0.003833265043795109 -0.006411518435925245 0.0005029026069678366
v 0.0036673659924417734 -0.006519635207951069 0.0005684439674951136
v 0.003661079565063119 -0.006511865183711052 0.00056282157311216
v 0.0033014609944075346 -0.006712982431054115 0.000684756669215858
v 0.0032958367373794317 -0.006705045234411955 0.0006790315383113921
v 0.0029259324073791504 -0.006885509006679058 0.0007893723668530583
v 0.0029209754429757595 -0.00687742093577981 0.0007835566066205502
v 0.0027127040084451437 -0.006972538772970438 0.0008423894178122282
v 0.002708120970055461 -0.006964373402297497 0.0008365284302271903
v 0.0023297362495213747 -0.007110075559467077 0.000926440698094666
v 0.002325817011296749 -0.007101784460246563 0.0009205091628246009
v 0.001939807552844286 -0.007226526737213135 0.0009977787267416716
v 0.0019365559564903378 -0.007218124344944954 0.0009917886927723885
v 0.0016954850871115923 -0.00728788273409009 0.0010353827383369207
v 0.0016926483949646354 -0.00727941794320941 0.0010293625527992845
v 0.0013010683469474316 -0.007368717808276415 0.0010848802048712969
v 0.00129889661911875 -0.007360164541751146 0.0010788214858621359
v 0.0009021529112942517 -0.007428234443068504 0.0011212476529181004
v 0.0009006490581668913 -0.007419605739414692 0.0011151623912155628
v 0.0006425677565857768 -0.007455213461071253 0.00113769737072289
v 0.0006414966774173081 -0.007446542847901583 0.0011316012823954225
v 0.00024186352675314993 -0.00747894449159503 0.0011521492851898074
v 0.00024146062787622213 -0.007470222655683756 0.0011460459791123867
v -0.00016042448987718672 -0.00748113077133894 0.0011534775840118527
v -0.00016015625442378223 -0.007472402881830931 0.0011473738122731447
v -0.0004584200505632907 -0.007468805648386478 0.0011459763627499342
v -0.00045765555114485323 -0.007460108958184719 0.0011398756178095937
v -0.0008576562977395952 -0.00743351224809885 0.0011244675843045115
v -0.0008562267175875604 -0.007424875628203154 0.0011183801107108593
v -0.001253722351975739 -0.007376939058303833 0.0010899087646976113
v -0.0012516301358118653 -0.007368376012891531 0.0010838463203981519
v -0.0016463729552924633 -0.0072991629131138325 0.001042294199578464
v -0.0016436193836852908 -0.00729068648070097 0.0010362685425207019
v -0.0020353379659354687 -0.0072001321241259575 0.0009816015372052789
v -0.0020319235045462847 -0.007191755343228579 0.0009756246581673622
v -0.002086406806483865 -0.007185459136962891 0.000972609908785671
v -0.0020829050336033106 -0.007177096325904131 0.0009666403639130294
v -0.002471647225320339 -0.007061854936182499 0.0008969404734671116
v -0.0024674830492585897 -0.007053608540445566 0.000891033501829952
v -0.0028490349650382996 -0.006917782127857208 0.0008090152987278998
v -0.002844213042408228 -0.006909665651619434 0.0008031827164813876
v 0.0049873110838234425 -0.005540102254599333 0.0000010121603963852976
v 0.004983892198652029 -0.005559523589909077 0.000009098262125917245
v 0.004975146614015102 -0.005551168229430914 0.00000668443090034998
v 0.004659476224333048 -0.005835589487105608 0.00016590236919000745
v 0.0046513755805790424 -0.005827026907354593 0.0001632218627491966
v 0.004529018886387348 -0.005937953945249319 0.00022486950911115855
v 0.004521171562373638 -0.005929316394031048 0.00022209077724255621
v 0.0041874488815665245 -0.006184843834489584 0.00036879529943689704
v 0.004180253017693758 -0.00617603026330471 0.00036578145227395
v 0.003833265043795109 -0.006411518435925245 0.0005029026069678366
v 0.00382672599516809 -0.006402547471225262 0.0004996757488697767
v 0.003661079565063119 -0.006511865183711052 0.00056282157311216
v 0.0036548541393131018 -0.0065028248354792595 0.0005595015245489776
v 0.0032958367373794317 -0.006705045234411955 0.0006790315383113921
v 0.0032902667298913 -0.006695871707051992 0.0006755339563824236
v 0.0029209754429757595 -0.00687742093577981 0.0007835566066205502
v 0.0029160657431930304 -0.006868128199130297 0.0007799034938216209
v 0.002708120970055461 -0.006964373402297497 0.0008365284302271903
v 0.002703581005334854 -0.006955018732696772 0.0008327983086928725
v 0.002325817011296749 -0.007101784460246563 0.0009205091628246009
v 0.002321934327483177 -0.007092329673469067 0.0009166599484160542
v 0.0019365559564903378 -0.007218124344944954 0.0009917886927723885
v 0.0019333341624587774 -0.007208579685539007 0.0009878420969471335
v 0.0016926483949646354 -0.00727941794320941 0.0010293625527992845
v 0.0016898374306038022 -0.0072698225267231464 0.001025366596877575
v 0.00129889661911875 -0.007360164541751146 0.0010788214858621359
v 0.001296744216233492 -0.007350495085120201 0.0010747644118964672
v 0.0009006490581668913 -0.007419605739414692 0.0011151623912155628
v 0.0008991584763862193 -0.007409872021526098 0.001111065736040473
v 0.0006414966774173081 -0.007446542847901583 0.0011316012823954225
v 0.0006404352025128901 -0.007436771877110004 0.0011274906573817134
v 0.00024146062787622213 -0.007470222655683756 0.0011460459791123867
v 0.00024106126511469483 -0.007460405118763447 0.0011419301154091954
v -0.00016015625442378223 -0.007472402881830931 0.0011473738122731447
v -0.00015989068197086453 -0.007462579291313887 0.0011432585306465626
v -0.00045765555114485323 -0.007460108958184719 0.0011398756178095937
v -0.0004568980075418949 -0.007450314704328775 0.0011357605690136552
v -0.0008562267175875604 -0.007424875628203154 0.0011183801107108593
v -0.0008548097684979439 -0.007415135391056538 0.001114280428737402
v -0.0012516301358118653 -0.007368376012891531 0.0010838463203981519
v -0.0012495564296841621 -0.0073586986400187016 0.0010797834256663918
v -0.0016436193836852908 -0.00729068648070097 0.0010362685425207019
v -0.0016408907249569893 -0.007281081285327673 0.0010322638554498553
v -0.0020319235045462847 -0.007191755343228579 0.0009756246581673622
v -0.002028540475293994 -0.007182231172919273 0.000971699773799628
v -0.0020829050336033106 -0.007177096325904131 0.0009666403639130294
v -0.0020794356241822243 -0.007167584262788296 0.0009627276449464262
v -0.0024674830492585897 -0.007053608540445566 0.000891033501829952
v -0.0024633577559143305 -0.0070441896095871925 0.0008872256148606539
v -0.002844213042408228 -0.006909665651619434 0.0008031827164813876
v -0.0028394372202455997 -0.006900350097566843 0.0007995009073056281
v -0.0028394372202455997 -0.006900350097566843 0.0007995009073056281
v -0.002834942191839218 -0.006890294142067432 0.0007981513044796884
v -0.0024633577559143305 -0.0070441896095871925 0.0008872256148606539
v -0.002481912961229682 -0.007025458384305239 0.0008804669487290084
v -0.002459469949826598 -0.007034050766378641 0.000885699933860451
v -0.0032215637620538473 -0.006716969422996044 0.0006931664538569748
v -0.0031262238044291735 -0.00675971107557416 0.0007190554752014577
v -0.003226690925657749 -0.006726928520947695 0.000694297777954489
v -0.0028394372202455997 -0.006900350097566843 0.0007995009073056281
v -0.0032321480102837086 -0.006736123468726873 0.0006978236488066614
v -0.002844213042408228 -0.006909665651619434 0.0008031827164813876
v -0.0032376579474657774 -0.00674408720806241 0.0007035651942715049
v -0.0028490349650382996 -0.006917782127857208 0.0008090152987278998
v -0.0032429418060928583 -0.0067504169419407845 0.0007112313178367913
v -0.0028536648023873568 -0.006924299988895655 0.0008167114574462175
v -0.0032477311324328184 -0.006754791364073753 0.0007204333669506013
v -0.0028578750789165497 -0.006928897462785244 0.0008258920279331505
v -0.0032517837826162577 -0.006756988819688559 0.0007307048072107136
v -0.002861458109691739 -0.006931348703801632 0.0008361047366634011
v -0.0032548937015235424 -0.006756897550076246 0.0007415248546749353
v -0.0028642374090850353 -0.0069315326400101185 0.000846846669446677
v -0.0036213905550539494 -0.006508555728942156 0.0005679583991877735
v -0.0032215637620538473 -0.006716969422996044 0.0006931664538569748
v -0.003627181053161621 -0.006518399342894554 0.0005688217934221029
v -0.003226690925657749 -0.006726928520947695 0.000694297777954489
v -0.003633356187492609 -0.006527450401335955 0.0005721563356928527
v -0.0032321480102837086 -0.006736123468726873 0.0006978236488066614
v -0.003639591857790947 -0.0065352339297533035 0.0005777869955636561
v -0.0032376579474657774 -0.00674408720806241 0.0007035651942715049
v -0.003645560937002301 -0.006541341543197632 0.0005854183691553771
v -0.0032429418060928583 -0.0067504169419407845 0.0007112313178367913
v -0.0036509502679109573 -0.006545452866703272 0.0005946501041762531
v -0.0032477311324328184 -0.006754791364073753 0.0007204333669506013
v -0.0036554771941155195 -0.0065473522990942 0.0006049977382645011
v -0.0032517837826162577 -0.006756988819688559 0.0007307048072107136
v -0.0034674478229135275 -0.0066464366391301155 0.0006754419300705194
v -0.0032548937015235424 -0.006756897550076246 0.0007415248546749353
v -0.0036589037626981735 -0.0065469397231936455 0.0006159183685667813
v -0.004013928584754467 -0.006335485726594925 0.0004907601978629827
v -0.0036554771941155195 -0.0065473522990942 0.0006049977382645011
v -0.0040102493949234486 -0.006336210295557976 0.0004797321744263172
v -0.0036509502679109573 -0.006545452866703272 0.0005946501041762531
v -0.004005317110568285 -0.006334603764116764 0.0004693026712629944
v -0.003645560937002301 -0.006541341543197632 0.0005854183691553771
v -0.0039993999525904655 -0.006330752745270729 0.00046003772877156734
v -0.003639591857790947 -0.0065352339297533035 0.0005777869955636561
v -0.003992819227278233 -0.006324866320937872 0.00045244020293466747
v -0.003633356187492609 -0.006527450401335955 0.0005721563356928527
v -0.003985931631177664 -0.006317263934761286 0.0004469223495107144
v -0.003627181053161621 -0.006518399342894554 0.0005688217934221029
v -0.003979111555963755 -0.006308358162641525 0.0004437837051227689
v -0.0037722724955528975 -0.006418404169380665 0.0005143785965628922
v -0.00397272827103734 -0.006298632360994816 0.0004431945853866637
v -0.004311869852244854 -0.0060696848668158054 0.00030886760214343667
v -0.00397272827103734 -0.006298632360994816 0.0004431945853866637
v -0.004318835213780403 -0.0060792784206569195 0.00030915363458916545
v -0.003979111555963755 -0.006308358162641525 0.0004437837051227689
v -0.004326293710619211 -0.006088023539632559 0.00031207563006319106
v -0.003985931631177664 -0.006317263934761286 0.0004469223495107144
v -0.004333825781941414 -0.006095427554100752 0.00031746921013109386
v -0.003992819227278233 -0.006324866320937872 0.00045244020293466747
v -0.004341007210314274 -0.0061010741628706455 0.00032503093825653195
v -0.0039993999525904655 -0.006330752745270729 0.00046003772877156734
v -0.004347434267401695 -0.006104646250605583 0.0003343354328535497
v -0.004005317110568285 -0.006334603764116764 0.0004693026712629944
v -0.00435274513438344 -0.006105942185968161 0.00034485929063521326
v -0.0040102493949234486 -0.006336210295557976 0.0004797321744263172
v -0.004289877600967884 -0.0061498116701841354 0.0003822610015049577
v -0.004013928584754467 -0.006335485726594925 0.0004907601978629827
v -0.004823447670787573 -0.00566471740603447 0.00007663929864065722
v -0.004638661164790392 -0.005821738857775927 0.0001656510285101831
v -0.004646200221031904 -0.005831182934343815 0.00016560533549636602
v -0.00453044893220067 -0.005903842393308878 0.00021307505085133016
v -0.004356641788035631 -0.006104889325797558 0.0003560104232747108
v -0.004686887376010418 -0.005855176132172346 0.00021234525775071234
v -0.00435274513438344 -0.006105942185968161 0.00034485929063521326
v -0.004682811908423901 -0.005856567993760109 0.00020105426665395498
v -0.004347434267401695 -0.006104646250605583 0.0003343354328535497
v -0.0046771494671702385 -0.005855598021298647 0.0001904228120110929
v -0.004341007210314274 -0.0061010741628706455 0.00032503093825653195
v -0.00467023067176342 -0.005852323491126299 0.00018107189680449665
v -0.004333825781941414 -0.006095427554100752 0.00031746921013109386
v -0.0046624597162008286 -0.005846935324370861 0.0001735477417241782
v -0.004326293710619211 -0.006088023539632559 0.00031207563006319106
v -0.004654290620237589 -0.005839748773723841 0.00016828984371386468
v -0.004318835213780403 -0.0060792784206569195 0.00030915363458916545
v -0.004646200221031904 -0.005831182934343815 0.00016560533549636602
v -0.004418242257088423 -0.005988976918160915 0.0002622497850097716
v -0.00453044893220067 -0.005903842393308878 0.00021307505085133016
v -0.004951116628944874 -0.005556230898946524 0.0000151411095430376
v -0.004823447670787573 -0.00566471740603447 0.00007663929864065722
v -0.004959216807037592 -0.005565505940467119 0.000014737448509549722
v -0.004646200221031904 -0.005831182934343815 0.00016560533549636602
v -0.004967929795384407 -0.005573872476816177 0.000017165202734759077
v -0.004654290620237589 -0.005839748773723841 0.00016828984371386468
v -0.00497672613710165 -0.005580822005867958 0.000022276952222455293
v -0.0046624597162008286 -0.005846935324370861 0.0001735477417241782
v -0.004985072184354067 -0.0055859326384961605 0.000029762306439806707
v -0.00467023067176342 -0.005852323491126299 0.00018107189680449665
v -0.0049924603663384914 -0.005588894709944725 0.000039166738133644685
v -0.0046771494671702385 -0.005855598021298647 0.0001904228120110929
v -0.004998442716896534 -0.005589527543634176 0.000049919195589609444
v -0.004682811908423901 -0.005856567993760109 0.00020105426665395498
v -0.005002656020224094 -0.005587793421000242 0.00006136677257018164
v -0.004686887376010418 -0.005855176132172346 0.00021234525775071234
v 0.00007475275924662128 0.007495816797018051 1.4575893203527812e-7
v 0.00007498117338400334 0.007499624975025654 0
v 0.0002499299880582839 0.007476828992366791 0
v 0.001175815355964005 0.006700074765831232 0
v 0.0011671377578750253 0.006696601863950491 8.813955219011405e-7
v 0.001101442496292293 0.006839956622570753 5.592147545030457e-7
v 0.001175815355964005 0.006700074765831232 0
v 0.001101442496292293 0.006839956622570753 5.592147545030457e-7
v 0.0011079777032136917 0.006843548268079758 0
v 0.0010780206648632884 0.00688081094995141 5.016956379222393e-7
v 0.0010731356451287866 0.006903152447193861 0
v 0.0010780206648632884 0.00688081094995141 5.016956379222393e-7
v 0.0010672915959730744 0.006899525411427021 4.753472921947832e-7
v 0.0010731356451287866 0.006903152447193861 0
v 0.0009648495470173657 0.0070436797104775906 3.352528779032582e-7
v 0.0009692964958958328 0.007047372870147228 0
v 0.0009318169904872775 0.0070785158313810825 3.135230599582428e-7
v 0.000846752489451319 0.007175538223236799 0
v 0.0005199284642003477 0.0073829530738294125 1.744547830639931e-7
v 0.0004885345115326345 0.0074034640565514565 0
v 0.0006456223782151937 0.007324159145355225 0
v 0.0009318169904872775 0.0070785158313810825 3.135230599582428e-7
v 0.0008433600305579603 0.007171802222728729 2.553333615651354e-7
v 0.000846752489451319 0.007175538223236799 0
v 0.0007858716999180615 0.007221185602247715 2.3158503381637274e-7
v 0.0007888783002272248 0.0072249360382556915 0
v 0.0007450900739058852 0.007249576039612293 2.2062178572923585e-7
v 0.0006456223782151937 0.007324159145355225 0
v 0.0006433769012801349 0.007320384029299021 1.9327845279804023e-7
v 0.0005199284642003477 0.0073829530738294125 1.744547830639931e-7
v 0.0005199284642003477 0.0073829530738294125 1.744547830639931e-7
v 0.00048693997086957097 0.007399673108011484 1.694246236638719e-7
v 0.0004885345115326345 0.0074034640565514565 0
v 0.00041728047654032707 0.007426649332046509 1.6219610188272782e-7
v 0.00041861578938551247 0.0074304454028606415 0
v 0.00026726105716079473 0.00746803218498826 1.520727579418235e-7
v 0.0002499299880582839 0.007476828992366791 0
v 0.00024916257825680077 0.0074730245396494865 1.5085147708759905e-7
v 0.00007475275924662128 0.007495816797018051 1.4575893203527812e-7
v 0.004973523784428835 -0.005536016076803207 0.0000038095245145086665
v 0.004875724203884602 -0.005221550818532705 0.0000037260747376421932
v 0.004974856041371822 -0.005536452867090702 0.0000033526596325827995
v 0.004884591791778803 -0.005218787118792534 9.40361474022211e-7
v 0.004979744087904692 -0.005537996534258127 0.0000019401470581215108
v 0.004984436556696892 -0.005539302248507738 0.0000013646777006215416
v 0.004984436556696892 -0.005539302248507738 0.0000013646777006215416
v 0.004884591791778803 -0.005218787118792534 9.40361474022211e-7
v 0.0049873110838234425 -0.005540102254599333 0.0000010121603963852976
v 0.004893806297332048 -0.00521591491997242 0
v 0.0049955639988183975 -0.005542398896068335 6.776263578034403e-21
v 0.004875724203884602 -0.005221550818532705 0.0000037260747376421932
v 0.004760231822729111 -0.004850195255130529 0.0000036286915019445587
v 0.004884591791778803 -0.005218787118792534 9.40361474022211e-7
v 0.004768991842865944 -0.004847464617341757 9.155552902484487e-7
v 0.004893806297332048 -0.00521591491997242 0
v 0.004778084810823202 -0.004844630602747202 0
v 0.0011912714689970016 0.006659498438239098 0
v 0.0012053586542606354 0.006618426647037268 0
v 0.0012001643190160394 0.006616741884499788 6.036770514583623e-7
v 0.0011671377578750253 0.006696601863950491 8.813955219011405e-7
v 0.001175815355964005 0.006700074765831232 0
v 0.0011795083992183208 0.006662414874881506 0.0000010019181218012818
v 0.0011912714689970016 0.006659498438239098 0
v 0.0011818035272881389 0.006656072102487087 0.0000010242790722259087
v 0.0012001643190160394 0.006616741884499788 6.036770514583623e-7
v 0.0011949699837714434 0.006615057121962309 0.0000012073541029167245
v 0.004760231822729111 -0.004850195255130529 0.0000036286915019445587
v 0.00397444749251008 -0.0023235182743519545 0.0000030002886433067033
v 0.004768991842865944 -0.004847464617341757 9.155552902484487e-7
v 0.003973784390836954 -0.0022931350395083427 7.540238016190415e-7
v 0.004778084810823202 -0.004844630602747202 0
v 0.0018542747711762786 0.004494155757129192 0.0000016232386315095937
v 0.0015957667492330074 0.005345587152987719 3.7039708900010737e-7
v 0.0023871727753430605 0.0028033913113176823 4.814141902897973e-7
v 0.00397444749251008 -0.0023235182743519545 0.0000030002886433067033
v 0.003965774551033974 -0.0022956314496695995 0.0000029933530640846584
v 0.003973784390836954 -0.0022931350395083427 7.540238016190415e-7
v 0.003171338001266122 0.00025893872953020036 0.0000024212999960582238
v 0.003178585087880492 0.00026119736139662564 6.090342594688991e-7
v 0.0029196443501859903 0.0010682947468012571 0.0000022605661342822714
v 0.0023871727753430605 0.0028033913113176823 4.814141902897973e-7
v 0.0023806917015463114 0.0028013712726533413 0.0000019163862816640176
v 0.0018542747711762786 0.004494155757129192 0.0000016232386315095937
v 0.0018542747711762786 0.004494155757129192 0.0000016232386315095937
v 0.0015900530852377415 0.005343806464225054 0.0000014761005786567694
v 0.0015957667492330074 0.005345587152987719 3.7039708900010737e-7
v 0.0015493162209168077 0.005474803037941456 0.000001455158894714259
v 0.001554990536533296 0.005476571153849363 3.651228723811073e-7
v 0.0013161730021238327 0.006225036922842264 0.0000012921150300826412
v 0.0012001643190160394 0.006616741884499788 6.036770514583623e-7
v 0.0011949699837714434 0.006615057121962309 0.0000012073541029167245
v 0.004778084810823202 -0.004844630602747202 0
v 0.003973784390836954 -0.0022931350395083427 7.540238016190415e-7
v 0.003982043359428644 -0.0022905608639121056 0
v 0.003178585087880492 0.00026119736139662564 6.090342594688991e-7
v 0.003186012851074338 0.0002635123673826456 0
v 0.0023871727753430605 0.0028033913113176823 4.814141902897973e-7
v 0.0023937809746712446 0.0028054506983608007 0
v 0.0015957667492330074 0.005345587152987719 3.7039708900010737e-7
v 0.0016015664441511035 0.00534739438444376 0
v 0.001554990536533296 0.005476571153849363 3.651228723811073e-7
v 0.0015607487875968218 0.005478365812450647 0
v 0.0012001643190160394 0.006616741884499788 6.036770514583623e-7
v 0.0012053586542606354 0.006618426647037268 0
v 0.0007081587100401521 0.007281686645001173 0
v 0.0005210635135881603 0.007380409631878138 0
v 0.0003264620900154114 -0.00010181817197008058 0.0005760799976997077
v -0.00457001430913806 -0.005946757737547159 0.00020531458721961826
v -0.004553719889372587 -0.005958952009677887 0.00021245105017442256
v -0.004438154399394989 -0.0057891374453902245 0.00023303793568629771
v -0.0044146012514829636 -0.0060630664229393005 0.0002733799919951707
v -0.004104851745069027 -0.006276924163103104 0.0003998934698756784
v -0.0037963930517435074 -0.006238441448658705 0.0004887927207164466
v 0.0003388430050108582 -0.007491950877010822 0.0011410319712013006
v 0.0007081920630298555 -0.0003526315849740058 0.0005743649671785533
v 0.0006004454917274415 -0.0002539058914408088 0.000575126672629267
v 0.0003562231722753495 -0.0074915350414812565 0.001140780164860189
v 0.0004143185506109148 -0.0074873510748147964 0.0011382310185581446
v 0.0007960693328641355 -0.00045900914119556546 0.0005733628640882671
v 0.004590037278831005 -0.0059312921948730946 0.0001963128161150962
v 0.004736091010272503 -0.005815442651510239 0.00012905741459690034
v 0.004522919189184904 -0.00405762018635869 1.1871387661961663e-13
v 0.004877037368714809 -0.005697438959032297 0.00006132336420705542
v 0.004999999888241291 -0.005590170156210661 1.357579548994306e-13
v 0.00455360347405076 -0.005958763416856527 0.00021236839529592544
v 0.004438154399394989 -0.0057891374453902245 0.00023303793568629771
v 0.004435717593878508 -0.0060476502403616905 0.0002643181069288403
v 0.004426849074661732 -0.006053815595805645 0.00026796243037097156
v 0.004426849074661732 -0.006053815595805645 0.00026796243037097156
v 0.004438154399394989 -0.0057891374453902245 0.00023303793568629771
v 0.0041235205717384815 -0.006264679599553347 0.0003926033969037235
v 0.0038625444285571575 -0.004946050699800253 0.00032586182351224124
v 0.003810325637459755 -0.006459841039031744 0.0005094293737784028
v 0.0031405738554894924 -0.0068100313656032085 0.0007218513637781143
v 0.003164249239489436 -0.00679972255602479 0.0007155389757826924
v 0.003192218951880932 -0.005820769350975752 0.0006061423919163644
v 0.00348975183442235 -0.006638516206294298 0.0006173863657750189
v 0.0037859368603676558 -0.0064734346233308315 0.0005176426493562758
v 0.0031405738554894924 -0.0068100313656032085 0.0007218513637781143
v 0.003192218951880932 -0.005820769350975752 0.0006061423919163644
v 0.0028199972584843636 -0.006949617061764002 0.0008073236676864326
v 0.0025846404023468494 -0.005401461850851774 0.0007014496950432658
v 0.0024913097731769085 -0.007074073888361454 0.0008838826324790716
v 0.0024913097731769085 -0.007074073888361454 0.0008838826324790716
v 0.0025846404023468494 -0.005401461850851774 0.0007014496950432658
v 0.002131222514435649 -0.00719081237912178 0.000955827534198761
v 0.001975020859390497 -0.004980080295354128 0.0007747439667582512
v 0.0018500711303204298 -0.007267128210514784 0.0010029287077486515
v 0.0018500711303204298 -0.007267128210514784 0.0010029287077486515
v 0.001975020859390497 -0.004980080295354128 0.0007747439667582512
v 0.0017984489677473903 -0.007281140889972448 0.0010115769691765308
v 0.0013647008454427123 -0.0045561715960502625 0.000826142611913383
v 0.0014260807074606419 -0.0073631699196994305 0.0010621140245348215
v 0.0005722900968976319 -0.007475974038243294 0.0011312993010506034
v 0.0007209477480500937 -0.0074652680195868015 0.0011247764341533184
v 0.0007549317087978125 -0.004129249602556229 0.0008559336420148611
v 0.0010886910604313016 -0.007420537061989307 0.0010973939206451178
v 0.0013647008454427123 -0.0045561715960502625 0.000826142611913383
v 0.0012086376082152128 -0.00740014249458909 0.0010848514502868056
v 0.0014260807074606419 -0.0073631699196994305 0.0010621140245348215
v 0.0003388430050108582 -0.007491950877010822 0.0011410319712013006
v 0.0006004454917274415 -0.0002539058914408088 0.000575126672629267
v 0.00026739740860648453 -0.007493662182241678 0.001142067019827664
v 0.00047276957775466144 -0.00016843593039084226 0.0005756877944804728
v 0.00019862654153257608 -0.007495309226214886 0.0011430633021518588
v 0.0003264620900154114 -0.00010181817197008058 0.0005760799976997077
v 0.00013151316670700908 -0.007496916223317385 0.0011440356029197574
v 0.00019862654153257608 -0.007495309226214886 0.0011430633021518588
v 0.00016671560297254473 -0.000059517395129660144 0.0005763120716437697
v -3.6159555349968286e-9 -0.00004501564035308547 0.0005763884400948882
v 0.00006547126395162195 -0.007498498074710369 0.001144992420449853
v 0.000002747153530435753 -0.007499999832361937 0.001145901158452034
v 0.000002747153530435753 -0.007499999832361937 0.001145901158452034
v -3.6159555349968286e-9 -0.00004501564035308547 0.0005763884400948882
v -0.000039552767702843994 -0.00749990064650774 0.001145838527008891
v -0.0001667206670390442 -0.000059517395129660144 0.0005763121298514307
v -0.0000654747782391496 -0.007499173283576965 0.0011453982442617416
v -0.00032646270119585097 -0.00010181817197008058 0.0005760801141150296
v -0.00013150591985322535 -0.0074973199516534805 0.0011442768154665828
v -0.0000654747782391496 -0.007499173283576965 0.0011453982442617416
v -0.00013150591985322535 -0.0074973199516534805 0.0011442768154665828
v -0.0004727665800601244 -0.00016843593039084226 0.0005756879108957946
v -0.00019861872715409845 -0.007495435886085033 0.0011431368766352534
v -0.0006004421156831086 -0.0002539058914408088 0.0005751267308369279
v -0.0002674017450772226 -0.0074935052543878555 0.0011419686488807201
v -0.00041428080294281244 -0.007487824186682701 0.0011385200778022408
v -0.0003809570043813437 -0.007490318268537521 0.0011400398798286915
v -0.0007081904332153499 -0.0003526315849740058 0.0005743649671785533
v -0.00033886689925566316 -0.007491499651223421 0.0011407547863200307
v -0.0002674017450772226 -0.0074935052543878555 0.0011419686488807201
v -0.0010596713982522488 -0.004343118518590927 0.0008437168435193598
v -0.0008897354709915817 -0.007444688118994236 0.0011121764546260238
v -0.0007549317087978125 -0.004129249602556229 0.0008559336420148611
v -0.0007382037583738565 -0.007463581394404173 0.0011237460421398282
v -0.0017929195892065763 -0.007282503880560398 0.0010124180698767304
v -0.0013647008454427123 -0.0045561715960502625 0.000826142611913383
v -0.0018501079175621271 -0.007267012260854244 0.0010028566466644406
v -0.001975020859390497 -0.004980080295354128 0.0007747439667582512
v -0.002129343571141362 -0.007191370707005262 0.0009561710758134723
v -0.0017929195892065763 -0.007282503880560398 0.0010124180698767304
v -0.0014580078423023224 -0.007356912363320589 0.0010582625400274992
v -0.0013647008454427123 -0.0045561715960502625 0.000826142611913383
v -0.0012086168862879276 -0.0074003515765070915 0.001084982417523861
v -0.0010596713982522488 -0.004343118518590927 0.0008437168435193598
v -0.001116145052947104 -0.007416458800435066 0.0010948898270726204
v -0.0008897354709915817 -0.007444688118994236 0.0011121764546260238
v -0.003192218951880932 -0.005820769350975752 0.0006061423919163644
v -0.003141069086268544 -0.00680957455188036 0.0007215969380922616
v -0.0025846404023468494 -0.005401461850851774 0.0007014496950432658
v -0.003109430195763707 -0.006824937649071217 0.0007309651700779796
v -0.003109430195763707 -0.006824937649071217 0.0007309651700779796
v -0.002788641955703497 -0.006962275598198175 0.0008150885696522892
v -0.0025846404023468494 -0.005401461850851774 0.0007014496950432658
v -0.002494859043508768 -0.007071949075907469 0.0008825851255096495
v -0.001975020859390497 -0.004980080295354128 0.0007747439667582512
v -0.0024579723831266165 -0.007085719611495733 0.0008910598699003458
v -0.002129343571141362 -0.007191370707005262 0.0009561710758134723
v -0.004104851745069027 -0.006276924163103104 0.0003998934698756784
v -0.003787895431742072 -0.006472981069236994 0.0005173546960577369
v -0.0037963930517435074 -0.006238441448658705 0.0004887927207164466
v -0.003784535452723503 -0.006474831607192755 0.0005184733308851719
v -0.003192218951880932 -0.005820769350975752 0.0006061423919163644
v -0.003442639485001564 -0.006663137581199408 0.0006323021952994168
v -0.003141069086268544 -0.00680957455188036 0.0007215969380922616
v -0.004426297731697559 -0.00605431292206049 0.00026825739769265056
v -0.0044146012514829636 -0.0060630664229393005 0.0002733799919951707
v -0.0038625444285571575 -0.004946050699800253 0.00032586182351224124
v -0.004522919189184904 -0.00405762018635869 1.409334947278334e-19
v -0.004999999888241291 -0.005590170156210661 1.6116770252876999e-19
v -0.004871042910963297 -0.005702570546418428 0.00006426011532312259
v -0.00457001430913806 -0.005946757737547159 0.00020531458721961826
v -0.004438154399394989 -0.0057891374453902245 0.00023303793568629771
v -0.004717385862022638 -0.005830603186041117 0.00013783122994937003
v 0.003810325637459755 -0.006459841039031744 0.0005094293737784028
v 0.0038625444285571575 -0.004946050699800253 0.00032586182351224124
v 0.0037859368603676558 -0.0064734346233308315 0.0005176426493562758
v 0.0032832229044288397 -0.0041004978120327 0.0004040949570480734
v 0.003192218951880932 -0.005820769350975752 0.0006061423919163644
v 0.0027009404730051756 -0.003251635003834963 0.0004676331009250134
v 0.0025846404023468494 -0.005401461850851774 0.0007014496950432658
v 0.0021164207719266415 -0.002398572862148285 0.0005164959584362805
v 0.001975020859390497 -0.004980080295354128 0.0007747439667582512
v 0.001530366251245141 -0.0015403956640511751 0.0005507617606781423
v 0.0013647008454427123 -0.0045561715960502625 0.000826142611913383
v 0.0009434048552066088 -0.0006761167314834893 0.000570622447412461
v 0.0007549317087978125 -0.004129249602556229 0.0008559336420148611
v -0.0044146012514829636 -0.0060630664229393005 0.0002733799919951707
v -0.0037963930517435074 -0.006238441448658705 0.0004887927207164466
v -0.0038625444285571575 -0.004946050699800253 0.00032586182351224124
v -0.003192218951880932 -0.005820769350975752 0.0006061423919163644
v -0.0032832229044288397 -0.0041004978120327 0.0004040949570480734
v -0.0025846404023468494 -0.005401461850851774 0.0007014496950432658
v -0.0027009404730051756 -0.003251635003834963 0.0004676331009250134
v -0.001975020859390497 -0.004980080295354128 0.0007747439667582512
v -0.0021164207719266415 -0.002398572862148285 0.0005164959584362805
v -0.0013647008454427123 -0.0045561715960502625 0.000826142611913383
v -0.001530366251245141 -0.0015403956640511751 0.0005507617606781423
v -0.0010596713982522488 -0.004343118518590927 0.0008437168435193598
v -0.0009434048552066088 -0.0006761167314834893 0.000570622447412461
v -0.0007549317087978125 -0.004129249602556229 0.0008559336420148611
v -0.0007960692164488137 -0.00045900914119556546 0.0005733628640882671
v -0.00032646270119585097 -0.00010181817197008058 0.0005760801141150296
v -0.0005233942065387964 0.007384367752820253 0
v -0.0005358398775570095 0.007380099501460791 0
v -0.00013150591985322535 -0.0074973199516534805 0.0011442768154665828
v -0.00032646270119585097 -0.00010181817197008058 0.0005760801141150296
v -0.0004727665800601244 -0.00016843593039084226 0.0005756879108957946
v -0.0005358398775570095 0.007380099501460791 0
v -0.0007493147859349847 0.007249858696013689 0
v -0.0000654747782391496 -0.007499173283576965 0.0011453982442617416
v -0.0001667206670390442 -0.000059517395129660144 0.0005763121298514307
v -0.00032646270119585097 -0.00010181817197008058 0.0005760801141150296
v -0.0002753480221144855 0.007469431031495333 0
v -0.0005233942065387964 0.007384367752820253 0
v -0.0002674017450772226 -0.0074935052543878555 0.0011419686488807201
v -0.0006004421156831086 -0.0002539058914408088 0.0005751267308369279
v -0.0007081904332153499 -0.0003526315849740058 0.0005743649671785533
v -0.000982760451734066 0.007026130799204111 0
v -0.0010773214744403958 0.006877772510051727 0
v -0.0010773214744403958 0.006877772510051727 0
v -0.0011244966881349683 0.006803758442401886 0
v -0.0007081904332153499 -0.0003526315849740058 0.0005743649671785533
v -0.0007960692164488137 -0.00045900914119556546 0.0005733628640882671
v -0.00041428080294281244 -0.007487824186682701 0.0011385200778022408
v -0.0007549317087978125 -0.004129249602556229 0.0008559336420148611
v -0.0005722867790609598 -0.007475998718291521 0.0011313133873045444
v -0.0007382037583738565 -0.007463581394404173 0.0011237460421398282
v -0.0007493147859349847 0.007249858696013689 0
v -0.0007670919294469059 0.007239012513309717 0
v -0.0004727665800601244 -0.00016843593039084226 0.0005756879108957946
v -0.0007948181009851396 0.007217018865048885 0
v -0.0006004421156831086 -0.0002539058914408088 0.0005751267308369279
v -0.0009338713716715574 0.007075786124914885 0
v -0.000982760451734066 0.007026130799204111 0
v -0.001131878001615405 0.0027770157903432846 0.0002853112237062305
v -0.0011802014196291566 0.006665793713182211 0
v -0.0012000000569969416 0.006616758648306131 0
v -0.003994847182184458 -0.0023612682707607746 1.1853661029067983e-19
v -0.0033742268569767475 -0.0023802262730896473 0.0002020474785240367
v -0.0034652308095246553 -0.0006599547923542559 9.607422348876973e-20
v -0.0028172407764941454 -0.0011018081568181515 0.0002338165504625067
v -0.002933541079983115 0.0010480188066139817 7.352390351033612e-20
v -0.0022578209172934294 0.00018293461471330374 0.00025824797921814024
v -0.0023992208298295736 0.002764442004263401 5.0862017546784415e-20
v -0.001696031540632248 0.0014753805007785559 0.00027538088033907115
v -0.0018616969464346766 0.004491156432777643 2.8064257474098077e-20
v -0.001131878001615405 0.0027770157903432846 0.0002853112237062305
v -0.0013203511480242014 0.006230148486793041 5.104400293610105e-21
v -0.0012000000569969416 0.006616758648306131 0
v -0.004871042910963297 -0.005702570546418428 0.00006426011532312259
v -0.004717385862022638 -0.005830603186041117 0.00013783122994937003
v -0.004522919189184904 -0.00405762018635869 1.409334947278334e-19
v -0.004438154399394989 -0.0057891374453902245 0.00023303793568629771
v -0.003994847182184458 -0.0023612682707607746 1.1853661029067983e-19
v -0.0011244966881349683 0.006803758442401886 0
v -0.0011802014196291566 0.006665793713182211 0
v -0.0007960692164488137 -0.00045900914119556546 0.0005733628640882671
v -0.001131878001615405 0.0027770157903432846 0.0002853112237062305
v -0.0009434048552066088 -0.0006761167314834893 0.000570622447412461
v -0.001696031540632248 0.0014753805007785559 0.00027538088033907115
v -0.001530366251245141 -0.0015403956640511751 0.0005507617606781423
v -0.0022578209172934294 0.00018293461471330374 0.00025824797921814024
v -0.0021164207719266415 -0.002398572862148285 0.0005164959584362805
v -0.0028172407764941454 -0.0011018081568181515 0.0002338165504625067
v -0.0027009404730051756 -0.003251635003834963 0.0004676331009250134
v -0.0033742268569767475 -0.0023802262730896473 0.0002020474785240367
v -0.0032832229044288397 -0.0041004978120327 0.0004040949570480734
v -0.003994847182184458 -0.0023612682707607746 1.1853661029067983e-19
v -0.0038625444285571575 -0.004946050699800253 0.00032586182351224124
v -0.004438154399394989 -0.0057891374453902245 0.00023303793568629771
v -0.004426297731697559 -0.00605431292206049 0.00026825739769265056
v -0.004553719889372587 -0.005958952009677887 0.00021245105017442256
v 0.00455360347405076 -0.005958763416856527 0.00021236839529592544
v 0.004590037278831005 -0.0059312921948730946 0.0001963128161150962
v 0.004438154399394989 -0.0057891374453902245 0.00023303793568629771
v 0.004522919189184904 -0.00405762018635869 1.1871387661961663e-13
v 0.0038625444285571575 -0.004946050699800253 0.00032586182351224124
v 0.003994847182184458 -0.0023612682707607746 9.984809474453821e-14
v 0.0032832229044288397 -0.0041004978120327 0.0004040949570480734
v 0.0003388430050108582 -0.007491950877010822 0.0011410319712013006
v 0.0003562231722753495 -0.0074915350414812565 0.001140780164860189
v 0.0007081920630298555 -0.0003526315849740058 0.0005743649671785533
v 0.0007960693328641355 -0.00045900914119556546 0.0005733628640882671
v 0.0011787768453359604 0.006665062624961138 0
v 0.001131878001615405 0.0027770157903432846 0.0002853112237062305
v 0.0005210635135881603 0.007380409631878138 0
v 0.0004582649562507868 0.007413546089082956 0
v 0.0003264620900154114 -0.00010181817197008058 0.0005760799976997077
v 0.00016671560297254473 -0.000059517395129660144 0.0005763120716437697
v 0.00013151316670700908 -0.007496916223317385 0.0011440356029197574
v 0.00006547126395162195 -0.007498498074710369 0.001144992420449853
v 0.00019862654153257608 -0.007495309226214886 0.0011430633021518588
v 0.00047276957775466144 -0.00016843593039084226 0.0005756877944804728
v 0.0003264620900154114 -0.00010181817197008058 0.0005760799976997077
v 0.0007473465520888567 0.007248077541589737 0
v 0.0007081587100401521 0.007281686645001173 0
v 0.0011787768453359604 0.006665062624961138 0
v 0.0010883581126108766 0.006870858371257782 0
v 0.0007081920630298555 -0.0003526315849740058 0.0005743649671785533
v 0.001081398339010775 0.00688026612624526 0
v 0.0006004454917274415 -0.0002539058914408088 0.000575126672629267
v 0.0009352733613923192 0.007077788468450308 0
v 0.00047276957775466144 -0.00016843593039084226 0.0005756877944804728
v 0.0009168253163807094 0.007102725096046925 0
v 0.0007473465520888567 0.007248077541589737 0
v 0.0034652308095246553 -0.0006599547923542559 8.092713375514385e-14
v 0.002933541079983115 0.0010480188066139817 6.1932101428578e-14
v 0.0028172407764941454 -0.0011018081568181515 0.0002338165504625067
v 0.0023992208298295736 0.002764442004263401 4.284309587871196e-14
v 0.0022578209172934294 0.00018293461471330374 0.00025824797921814024
v 0.0018616969464346766 0.004491156432777643 2.3639637542947033e-14
v 0.001696031540632248 0.0014753805007785559 0.00027538088033907115
v 0.0013203511480242014 0.006230148486793041 4.2996391901506045e-15
v 0.001131878001615405 0.0027770157903432846 0.0002853112237062305
v 0.0012000000569969416 0.006616758648306131 0
v 0.0011787768453359604 0.006665062624961138 0
v 0.003994847182184458 -0.0023612682707607746 9.984809474453821e-14
v 0.0034652308095246553 -0.0006599547923542559 8.092713375514385e-14
v 0.0032832229044288397 -0.0041004978120327 0.0004040949570480734
v 0.0028172407764941454 -0.0011018081568181515 0.0002338165504625067
v 0.0027009404730051756 -0.003251635003834963 0.0004676331009250134
v 0.0022578209172934294 0.00018293461471330374 0.00025824797921814024
v 0.0021164207719266415 -0.002398572862148285 0.0005164959584362805
v 0.001696031540632248 0.0014753805007785559 0.00027538088033907115
v 0.001530366251245141 -0.0015403956640511751 0.0005507617606781423
v 0.001131878001615405 0.0027770157903432846 0.0002853112237062305
v 0.0009434048552066088 -0.0006761167314834893 0.000570622447412461
v 0.0007960693328641355 -0.00045900914119556546 0.0005733628640882671
v 0.0007549317087978125 -0.004129249602556229 0.0008559336420148611
v 0.0004143185506109148 -0.0074873510748147964 0.0011382310185581446
v 0.0005722900968976319 -0.007475974038243294 0.0011312993010506034
v 0.0004582649562507868 0.007413546089082956 0
v 0.0002674847492016852 0.007464356254786253 0
v 0.00016671560297254473 -0.000059517395129660144 0.0005763120716437697
v 0.0001857579918578267 0.007486122660338879 0
v -3.6159555349968286e-9 -0.00004501564035308547 0.0005763884400948882
v 6.244759321673308e-20 0.0074999695643782616 0
v -0.0001667206670390442 -0.000059517395129660144 0.0005763121298514307
v -0.0002691242261789739 0.007470121141523123 0
v -0.0002753480221144855 0.007469431031495333 0
v -0.0018883433658629656 0.007258478086441755 0.005038358271121979
v -0.0018533896654844284 0.007267278619110584 0.005076264962553978
v -0.00185413658618927 0.002968531334772706 0.005076962057501078
v 0.0019626508001238108 0.007238775957375765 0.0018514710245653987
v 0.001961959060281515 0.007238958030939102 0.001850645407103002
v 0.0019619923550635576 0.0028983764350414276 0.001850625267252326
v -0.00008351436554221436 0.007499086670577526 0.000902633008081466
v -0.0000835448590805754 0.0034990026615560055 0.0009013960952870548
v 3.8996791573708833e-8 0.007499999832361937 0.0008999999845400453
v 0.00008315868035424501 0.0034990119747817516 0.0009013836970552802
v 0.0005794003955088556 0.00747717684134841 0.0009687253041192889
v 0.00045052196946926415 0.007486231159418821 0.000940931960940361
v 0.0002502318238839507 0.003491043346002698 0.0009125554352067411
v 0.00045052196946926415 0.007486231159418821 0.000940931960940361
v 0.00029667417402379215 0.0074939667247235775 0.0009176674066111445
v 0.0002502318238839507 0.003491043346002698 0.0009125554352067411
v 0.00025013432605192065 0.007495360914617777 0.0009135653963312507
v 0.00008315868035424501 0.0034990119747817516 0.0009013836970552802
v 0.00014208059292286634 0.007498597726225853 0.000904041575267911
v 3.8996791573708833e-8 0.007499999832361937 0.0008999999845400453
v 0.0008984642918221653 0.00744594493880868 0.0010671420022845268
v 0.0008954890072345734 0.007446332834661007 0.0010658896062523127
v 0.0005795430624857545 0.0034516851883381605 0.0009681033552624285
v 0.000753443397115916 0.0074619511142373085 0.0010162426624447107
v 0.0002502318238839507 0.003491043346002698 0.0009125554352067411
v 0.000416477705584839 0.003475132631137967 0.0009349360479973257
v 0.0005794003955088556 0.00747717684134841 0.0009687253041192889
v 0.0005795430624857545 0.0034516851883381605 0.0009681033552624285
v 0.0006029793294146657 0.007475520018488169 0.0009738102089613676
v 0.000753443397115916 0.0074619511142373085 0.0010162426624447107
v 0.0012011167127639055 0.007402999326586723 0.0012081855675205588
v 0.0011790840653702617 0.007406705990433693 0.0011955219088122249
v 0.000898512254934758 0.0033827023580670357 0.0010670485207810998
v 0.0005795430624857545 0.0034516851883381605 0.0009681033552624285
v 0.0007408367237076163 0.0034206958953291178 0.00101229187566787
v 0.0008984642918221653 0.00744594493880868 0.0010671420022845268
v 0.000898512254934758 0.0033827023580670357 0.0010670485207810998
v 0.0010433258721604943 0.007427064701914787 0.0011281201150268316
v 0.0011790840653702617 0.007406705990433693 0.0011955219088122249
v 0.001482396270148456 0.0073517863638699055 0.001388047938235104
v 0.0014363817172124982 0.007361148949712515 0.0013538419734686613
v 0.0012014474486932158 0.0032873277086764574 0.001207625144161284
v 0.000898512254934758 0.0033827023580670357 0.0010670485207810998
v 0.0010535693727433681 0.0033376626670360565 0.0011328483233228326
v 0.0012011167127639055 0.007402999326586723 0.0012081855675205588
v 0.0012014474486932158 0.0032873277086764574 0.001207625144161284
v 0.001311324187554419 0.007384460419416428 0.001271529239602387
v 0.0014363817172124982 0.007361148949712515 0.0013538419734686613
v 0.0017374248709529638 0.0072958157397806644 0.0016035179141908884
v 0.0016540690558031201 0.007315270137041807 0.00152543222066015
v 0.00148294260725379 0.0031703123822808266 0.001387324882671237
v 0.0012014474486932158 0.0032873277086764574 0.001207625144161284
v 0.00134559057187289 0.0032310038805007935 0.0012930192751809955
v 0.001482396270148456 0.0073517863638699055 0.001388047938235104
v 0.00148294260725379 0.0031703123822808266 0.001387324882671237
v 0.001545438775792718 0.007338958792388439 0.0014349119737744331
v 0.0016540690558031201 0.007315270137041807 0.00152543222066015
v 0.0018685264512896538 0.007263587322086096 0.0017391112633049488
v 0.0017379745841026306 0.0030380000825971365 0.0016029408434405923
v 0.001961959060281515 0.007238958030939102 0.001850645407103002
v 0.001854303409345448 0.002968427026644349 0.0017232366371899843
v 0.0019619923550635576 0.0028983764350414276 0.001850625267252326
v 0.00148294260725379 0.0031703123822808266 0.001387324882671237
v 0.0016142150852829218 0.003105528885498643 0.0014909980818629265
v 0.0017374248709529638 0.0072958157397806644 0.0016035179141908884
v 0.0017379745841026306 0.0030380000825971365 0.0016029408434405923
v 0.0017626835033297539 0.007289920933544636 0.0016271795611828566
v 0.0018685264512896538 0.007263587322086096 0.0017391112633049488
v 0.002301619155332446 0.0026367688551545143 0.0024240268394351006
v 0.0023007227573543787 0.007138355635106564 0.0024243907537311316
v 0.0022310824133455753 0.0026967148296535015 0.0022720613051205873
v 0.0022832362446933985 0.007144015282392502 0.0023817841429263353
v 0.0021509979851543903 0.0027610156685113907 0.0021259584464132786
v 0.0022832362446933985 0.007144015282392502 0.0023817841429263353
v 0.002216487657278776 0.007165034767240286 0.0022436631843447685
v 0.0021509979851543903 0.0027610156685113907 0.0021259584464132786
v 0.002150597283616662 0.00718503026291728 0.002126178005710244
v 0.0020606510806828737 0.0028290841728448868 0.001984481466934085
v 0.0021424531005322933 0.00718750199303031 0.002111656591296196
v 0.0019619923550635576 0.0028983764350414276 0.001850625267252326
v 0.002061226638033986 0.0072112069465219975 0.0019853333942592144
v 0.0019626508001238108 0.007238775957375765 0.0018514710245653987
v 0.002477688482031226 0.0024720558430999517 0.003066782606765628
v 0.002476408611983061 0.007079577539116144 0.0030669542029500008
v 0.0024498309940099716 0.0024996655993163586 0.0029017007909715176
v 0.0024654599837958813 0.007083458360284567 0.0029859552159905434
v 0.0024111676029860973 0.0025369806680828333 0.0027395114302635193
v 0.0024654599837958813 0.007083458360284567 0.0029859552159905434
v 0.002433806424960494 0.007094389759004116 0.0028285873122513294
v 0.0024111676029860973 0.0025369806680828333 0.0027395114302635193
v 0.002409933600574732 0.007102439645677805 0.0027398408856242895
v 0.0023611639626324177 0.002583583816885948 0.002578489715233445
v 0.0023920200765132904 0.007108479738235474 0.0026732487604022026
v 0.002301619155332446 0.0026367688551545143 0.0024240268394351006
v 0.0023402285296469927 0.007125569507479668 0.0025206482969224453
v 0.0023007227573543787 0.007138355635106564 0.0024243907537311316
v 0.0024111676029860973 0.0025369806680828333 0.004060488659888506
v 0.0024730560835450888 0.007080786861479282 0.003765950445085764
v 0.002449823310598731 0.0024996730498969555 0.0038983365520834923
v 0.0024768803268671036 0.0070794206112623215 0.003733124351128936
v 0.002477688482031226 0.0024720558430999517 0.0037332174833863974
v 0.0024909493513405323 0.007074393332004547 0.0036123590543866158
v 0.0024943300522863865 0.00245526316575706 0.003568201558664441
v 0.0024993002880364656 0.007071329280734062 0.0034585094545036554
v 0.002499994821846485 0.002449495019391179 0.0034000000450760126
v 0.0024988551158457994 0.007071495056152344 0.003400008659809828
v 0.0024943328462541103 0.002455260371789336 0.003231840208172798
v 0.002498120767995715 0.007071768864989281 0.0033034724183380604
v 0.002477688482031226 0.0024720558430999517 0.003066782606765628
v 0.0024869076441973448 0.007075855508446693 0.003144626971334219
v 0.002476408611983061 0.007079577539116144 0.0030669542029500008
v 0.002362150466069579 0.007118378300219774 0.004218641668558121
v 0.002408609027042985 0.007102923467755318 0.00406972412019968
v 0.002301619155332446 0.0026367688551545143 0.004375973250716925
v 0.002301619155332446 0.0026367688551545143 0.004375973250716925
v 0.002408609027042985 0.007102923467755318 0.00406972412019968
v 0.0023610780481249094 0.0025836622808128595 0.0042217569425702095
v 0.00241088611073792 0.007102149538695812 0.004060422070324421
v 0.0024111676029860973 0.0025369806680828333 0.004060488659888506
v 0.0024455992970615625 0.007090347353368998 0.0039186240173876286
v 0.0024730560835450888 0.007080786861479282 0.003765950445085764
v 0.0021509979851543903 0.0027610156685113907 0.004674041643738747
v 0.0022471025586128235 0.0071554831229150295 0.004495656117796898
v 0.002230939920991659 0.002696832874789834 0.004528220742940903
v 0.0023011784069240093 0.007138220127671957 0.00437577860429883
v 0.002301619155332446 0.0026367688551545143 0.004375973250716925
v 0.0023085703141987324 0.007135860621929169 0.004359392449259758
v 0.002362150466069579 0.007118378300219774 0.004218641668558121
v 0.0019619923550635576 0.0028983764350414276 0.0049493745900690556
v 0.0020972227212041616 0.007200811989605427 0.0047607324086129665
v 0.002061262493953109 0.002828638767823577 0.004814628046005964
v 0.002150082727894187 0.007185118272900581 0.004673492629081011
v 0.0021509979851543903 0.0027610156685113907 0.004674041643738747
v 0.0021769811864942312 0.007177132647484541 0.004629099741578102
v 0.0022471025586128235 0.0071554831229150295 0.004495656117796898
v 0.0017379745841026306 0.0030380000825971365 0.005197059363126755
v 0.001917205867357552 0.007250931579619646 0.005004450678825378
v 0.0018539766315370798 0.0029686312191188335 0.005077124573290348
v 0.001961012836545706 0.0072390176355838776 0.004948613699525595
v 0.0019619923550635576 0.0028983764350414276 0.0049493745900690556
v 0.0020146251190453768 0.007224437315016985 0.004880278371274471
v 0.0020972227212041616 0.007200811989605427 0.0047607324086129665
v 0.00148294260725379 0.0031703123822808266 0.005412674974650145
v 0.0017084841383621097 0.007302789483219385 0.005225110799074173
v 0.001614679815247655 0.00310528720729053 0.005308608990162611
v 0.0017373203299939632 0.007295828778296709 0.005196410696953535
v 0.0017379745841026306 0.0030380000825971365 0.005197059363126755
v 0.0018169933464378119 0.007276596501469612 0.0051171137019991875
v 0.001917205867357552 0.007250931579619646 0.005004450678825378
v 0.001215167809277773 0.007400874048471451 0.005584795027971268
v 0.0013453034916892648 0.007378352805972099 0.0055071585811674595
v 0.0012014474486932158 0.0032873277086764574 0.005592374596744776
v 0.0014772647991776466 0.007353019900619984 0.005416839849203825
v 0.00134543445892632 0.003231068840250373 0.005507080350071192
v 0.0014828098937869072 0.0073518576100468636 0.005412516184151173
v 0.00148294260725379 0.0031703123822808266 0.005412674974650145
v 0.0015957677969709039 0.007328178267925978 0.005324441473931074
v 0.0017084841383621097 0.007302789483219385 0.005225110799074173
v 0.001215167809277773 0.007400874048471451 0.005584795027971268
v 0.0012014474486932158 0.0032873277086764574 0.005592374596744776
v 0.0012012249790132046 0.007403023075312376 0.005591959226876497
v 0.0010532913729548454 0.003337750444188714 0.005667280871421099
v 0.0010686474852263927 0.007423458155244589 0.0056600794196128845
v 0.000898512254934758 0.0033827023580670357 0.005732951685786247
v 0.0009366199374198914 0.007441283669322729 0.005717911291867495
v 0.0009366199374198914 0.007441283669322729 0.005717911291867495
v 0.000898512254934758 0.0033827023580670357 0.005732951685786247
v 0.0008981646387837827 0.007445707451552153 0.005732028279453516
v 0.0007408041856251657 0.003420703113079071 0.0057877181097865105
v 0.0007854941068217158 0.007458667736500502 0.005773388780653477
v 0.0005795430624857545 0.0034516851883381605 0.005831896793097258
v 0.0006313301855698228 0.007473190780729055 0.005818967241793871
v 0.0006313301855698228 0.007473190780729055 0.005818967241793871
v 0.0005795430624857545 0.0034516851883381605 0.005831896793097258
v 0.0005792813026346266 0.0074770268984138966 0.005830781068652868
v 0.0004165171703789383 0.0034751277416944504 0.005865057464689016
v 0.00047481045476160944 0.007484725676476955 0.00585449393838644
v 0.0002502318238839507 0.003491043346002698 0.005887444596737623
v 0.0003166286332998425 0.007493136450648308 0.00587986595928669
v -0.0000835448590805754 0.0034990026615560055 0.005898603703826666
v -1.5901463257250725e-8 0.007499999832361937 0.005900000222027302
v 0.00008295036241179332 0.0034990168642252684 0.005898623261600733
v 0.00015750143211334944 0.00749827828258276 0.005895032547414303
v 0.0002502318238839507 0.003491043346002698 0.005887444596737623
v 0.00025010533863678575 0.00749528594315052 0.005886206403374672
v 0.0003166286332998425 0.007493136450648308 0.00587986595928669
v -0.0004156757495366037 0.007487916853278875 0.00586413498967886
v -0.00031102640787139535 0.007493374403566122 0.005880578886717558
v -0.0000835448590805754 0.0034990026615560055 0.005898603703826666
v -0.00031102640787139535 0.007493374403566122 0.005880578886717558
v -0.00015647542022634298 0.007498300634324551 0.005895099136978388
v -0.0000835448590805754 0.0034990026615560055 0.005898603703826666
v -0.0000835151513456367 0.007499093189835548 0.005897384602576494
v -1.5901463257250725e-8 0.007499999832361937 0.005900000222027302
v -0.0007405061041936278 0.007463013753294945 0.005787067115306854
v -0.0006170673877932131 0.007474374957382679 0.005822652950882912
v -0.00041583075653761625 0.00347520993091166 0.0058651757426559925
v -0.0000835448590805754 0.0034990026615560055 0.005898603703826666
v -0.00025046803057193756 0.003491026349365711 0.0058874222449958324
v -0.0004156757495366037 0.007487916853278875 0.00586413498967886
v -0.00041583075653761625 0.00347520993091166 0.0058651757426559925
v -0.0004647718742489815 0.00748535618185997 0.005856420379132032
v -0.0006170673877932131 0.007474374957382679 0.005822652950882912
v -0.001052314299158752 0.007425765972584486 0.0056676375679671764
v -0.0009091022657230496 0.007444687653332949 0.0057288543321192265
v -0.0007406962104141712 0.0034207263961434364 0.00578775629401207
v -0.00041583075653761625 0.00347520993091166 0.0058651757426559925
v -0.0005797181511297822 0.0034516556188464165 0.005831858608871698
v -0.0007405061041936278 0.007463013753294945 0.005787067115306854
v -0.0007406962104141712 0.0034207263961434364 0.00578775629401207
v -0.0007673103827983141 0.007460546679794788 0.00577933993190527
v -0.0009091022657230496 0.007444687653332949 0.0057288543321192265
v -0.001344831078313291 0.007378259673714638 0.005506646353751421
v -0.0013226749142631888 0.007382438518106937 0.005521455314010382
v -0.0010523439850658178 0.003338049165904522 0.005667727440595627
v -0.0011906910222023726 0.007404849864542484 0.005598247516900301
v -0.0007406962104141712 0.0034207263961434364 0.00578775629401207
v -0.0008994501549750566 0.003382453229278326 0.005732595454901457
v -0.001052314299158752 0.007425765972584486 0.0056676375679671764
v -0.0010523439850658178 0.003338049165904522 0.005667727440595627
v -0.0010551955783739686 0.007425385527312756 0.0056664058938622475
v -0.0011906910222023726 0.007404849864542484 0.005598247516900301
v -0.0016134490724653006 0.0073241181671619415 0.0053083812817931175
v -0.001563734607771039 0.007335077039897442 0.0053505850955843925
v -0.0013452126877382398 0.0032311612740159035 0.005507230758666992
v -0.0010523439850658178 0.003338049165904522 0.005667727440595627
v -0.0012016480322927237 0.00328725459985435 0.005592272616922855
v -0.001344831078313291 0.007378259673714638 0.005506646353751421
v -0.0013452126877382398 0.0032311612740159035 0.005507230758666992
v -0.001454424113035202 0.007357589900493622 0.00543339503929019
v -0.001563734607771039 0.007335077039897442 0.0053505850955843925
v -0.001785815809853375 0.00728429201990366 0.005149547476321459
v -0.0016140762018039823 0.0031056010629981756 0.005309130530804396
v -0.0018533896654844284 0.007267278619110584 0.005076264962553978
v -0.001738044898957014 0.0030379598028957844 0.005197003949433565
v -0.00185413658618927 0.002968531334772706 0.005076962057501078
v -0.0013452126877382398 0.0032311612740159035 0.005507230758666992
v -0.0014838232891634107 0.003169900504872203 0.005412036087363958
v -0.0016134490724653006 0.0073241181671619415 0.0053083812817931175
v -0.0016140762018039823 0.0031056010629981756 0.005309130530804396
v -0.0016708917682990432 0.0073114559054374695 0.0052596163004636765
v -0.001785815809853375 0.00728429201990366 0.005149547476321459
v -0.0022313029039651155 0.0026965325232595205 0.004527525510638952
v -0.0022305843885987997 0.007160593755543232 0.00452717300504446
v -0.0021507814526557922 0.002761184237897396 0.0046744272112846375
v -0.0022159432992339134 0.007165203336626291 0.0045574381947517395
v -0.0020611099898815155 0.0028287498280406 0.004814867861568928
v -0.0022159432992339134 0.007165203336626291 0.0045574381947517395
v -0.0021418409887701273 0.007187684066593647 0.004689411725848913
v -0.0020611099898815155 0.0028287498280406 0.004814867861568928
v -0.0020611085928976536 0.007211239542812109 0.004814860876649618
v -0.0019620833918452263 0.002898314967751503 0.004949274938553572
v -0.002060879720374942 0.007211306132376194 0.004815216641873121
v -0.00185413658618927 0.002968531334772706 0.005076962057501078
v -0.001980983419343829 0.007233770098537207 0.004925046116113663
v -0.0018883433658629656 0.007258478086441755 0.005038358271121979
v -0.002449909457936883 0.002499588532373309 0.0038979649543762207
v -0.0024486593902111053 0.007089259568601847 0.003897711168974638
v -0.0024109897203743458 0.002537149703130126 0.0040611764416098595
v -0.002433624118566513 0.007094451226294041 0.00397231662645936
v -0.002361678285524249 0.002583113731816411 0.004220061935484409
v -0.002433624118566513 0.007094451226294041 0.00397231662645936
v -0.0023917807266116142 0.007108558900654316 0.004127638414502144
v -0.002361678285524249 0.002583113731816411 0.004220061935484409
v -0.0023605104070156813 0.007118876092135906 0.004219661932438612
v -0.002301017986610532 0.0026372934225946665 0.004377416335046291
v -0.0023399333003908396 0.007125665433704853 0.004280217457562685
v -0.0022313029039651155 0.0026965325232595205 0.004527525510638952
v -0.002282944042235613 0.007144108880311251 0.004418938886374235
v -0.0022305843885987997 0.007160593755543232 0.00452717300504446
v -0.002494422486051917 0.0024551693350076675 0.0032330183312296867
v -0.002499358030036092 0.007071308791637421 0.0033426943700760603
v -0.002500005066394806 0.0024494845420122147 0.0033996691927313805
v -0.0024981144815683365 0.007071772124618292 0.0034974641166627407
v -0.002494422486051917 0.0024551693350076675 0.003566981526091695
v -0.0024931873194873333 0.007073567248880863 0.00356689328327775
v -0.0024775657802820206 0.002472178777679801 0.0037342070136219263
v -0.0024868424516171217 0.007075879257172346 0.0036562983877956867
v -0.002449909457936883 0.002499588532373309 0.0038979649543762207
v -0.0024653358850628138 0.007083501201122999 0.003814961528405547
v -0.0024486593902111053 0.007089259568601847 0.003897711168974638
v -0.002408956876024604 0.0071028065867722034 0.00273142009973526
v -0.0024458758998662233 0.007090252824127674 0.002882540225982666
v -0.002361678285524249 0.002583113731816411 0.0025799379218369722
v -0.002361678285524249 0.002583113731816411 0.0025799379218369722
v -0.0024458758998662233 0.007090252824127674 0.002882540225982666
v -0.002410821383818984 0.002537309657782316 0.002738209906965494
v -0.0024493893142789602 0.007089029066264629 0.0029021301306784153
v -0.002449909457936883 0.002499588532373309 0.0029020351357758045
v -0.002473260508850217 0.007080716080963612 0.00303523032926023
v -0.0024777224753051996 0.0024720218498259783 0.003066956764087081
v -0.0024910809006541967 0.007074347697198391 0.0031888349913060665
v -0.002494422486051917 0.0024551693350076675 0.0032330183312296867
v -0.002493460662662983 0.007073474116623402 0.003233070718124509
v -0.002499358030036092 0.007071308791637421 0.0033426943700760603
v -0.0022313029039651155 0.0026965325232595205 0.0022724748123437166
v -0.0023090576287359 0.007135702762752771 0.002441708231344819
v -0.0023014680482447147 0.0026369006372988224 0.0024236440658569336
v -0.0023616135586053133 0.00711855199187994 0.0025799660943448544
v -0.002361678285524249 0.002583113731816411 0.0025799379218369722
v -0.0023625686299055815 0.007118239998817444 0.0025824785698205233
v -0.002408956876024604 0.0071028065867722034 0.00273142009973526
v -0.0020611099898815155 0.0028287498280406 0.0019851322285830975
v -0.002177557209506631 0.0071769580245018005 0.002171867061406374
v -0.002150522777810693 0.0027613858692348003 0.0021251363214105368
v -0.002230571350082755 0.007160585839301348 0.0022728636395186186
v -0.0022313029039651155 0.0026965325232595205 0.0022724748123437166
v -0.0022476159501820803 0.007155322004109621 0.002305335132405162
v -0.0023090576287359 0.007135702762752771 0.002441708231344819
v -0.0019179211230948567 0.007250744383782148 0.0017963674617931247
v -0.002015256555750966 0.007224260829389095 0.0019205397693440318
v -0.00185413658618927 0.002968531334772706 0.0017230381490662694
v -0.00185413658618927 0.002968531334772706 0.0017230381490662694
v -0.002015256555750966 0.007224260829389095 0.0019205397693440318
v -0.0019621073734015226 0.0028982986696064472 0.0018507553031668067
v -0.002060255967080593 0.007211385760456324 0.0019857280422002077
v -0.0020611099898815155 0.0028287498280406 0.0019851322285830975
v -0.0020978606771677732 0.007200626190751791 0.002040204359218478
v -0.002177557209506631 0.0071769580245018005 0.002171867061406374
v -0.0019179211230948567 0.007250744383782148 0.0017963674617931247
v -0.00185413658618927 0.002968531334772706 0.0017230381490662694
v -0.001853364985436201 0.007267283741384745 0.0017237321007996798
v -0.0017380515346303582 0.003037956077605486 0.0016030027763918042
v -0.0018176732119172812 0.007276427932083607 0.0016835733549669385
v -0.0016140762018039823 0.0031056010629981756 0.0014908695593476295
v -0.0017092216294258833 0.007302618119865656 0.0015755508793517947
v -0.0017092216294258833 0.007302618119865656 0.0015755508793517947
v -0.0016140762018039823 0.0031056010629981756 0.0014908695593476295
v -0.0016136994818225503 0.007324144709855318 0.0014913069317117333
v -0.0014834990724921227 0.0031700520776212215 0.0013877250021323562
v -0.001596533926203847 0.007328013423830271 0.001476168166846037
v -0.0013452126877382398 0.0032311612740159035 0.001292769331485033
v -0.0014780281344428658 0.007352866698056459 0.0013836966827511787
v -0.0010523439850658178 0.003338049165904522 0.0011322727659717202
v -0.00121607247274369 0.007400725036859512 0.0012156909797340631
v -0.0012021895963698626 0.0032870564609766006 0.0012080244487151504
v -0.0013452039565891027 0.0073783621191978455 0.0012927986681461334
v -0.0013452126877382398 0.0032311612740159035 0.001292769331485033
v -0.0013461797498166561 0.007378193084150553 0.0012933813268318772
v -0.0014780281344428658 0.007352866698056459 0.0013836966827511787
v -0.0007406962104141712 0.0034207263961434364 0.0010122437961399555
v -0.0009365555597469211 0.007441292516887188 0.0010820497991517186
v -0.0008992213406600058 0.0033825139980763197 0.00106731615960598
v -0.0010521654039621353 0.007425679359585047 0.0011326998937875032
v -0.0010523439850658178 0.003338049165904522 0.0011322727659717202
v -0.0010690849740058184 0.007423394359648228 0.0011401126394048333
v -0.00121607247274369 0.007400725036859512 0.0012156909797340631
v -0.00041583075653761625 0.00347520993091166 0.0009348243474960327
v -0.0006312831537798047 0.00747319683432579 0.000981012242846191
v -0.0005801788647659123 0.0034515783190727234 0.0009682514355517924
v -0.0007404016796499491 0.007462917827069759 0.0010132689494639635
v -0.0007406962104141712 0.0034207263961434364 0.0010122437961399555
v -0.000785438169259578 0.0074586751870810986 0.0010265823220834136
v -0.0009365555597469211 0.007441292516887188 0.0010820497991517186
v -0.00008351436554221436 0.007499086670577526 0.000902633008081466
v -0.00015747957513667643 0.00749827828258276 0.0009049638756550848
v -0.0000835448590805754 0.0034990026615560055 0.0009013960952870548
v -0.00031659918022342026 0.00749313784763217 0.0009201259817928076
v -0.0002504175645299256 0.0034910300746560097 0.0009125726646743715
v -0.0004156489740125835 0.007487872615456581 0.0009360109106637537
v -0.00041583075653761625 0.00347520993091166 0.0009348243474960327
v -0.00047477238695137203 0.007484729401767254 0.000945492647588253
v -0.0006312831537798047 0.00747319683432579 0.000981012242846191
vn -0.9999999999977525 -0.000002120195176753223 0
vn -0.9709418200819137 -0.0000020585859600324214 0.23931565350344966
vn -0.9709418200819137 -0.0000020585859600324214 0.23931565350344966
vn -0.8854560265620549 -0.0000018773395161058143 0.4647231703083173
vn -0.8854560265620549 -0.0000018773395161058143 0.4647231703083173
vn -0.7485107633892141 -0.000001586988756621879 0.6631226410611973
vn -0.7485107633892141 -0.000001586988756621879 0.6631226410611973
vn -0.5680647507326457 -0.0000012044081390536888 0.8229838631307461
vn -0.5680647507326457 -0.0000012044081390536888 0.8229838631307461
vn -0.3546049074984717 -7.518315944729684e-7 0.9350162349271992
vn -0.3546049074984717 -7.518315944729684e-7 0.9350162349271992
vn -0.12053667904703126 -2.5556127844963926e-7 0.9927088742447343
vn -0.12053667904703126 -2.5556127844963926e-7 0.9927088742447343
vn 0.12053667904703126 2.5556127844963926e-7 0.9927088742447343
vn 0.12053667904703126 2.5556127844963926e-7 0.9927088742447343
vn 0.3546049074984717 7.518315944729684e-7 0.9350162349271992
vn 0.3546049074984717 7.518315944729684e-7 0.9350162349271992
vn 0.5680647507326457 0.0000012044081390536888 0.8229838631307461
vn 0.5680647507326457 0.0000012044081390536888 0.8229838631307461
vn 0.7485107633892141 0.000001586988756621879 0.6631226410611973
vn 0.7485107633892141 0.000001586988756621879 0.6631226410611973
vn 0.8854560265620549 0.0000018773395161058143 0.4647231703083173
vn 0.8854560265620549 0.0000018773395161058143 0.4647231703083173
vn 0.9709418200819137 0.0000020585859600324214 0.23931565350344966
vn 0.9709418200819137 0.0000020585859600324214 0.23931565350344966
vn 0.9999999999977525 0.000002120195176753223 1.2246468525824155e-16
vn 0.9999999999977525 0.000002120195176753223 1.2246468525824155e-16
vn 0.9709418200819137 0.0000020585859600324214 -0.23931565350344966
vn 0.9709418200819137 0.0000020585859600324214 -0.23931565350344966
vn 0.8854560265620549 0.0000018773395161058143 -0.4647231703083173
vn 0.8854560265620549 0.0000018773395161058143 -0.4647231703083173
vn 0.7485107633892141 0.000001586988756621879 -0.6631226410611973
vn 0.7485107633892141 0.000001586988756621879 -0.6631226410611973
vn 0.5680647507326457 0.0000012044081390536888 -0.8229838631307461
vn 0.5680647507326457 0.0000012044081390536888 -0.8229838631307461
vn 0.3546049074984717 7.518315944729684e-7 -0.9350162349271992
vn 0.3546049074984717 7.518315944729684e-7 -0.9350162349271992
vn 0.12053667904703126 2.5556127844963926e-7 -0.9927088742447343
vn 0.12053667904703126 2.5556127844963926e-7 -0.9927088742447343
vn -0.12053667904703126 -2.5556127844963926e-7 -0.9927088742447343
vn -0.12053667904703126 -2.5556127844963926e-7 -0.9927088742447343
vn -0.3546049074984717 -7.518315944729684e-7 -0.9350162349271992
vn -0.3546049074984717 -7.518315944729684e-7 -0.9350162349271992
vn -0.5680647507326457 -0.0000012044081390536888 -0.8229838631307461
vn -0.5680647507326457 -0.0000012044081390536888 -0.8229838631307461
vn -0.7485107633892141 -0.000001586988756621879 -0.6631226410611973
vn -0.7485107633892141 -0.000001586988756621879 -0.6631226410611973
vn -0.8854560265620549 -0.0000018773395161058143 -0.4647231703083173
vn -0.8854560265620549 -0.0000018773395161058143 -0.4647231703083173
vn -0.9709418200819137 -0.0000020585859600324214 -0.23931565350344966
vn -0.9709418200819137 -0.0000020585859600324214 -0.23931565350344966
vn -0.9999999999977525 -0.000002120195176753223 0
vn -0.9999999999977525 -0.000002120195176753223 0
vn -0.9709418200819137 -0.0000020585859600324214 0.23931565350344966
vn 0.25066048350207615 0.08116634333637837 0.9646664432434179
vn 0.2541496809637136 0.08171996654151518 0.963706276172619
vn 0.2568435434242273 0.08124470165990626 0.9630320309592406
vn -0.12943004281703507 0.07190884021362476 0.988977746319659
vn -0.15397439464282633 0.07058238039709457 0.9855506143125552
vn -0.17871864225359296 0.06916661593557623 0.9814660596021916
vn -0.12943004281703507 0.07190884021362476 0.988977746319659
vn -0.09574476666413233 0.07368353782693161 0.99267501021721
vn -0.11475678041633933 0.07265526961766365 0.9907331089376497
vn -0.08769215656994563 0.0740218759730101 0.9933936015263782
vn -0.09701182479535272 0.07350218134132763 0.9925654311872555
vn -0.09701182479535272 0.07350218134132763 0.9925654311872555
vn -0.08769215656994563 0.0740218759730101 0.9933936015263782
vn -0.08019757793638466 0.07423876765286053 0.9940105401204368
vn -0.06740329431196246 0.07480519283348447 0.9949175739934641
vn -0.07315475516494656 0.07452452951080367 0.9945322902238771
vn -0.052074032501300785 0.07531565244721872 0.995799100037504
vn -0.05407167966061677 0.07521730654336015 0.9957000603871841
vn -0.052074032501300785 0.07531565244721872 0.995799100037504
vn -0.05046835984798042 0.07536395744523652 0.9958781143154252
vn -0.05407167966061677 0.07521730654336015 0.9957000603871841
vn -0.03621322645771435 0.07573927905752975 0.9964698509425
vn -0.03846307832568434 0.07566831983638701 0.9963909358172879
vn -0.031338595369073706 0.07584390913955169 0.9966271087456557
vn -0.037854216864181015 0.0756833923270609 0.9964131082996991
vn -0.02335701271414145 0.07598694242675237 0.9968352093188246
vn -0.024682309939190763 0.07595842473416302 0.9968054480629459
vn -0.024682309939190763 0.07595842473416302 0.9968054480629459
vn -0.02335701271414145 0.07598694242675237 0.9968352093188246
vn -0.0137531428723451 0.07610484810036412 0.99700496646544
vn -0.02285070036726752 0.07599478429321344 0.9968463463608387
vn -0.012083868548648612 0.07612005654284265 0.9970254345365587
vn -0.02285070036726752 0.07599478429321344 0.9968463463608387
vn -0.011466795391645511 0.07612678284506409 0.9970322088764768
vn -0.012083868548648612 0.07612005654284265 0.9970254345365587
vn -0.009063587671600778 0.07614361618782342 0.9970556659948133
vn -0.010463999493634931 0.07613295250718437 0.9970427665136214
vn -9.775023663888403e-7 0.07617163431514813 0.9970947207386085
vn -0.0000010963398964444603 0.07617163431513874 0.9970947207384856
vn -0.0000010963398964444603 0.07617163431513874 0.9970947207384856
vn -9.775023663888403e-7 0.07617163431514813 0.9970947207386085
vn 0.009261795129604839 0.07614131860688166 0.9970540199767426
vn 0.011260612947202028 0.07612837159688439 0.997034437536668
vn 0.012081836699440823 0.07612005841190363 0.9970254590176403
vn 0.011464223410346926 0.07612679249766452 0.9970322377163215
vn 0.024678204125375712 0.07595848266492432 0.9968055453057978
vn 0.011464223410346926 0.07612679249766452 0.9970322377163215
vn 0.022847933029268266 0.07599480228816509 0.9968464084208122
vn 0.024678204125375712 0.07595848266492432 0.9968055453057978
vn 0.02335480667045336 0.07598695375159008 0.9968352601432896
vn 0.03183880102370811 0.07582130346363956 0.9966129743739279
vn 0.033686861989513546 0.07579508557382089 0.996554213443582
vn 0.03846366248277066 0.0756682662787005 0.9963909173345507
vn 0.03620945688110859 0.07573936188648953 0.9964699816318615
vn 0.04677042014261844 0.07544329797489076 0.996052627420035
vn 0.050466395430498086 0.0753640078230096 0.9958782100523669
vn 0.05406150514805562 0.07521770038791246 0.995700583111952
vn 0.05406150514805562 0.07521770038791246 0.995700583111952
vn 0.050466395430498086 0.0753640078230096 0.9958782100523669
vn 0.06072173223281525 0.07499099468092384 0.9953337239094292
vn 0.05430218275807123 0.07524673739045344 0.9956852923789731
vn 0.07315283408227123 0.07452461265620136 0.9945324253005405
vn 0.05430218275807123 0.07524673739045344 0.9956852923789731
vn 0.067397995830364 0.07480543001032257 0.994917915106076
vn 0.07315283408227123 0.07452461265620136 0.9945324253005405
vn 0.08768865469922822 0.07402203980319946 0.9933938984413048
vn 0.09700290657545058 0.07350266572367882 0.992566266930036
vn 0.09700290657545058 0.07350266572367882 0.992566266930036
vn 0.08768865469922822 0.07402203980319946 0.9933938984413048
vn 0.10938756967818115 0.07291837073187243 0.9913209726469578
vn 0.09664405914137855 0.07364489907400962 0.9925907286858249
vn 0.12940664528527668 0.07191024686839709 0.9889807058539295
vn 0.10357368226809878 0.07334164696026214 0.9919140563388459
vn 0.1135938068647512 0.07288668148000854 0.9908501292853553
vn 0.1135938068647512 0.07288668148000854 0.9908501292853553
vn 0.14990860598973965 0.07110349266871023 0.9861397990044432
vn 0.12940664528527668 0.07191024686839709 0.9889807058539295
vn 0.17870190706832376 0.06916765855968628 0.9814690333472142
vn 0.15397443270259928 0.07058239163291812 0.9855506075617275
vn 0.17489448151488157 0.07015733405506307 0.9820844509582296
vn 0.17500937435157912 0.07017414452326602 0.9820627822748893
vn 0.21531744078055032 0.0680757604931154 0.9741684097367345
vn 0.17752198417848086 0.07052095052809294 0.9815868482564084
vn 0.17860319124912571 0.07066868405680314 0.9813800676441864
vn 0.21531744078055032 0.0680757604931154 0.9741684097367345
vn 0.21522361938693582 0.06804599425928198 0.9741912216414461
vn 0.17489448151488157 0.07015733405506307 0.9820844509582296
vn 0.2133998012955559 0.06745544190316621 0.9746334121938699
vn 0.14990860598973965 0.07110349266871023 0.9861397990044432
vn 0.2099966207327187 0.06727045612740963 0.9753851060033923
vn 0.17870190706832376 0.06916765855968628 0.9814690333472142
vn 0.18599286874871235 0.07168893592927217 0.9799323187036711
vn 0.19442114109403594 0.07287612510718927 0.9782072839051313
vn 0.22701005711602504 0.07178649329684364 0.9712430866411979
vn 0.22701005711602504 0.07178649329684364 0.9712430866411979
vn 0.22311244560962956 0.07054722200331066 0.9722365587045705
vn 0.18599286874871235 0.07168893592927217 0.9799323187036711
vn 0.21921687309911386 0.06931214186885275 0.9732110714219186
vn 0.17860319124912571 0.07066868405680314 0.9813800676441864
vn 0.21885059867124834 0.06919591903352972 0.9733017724479606
vn 0.21531744078055032 0.0680757604931154 0.9741684097367345
vn 0.19442114109403594 0.07287612510718927 0.9782072839051313
vn 0.19867527288798514 0.07348201351355658 0.9773067735531552
vn 0.22701005711602504 0.07178649329684364 0.9712430866411979
vn 0.20051233468043816 0.07373053579641467 0.9769127963806052
vn 0.23795505359380595 0.07525408423365955 0.9683564505260044
vn 0.20873415620183167 0.07490735554902167 0.9750994513993748
vn 0.20873415620183167 0.07490735554902167 0.9750994513993748
vn 0.22390349210443192 0.0771075263658495 0.9715563059345458
vn 0.23795505359380595 0.07525408423365955 0.9683564505260044
vn 0.23143803156274265 0.07823386982080721 0.9696988703505971
vn 0.2568435434242273 0.08124470165990626 0.9630320309592406
vn 0.23788309579368763 0.0791928933218298 0.9680599766455219
vn 0.25066048350207615 0.08116634333637837 0.9646664432434179
vn -0.20051650513539862 0.07373037119597461 0.9769119528041356
vn -0.19865281818519373 0.07348079956714589 0.9773114293417698
vn -0.22699633805679603 0.0717876571402965 0.9712462070922655
vn -0.19186989440358396 0.07251784007881984 0.9787375064295126
vn -0.22293157353821497 0.07048986687204885 0.9722822081001669
vn -0.18598832286500436 0.07168939746845412 0.9799331477445148
vn -0.21924509123431857 0.06931021814435392 0.9732048518325613
vn -0.17861514948436646 0.07066799567660918 0.9813779408371313
vn -0.21538100058957588 0.06807131450574035 0.9741546698171158
vn -0.17558369470656018 0.07025334411121442 0.9819545986421087
vn -0.21345176695387186 0.06745184024130055 0.9746222819289184
vn -0.17491670187437777 0.07015595679188973 0.9820805919740012
vn -0.20796027780700854 0.06739719212418732 0.9758125544120692
vn -0.14992736224258307 0.07110236558721847 0.9861370288448167
vn -0.17871864225359296 0.06916661593557623 0.9814660596021916
vn -0.11360222106677108 0.07288623604704854 0.9908491973875694
vn -0.12943004281703507 0.07190884021362476 0.988977746319659
vn -0.10356579572276005 0.07334199442464483 0.9919148541130569
vn -0.09574476666413233 0.07368353782693161 0.99267501021721
vn -0.23146933630523595 0.0782359551053265 0.9696912300723209
vn -0.2519832806900831 0.07970325514033762 0.9644437865281196
vn -0.24173248134467473 0.07977955894079707 0.9670577177387906
vn -0.25684398750104104 0.0812448422852566 0.9630319006588561
vn -0.2541502379734222 0.08172005297922466 0.9637061219475185
vn -0.23146933630523595 0.0782359551053265 0.9696912300723209
vn -0.22807711446594117 0.0777234810464704 0.9705358779308001
vn -0.2519832806900831 0.07970325514033762 0.9644437865281196
vn -0.22237912006783758 0.0768838084227083 0.9719240746891058
vn -0.22699633805679603 0.0717876571402965 0.9712462070922655
vn -0.20712865321425417 0.07467756215716118 0.9754593701061631
vn -0.20051650513539862 0.07373037119597461 0.9769119528041356
vn -0.44117456922183257 -0.8974213054479654 0
vn -0.44117456922183257 -0.8974213054479654 0
vn -0.4805817684126875 -0.8769499209586223 0
vn 0.711026603231271 0.703165108276428 0
vn 0.7170243636013 0.6970481059454583 0
vn 0.7416521261962125 0.6707847074200762 0
vn 0.36764902575726527 -0.9299646196817027 0
vn 0.2962755837264516 -0.9551024963256824 0
vn 0.36764902575726527 -0.9299646196817027 0
vn 0.2962755837264516 -0.9551024963256824 0
vn 0.4209347701591082 -0.9070909101468819 0
vn 0.4209347701591082 -0.9070909101468819 0
vn 0.44117837299925616 -0.8974194354914146 0
vn 0.5380823508401648 -0.8428922728998777 0
vn 0.6456278498993925 0.763652197950276 0
vn 0.6456276227005172 0.7636523900349416 0
vn 0.7416521261962125 0.6707847074200762 0
vn 0.6670754497471286 0.744990163924777 0
vn 0.6941933389176914 0.7197885857682846 0
vn 0.5433895018163243 0.8394807021699825 0
vn 0.6456278498993925 0.763652197950276 0
vn 0.5380823508401648 0.8428922728998777 0
vn 0.5433895018163243 0.8394807021699825 0
vn 0.5774602245088012 0.8164188196693195 0
vn 0.6456278498993925 0.763652197950276 0
vn 0.5970569174925144 0.8021988763856109 0
vn 0.6355447673360252 0.7720640185320112 0
vn 0.6355447673360252 0.7720640185320112 0
vn 0.6382967931050405 0.769790363613251 0
vn 0.6456278498993925 0.763652197950276 0
vn 0.6442467503787324 0.7648177067945297 0
vn 0.6456276227005172 0.7636523900349416 0
vn 0.4763775768328519 0.8792408113201186 0
vn 0.5278147492872066 0.8493595177749427 0
vn 0.5380823508401648 0.8428922728998777 0
vn 0.5380781970623518 0.8428949245582922 0
vn 0.5433895018163243 0.8394807021699825 0
vn 0.4209347701591082 0.9070909101468819 0
vn 0.4209330765557745 0.907091696060156 0
vn 0.45027784009962113 0.8928884962385953 0
vn 0.4209347701591082 0.9070909101468819 0
vn 0.45027784009962113 0.8928884962385953 0
vn 0.5380823508401648 0.8428922728998777 0
vn 0.45137996072756714 0.8923318502965025 0
vn 0.4763775768328519 0.8792408113201186 0
vn 0.2962755837264516 0.9551024963256824 0
vn 0.29627328798223995 0.955103208469217 0
vn 0.4209347701591082 0.9070909101468819 0
vn 0.32951447877085865 0.9441505220463364 0
vn 0.3439573314063068 0.9389852789963493 0
vn 0.3439573314063068 0.9389852789963493 0
vn 0.35885109416577793 0.9333948211855602 0
vn 0.4209347701591082 0.9070909101468819 0
vn 0.39833695810133335 0.9172391551883167 0
vn 0.4209330765557745 0.907091696060156 0
vn 0.16632935056638684 0.9860702546675688 0
vn 0.17629104515924865 0.9843380859220371 0
vn 0.2962755837264516 0.9551024963256824 0
vn 0.18637142087213435 0.9824793603338962 0
vn 0.24262439987923634 0.9701203021188869 0
vn 0.24262439987923634 0.9701203021188869 0
vn 0.267071004248937 0.9636768538724297 0
vn 0.2962755837264516 0.9551024963256824 0
vn 0.2743442395544364 0.9616315501392921 0
vn 0.29627328798223995 0.955103208469217 0
vn 0.0334149785204953 0.9994415636796754 0
vn 0.03341694154691781 0.999441498046609 0
vn 0.16632935056638684 0.9860702546675688 0
vn 0.03633692171749946 0.9993395959933222 0
vn 0.03633692171749946 0.9993395959933222 0
vn 0.04241528640007001 0.9991000667999177 0
vn 0.16632935056638684 0.9860702546675688 0
vn 0.053078617181578906 0.9985903366236284 0
vn 0.054950531365685645 0.9984890781088338 0
vn 0.11192685030403282 0.9937164485812935 0
vn 0.12941102701815413 0.991591037719738 0
vn 0.16632935056638684 0.9860702546675688 0
vn 0.16633252468722695 0.9860697192547659 0
vn 0.17629104515924865 0.9843380859220371 0
vn 0.054950531365685645 0.9984890781088338 0
vn 0.06396547758143574 0.9979521119160872 0
vn 0.16632935056638684 0.9860702546675688 0
vn 0.0862876201518268 0.9962702678533242 0
vn 0.11192685030403282 0.9937164485812935 0
vn -0.09465719064334391 0.9955099277553738 0
vn -0.08624622769789635 0.9962738520145366 0
vn -0.1000956876516579 0.9949778154881354 0
vn -0.06401038848640324 0.9979492322587455 0
vn -0.0531453980331623 0.9985867847452704 0
vn -0.021227115445832893 0.9997746794002385 0
vn -0.019932584609419865 0.9998013262997745 0
vn 0.0334149785204953 0.9994415636796754 0
vn -0.0531453980331623 0.9985867847452704 0
vn -0.042431001711111936 0.999099399506271 0
vn -0.1000956876516579 0.9949778154881354 0
vn -0.03820049440706444 0.9992700947326782 0
vn 0.0334149785204953 0.9994415636796754 0
vn -0.03182910089494079 0.9994933258087417 0
vn -0.021227115445832893 0.9997746794002385 0
vn -0.019932584609419865 0.9998013262997745 0
vn -0.010621180541887053 0.9999435936711114 0
vn 0.0334149785204953 0.9994415636796754 0
vn 0.000008005794370290381 0.9999999999679536 0
vn 0.010644980036961493 0.9999433405948622 0
vn 0.010644980036961493 0.9999433405948622 0
vn 0.021268244937492884 0.9997738052966174 0
vn 0.0334149785204953 0.9994415636796754 0
vn 0.03184224739670575 0.9994929070687429 0
vn 0.03341694154691781 0.999441498046609 0
vn -0.2318201540874452 0.9727586628547049 0
vn -0.202146051669428 0.9793553868716203 0
vn -0.17624096714893847 0.9843470533802633 0
vn -0.17624096714893847 0.9843470533802633 0
vn -0.168677409364733 0.9856713101079905 0
vn -0.2318201540874452 0.9727586628547049 0
vn -0.11182359293722445 0.9937280735002962 0
vn -0.1000956876516579 0.9949778154881354 0
vn -0.10009559176454028 0.9949778251344632 0
vn -0.09465719064334391 0.9955099277553738 0
vn -0.34912289020999276 0.9370769485647491 0
vn -0.3130548862589075 0.9497350357807289 0
vn -0.3594077748714798 0.9331806102582348 0
vn -0.34912289020999276 0.9370769485647491 0
vn -0.3594077748714798 0.9331806102582348 0
vn -0.35873589875635625 0.9334391008220458 0
vn -0.3130548862589075 0.9497350357807289 0
vn -0.26718396586553617 0.963645540841841 0
vn -0.3594077748714798 0.9331806102582348 0
vn -0.2580358720414336 0.9661353366582845 0
vn -0.2318201540874452 0.9727586628547049 0
vn -0.23182081548605618 0.9727585052351791 0
vn -0.202146051669428 0.9793553868716203 0
vn -0.47691268766275374 0.8789506745809396 0
vn -0.45507844291970223 0.8904513522870181 0
vn -0.4805817684126875 0.8769499209586223 0
vn -0.45507844291970223 0.8904513522870181 0
vn -0.450462716420683 0.8927952403070368 0
vn -0.4805817684126875 0.8769499209586223 0
vn -0.40278179123156244 0.9152960333423794 0
vn -0.3594077748714798 0.9331806102582348 0
vn -0.3594035238849189 0.9331822474838998 0
vn -0.35873589875635625 0.9334391008220458 0
vn -0.5669917638478343 0.8237234607128302 0
vn -0.5429948042629811 0.8397360552836867 0
vn -0.5931797611812627 0.8050700410057129 0
vn -0.5278097908277896 0.8493625990743442 0
vn -0.4805817684126875 0.8769499209586223 0
vn -0.4805792883527071 0.876951280064295 0
vn -0.47691268766275374 0.8789506745809396 0
vn -0.6734984625403813 0.7391886233944235 0
vn -0.6607021730736723 0.7506481456020038 0
vn -0.6951924487023706 0.7188236635414847 0
vn -0.638363298734009 0.7697352134529343 0
vn -0.638363298734009 0.7697352134529343 0
vn -0.636399801766859 0.7713593794795669 0
vn -0.6951924487023706 0.7188236635414847 0
vn -0.61490977301671 0.7885974708611092 0
vn -0.5931797611812627 0.8050700410057129 0
vn -0.5931805866719682 0.8050694327792479 0
vn -0.5669917638478343 0.8237234607128302 0
vn -0.784799382618686 0.6197498923286145 0
vn -0.7170243636013 0.6970481059454583 0
vn -0.6951924487023706 0.7188236635414847 0
vn -0.6951922669508184 0.7188238393179391 0
vn -0.6734984625403813 0.7391886233944235 0
vn -0.4805817684126875 -0.8769499209586223 0
vn -0.3594077748714798 -0.9331806102582348 0
vn -0.3676450937265417 -0.929966174147642 0
vn -0.2318201540874452 -0.9727586628547049 0
vn -0.1201451897108126 -0.9927563313267527 0
vn -0.1343217495354075 -0.9909377718109988 0
vn -0.1343217495354075 -0.9909377718109988 0
vn -0.15508308710768728 -0.987901430352821 0
vn -0.2318201540874452 -0.9727586628547049 0
vn -0.1632691475399272 -0.9865815655391021 0
vn -0.17360055704852206 -0.9848161486249312 0
vn -0.014202670955666427 -0.9998991369821882 0
vn -0.013583959104203947 -0.9999077337709992 0
vn -0.10009666577113327 -0.9949777170879266 0
vn -0.013583959104203947 -0.9999077337709992 0
vn -0.01273354778798126 -0.9999189250937954 0
vn -0.10009666577113327 -0.9949777170879266 0
vn -0.01039650960021792 -0.9999459548336264 0
vn -0.007350820924928285 -0.9999729823508883 0
vn -0.007350820924928285 -0.9999729823508883 0
vn -0.00563273154648428 -0.99998413604183 0
vn -0.10009666577113327 -0.9949777170879266 0
vn -0.0038040421485014517 -0.9999927646054907 0
vn -0.08556633521391088 -0.9963324757720489 0
vn -0.02259973434989585 -0.9997445933873882 0
vn -0.029385365327012473 -0.9995681569080709 0
vn -0.0019207774952880354 -0.9999981553052054 0
vn -0.05814234922421478 -0.9983083026934564 0
vn -0.0038040421485014517 -0.9999927646054907 0
vn -0.07291294735020767 -0.997338308754209 0
vn -0.08556633521391088 -0.9963324757720489 0
vn -0.02259973434989585 -0.9997445933873882 0
vn -0.0019207774952880354 -0.9999981553052054 0
vn 5.736105777031264e-7 -0.9999999999998355 0
vn 0.000002120195176753223 -0.9999999999977525 0
vn 0.02551416734360702 -0.9996744606444453 0
vn 0.001927528278368246 -0.9999981423156425 0
vn 0.02939371907870481 -0.9995679112890339 0
vn 0.02939371907870481 -0.9995679112890339 0
vn 0.001927528278368246 -0.9999981423156425 0
vn 0.033410602210233856 -0.999441709986105 0
vn 0.003808282625611775 -0.9999927484654293 0
vn 0.005635777340219384 -0.9999841188807808 0
vn 0.005635777340219384 -0.9999841188807808 0
vn 0.007355061445601759 -0.999972951169746 0
vn 0.033410602210233856 -0.999441709986105 0
vn 0.01040074852214251 -0.9999459107522664 0
vn 0.012737787239727055 -0.9999188710971683 0
vn 0.012737787239727055 -0.9999188710971683 0
vn 0.01358921812168981 -0.9999076623122963 0
vn 0.033410602210233856 -0.999441709986105 0
vn 0.014206911258289184 -0.9998990767434977 0
vn 0.014582267144477875 -0.9998936730897575 0
vn 0.014708002302576718 -0.9998918314839198 0
vn 0.014581569732184465 -0.999893683260448 0
vn 0.0334149785204953 -0.9994415636796754 0
vn 0.014206911258289184 -0.9998990767434977 0
vn 0.013585812094076598 -0.9999077085960206 0
vn -0.007350820924928285 -0.9999729823508883 0
vn -0.01039650960021792 -0.9999459548336264 0
vn -0.1000956876516579 -0.9949778154881354 0
vn 0.005629516722900806 -0.9999841541451876 0
vn 0.003808282625611775 -0.9999927484654293 0
vn -0.1000956876516579 -0.9949778154881354 0
vn 0.013585812094076598 -0.9999077085960206 0
vn 0.012737787239727055 -0.9999188710971683 0
vn 0.0334149785204953 -0.9994415636796754 0
vn 0.01040074852214251 -0.9999459107522664 0
vn -0.1000956876516579 -0.9949778154881354 0
vn 0.007355061445601759 -0.999972951169746 0
vn 0.005629516722900806 -0.9999841541451876 0
vn 0.003808282625611775 -0.9999927484654293 0
vn 0.001913855465631349 -0.9999981685769512 0
vn -0.1000956876516579 -0.9949778154881354 0
vn 0.000002120195176753223 -0.9999999999977525 0
vn -0.00192007365084546 -0.9999981566568888 0
vn -0.00192007365084546 -0.9999981566568888 0
vn -0.0038040421485014517 -0.9999927646054907 0
vn -0.1000956876516579 -0.9949778154881354 0
vn -0.005618637487036465 -0.9999842153318169 0
vn -0.007350820924928285 -0.9999729823508883 0
vn -0.014577389044813009 -0.9998937442191728 0
vn -0.014703762962529178 -0.9998918938338994 0
vn -0.10009666577113327 -0.9949777170879266 0
vn -0.014578917951496767 -0.9998937219281675 0
vn -0.014202670955666427 -0.9998991369821882 0
vn -0.01039650960021792 -0.9999459548336264 0
vn -0.01273354778798126 -0.9999189250937954 0
vn -0.1000956876516579 -0.9949778154881354 0
vn -0.013586971255235392 -0.9999076928457493 0
vn -0.014202670955666427 -0.9998991369821882 0
vn -0.1201451897108126 -0.9927563313267527 0
vn -0.2318201540874452 -0.9727586628547049 0
vn -0.111164232210065 -0.99380204944302 0
vn -0.1000956876516579 -0.9949778154881354 0
vn -0.10009666577113327 -0.9949777170879266 0
vn -0.014202670955666427 -0.9998991369821882 0
vn -0.014577389044813009 -0.9998937442191728 0
vn 0.1550267491041008 -0.9879102727789677 0
vn 0.14139267978696915 -0.989953589873111 0
vn 0.16632935056638684 -0.9860702546675688 0
vn 0.14139267978696915 -0.989953589873111 0
vn 0.1343799064484493 -0.9909298868955896 0
vn 0.16632935056638684 -0.9860702546675688 0
vn 0.11106317626816822 -0.9938133481077953 0
vn 0.08562818174650334 -0.9963271623772925 0
vn 0.014582267144477875 -0.9998936730897575 0
vn 0.014708002302576718 -0.9998918314839198 0
vn 0.033410602210233856 -0.999441709986105 0
vn 0.0334149785204953 -0.9994415636796754 0
vn 0.058111875546662806 -0.9983100770404199 0
vn 0.16632935056638684 -0.9860702546675688 0
vn 0.08451439669768084 -0.9964222582574251 0
vn 0.08562818174650334 -0.9963271623772925 0
vn 0.2962755837264516 -0.9551024963256824 0
vn 0.18315589029589813 -0.9830838824077612 0
vn 0.2962755837264516 -0.9551024963256824 0
vn 0.17353774577410397 -0.9848272187503971 0
vn 0.16632935056638684 -0.9860702546675688 0
vn 0.1663302202510409 -0.9860701079696312 0
vn 0.1550267491041008 -0.9879102727789677 0
vn -0.3676450937265417 -0.929966174147642 0
vn -0.3676450937265417 -0.929966174147642 0
vn -0.3594077748714798 -0.9331806102582348 0
vn -0.3594077748714798 -0.9331806102582348 0
vn -0.2318201540874452 -0.9727586628547049 0
vn -0.2318201540874452 -0.9727586628547049 0
vn -0.18315589029589813 -0.9830838824077612 0
vn -0.17360055704852206 -0.9848161486249312 0
vn 0.44117837299925616 -0.8974194354914146 0
vn 0.44117837299925616 -0.8974194354914146 0
vn 0.5380823508401648 -0.8428922728998777 0
vn 0.5380823508401648 -0.8428922728998777 0
vn 0.6456278498993925 -0.763652197950276 0
vn 0.6456278498993925 -0.763652197950276 0
vn 0.7416521261962125 -0.6707847074200762 0
vn 0.7416521261962125 -0.6707847074200762 0
vn 0.8244415478811531 -0.565947112482543 0
vn 0.8244415478811531 -0.565947112482543 0
vn 0.8925188368212378 -0.45101011731364155 0
vn 0.8925188368212378 -0.45101011731364155 0
vn 0.9446690870826581 -0.3280248708717336 0
vn 0.9446690870826581 -0.3280248708717336 0
vn 0.9799617051086277 -0.19918598474940752 0
vn 0.9799617051086277 -0.19918598474940752 0
vn 0.9977668782818397 -0.06679263884375806 0
vn 0.9977668782818397 -0.06679263884375806 0
vn 0.9977668782818397 0.06679263884375806 0
vn 0.9977668782818397 0.06679263884375806 0
vn 0.9799617051086277 0.19918598474940752 0
vn 0.9799617051086277 0.19918598474940752 0
vn 0.9446690870826581 0.3280248708717336 0
vn 0.9446690870826581 0.3280248708717336 0
vn 0.8925188368212378 0.45101011731364155 0
vn 0.8925188368212378 0.45101011731364155 0
vn 0.8244415478811531 0.565947112482543 0
vn 0.8244415478811531 0.565947112482543 0
vn 0.7416521261962125 0.6707847074200762 0
vn 0.7416521261962125 0.6707847074200762 0
vn 0.711026603231271 0.703165108276428 0
vn 0.6941933389176914 0.7197885857682846 0
vn -0.3676450937265417 -0.929966174147642 0
vn -0.44117456922183257 -0.8974213054479654 0
vn -0.4805817684126875 -0.8769499209586223 0
vn -0.4805817684126875 -0.8769499209586223 0
vn -0.5931797611812627 -0.8050700410057129 0
vn -0.5931797611812627 -0.8050700410057129 0
vn -0.6951924487023706 -0.7188236635414847 0
vn -0.6951924487023706 -0.7188236635414847 0
vn -0.784799382618686 -0.6197498923286145 0
vn -0.784799382618686 -0.6197498923286145 0
vn -0.8604015898673358 -0.5096166246834581 0
vn -0.8604015898673358 -0.5096166246834581 0
vn -0.9206498907386528 -0.39038926558360526 0
vn -0.9206498907386528 -0.39038926558360526 0
vn -0.964469173723402 -0.26419540673012865 0
vn -0.964469173723402 -0.26419540673012865 0
vn -0.9910774883750948 -0.13328695373559132 0
vn -0.9910774883750948 -0.13328695373559132 0
vn -1 0 0
vn -1 2.4492937051703357e-16 0
vn -0.9910774883750948 0.13328695373559132 0
vn -0.9910774883750948 0.13328695373559132 0
vn -0.964469173723402 0.26419540673012865 0
vn -0.964469173723402 0.26419540673012865 0
vn -0.9206498907386528 0.39038926558360526 0
vn -0.9206498907386528 0.39038926558360526 0
vn -0.8604015898673358 0.5096166246834581 0
vn -0.8604015898673358 0.5096166246834581 0
vn -0.784799382618686 0.6197498923286145 0
vn -0.784799382618686 0.6197498923286145 0
vn -0.7170243636013 0.6970481059454583 0
vn -0.04747085577778785 0.9988726234369047 0
vn -0.09227845628073914 0.9957332406354846 0
vn -0.09226836455439463 0.9957341758232752 0
vn -0.41344621813495586 0.9105285414032349 0
vn -0.44573514751926324 0.8951648888701906 0
vn -0.4457383449362859 0.8951632967528665 0
vn -0.8571439468354146 0.5150769402753415 0
vn -0.8571439468354146 0.5150769402753415 0
vn -0.9324722285855679 0.36124166830068816 0
vn 0.964929985885351 -0.2625073757807504 0
vn 0.982974013706449 -0.18374462816048281 0
vn 0.9829731007323963 -0.18374951220762062 0
vn 0.7142842266246353 0.6998557305582678 0
vn 0.6026346300694398 0.7980172320451919 0
vn 0.7390089208386469 0.6736956396778134 0
vn 0.7390089208386469 0.6736956396778134 0
vn 0.8502171462693174 0.5264321458551503 0
vn 0.7142842266246353 0.6998557305582678 0
vn 0.7142842266246353 0.6998557305582678 0
vn 0.6967465657087888 0.7173173796674721 0
vn 0.9324722285855679 0.36124166830068816 0
vn 0.8571417723220501 0.5150805588843502 0
vn 0.8571417723220501 0.5150805588843502 0
vn 0.9829731007323963 -0.18374951220762062 0
vn 0.982974013706449 -0.18374462816048281 0
vn 1 0 0
vn 0.9835564706364475 -0.18060085567121478 0
vn 0.9952537639021009 -0.09731364466867534 0
vn 0.9007200457812379 -0.4344000450366515 0
vn 0.9324722285855679 -0.36124166830068816 0
vn 0.8671961594880522 -0.4979666866058141 0
vn 0.8502171462693174 -0.5264321458551503 0
vn 0.9007200457812379 -0.4344000450366515 0
vn 0.9064316934485996 -0.42235244182069553 0
vn 0.9324722285855679 -0.36124166830068816 0
vn 0.9324776344724275 -0.36122771378827784 0
vn 0.9829731007323963 -0.18374951220762062 0
vn 0.9392828313447992 -0.3431439388083339 0
vn 0.964929985885351 -0.2625073757807504 0
vn 0.7390089208386469 -0.6736956396778134 0
vn 0.7390000799473422 -0.6737053375458902 0
vn 0.8502171462693174 -0.5264321458551503 0
vn 0.7719992387457612 -0.6356234540795086 0
vn 0.7782888626224254 -0.627906399328667 0
vn 0.7782888626224254 -0.627906399328667 0
vn 0.8217327105785224 -0.5698731019843578 0
vn 0.8502171462693174 -0.5264321458551503 0
vn 0.8502213438078177 -0.526425366537013 0
vn 0.8671961594880522 -0.4979666866058141 0
vn 0.6026346300694398 -0.7980172320451919 0
vn 0.602625601922189 -0.7980240497052199 0
vn 0.7390089208386469 -0.6736956396778134 0
vn 0.660817908539849 -0.7505462622337278 0
vn 0.660817908539849 -0.7505462622337278 0
vn 0.6918454722661852 -0.7220455958627399 0
vn 0.7390089208386469 -0.6736956396778134 0
vn 0.721910282164846 -0.6919866649760473 0
vn 0.7390000799473422 -0.6737053375458902 0
vn 0.5217665417374238 -0.8530883166023135 0
vn 0.5875978372625957 -0.8091531262031434 0
vn 0.6026346300694398 -0.7980172320451919 0
vn 0.5951807551656308 -0.8035918545384027 0
vn 0.602625601922189 -0.7980240497052199 0
vn 0.36975705794590447 -0.929128472332642 0
vn 0.40762845147233856 -0.9131478771536752 0
vn 0.4457383449362859 -0.8951632967528665 0
vn 0.44574254456571616 -0.8951612055736555 0
vn 0.6026346300694398 -0.7980172320451919 0
vn 0.4482589699269462 -0.8939037397169971 0
vn 0.5217665417374238 -0.8530883166023135 0
vn 0.1281753957438838 -0.9917515152123029 0
vn 0.13634489316142168 -0.9906614306153241 0
vn 0.27366297804954237 -0.9618256465935267 0
vn 0.13634489316142168 -0.9906614306153241 0
vn 0.1566439820654868 -0.9876551335778433 0
vn 0.27366297804954237 -0.9618256465935267 0
vn 0.18318960351741562 -0.9830776007839525 0
vn 0.21553329552912334 -0.9764964918105725 0
vn 0.21553329552912334 -0.9764964918105725 0
vn 0.22936350717749135 -0.9733408352551746 0
vn 0.27366297804954237 -0.9618256465935267 0
vn 0.2736738019043911 -0.9618225668756146 0
vn 0.4457383449362859 -0.8951632967528665 0
vn 0.29083838653875105 -0.9567721948904744 0
vn 0.36975705794590447 -0.929128472332642 0
vn -0.09227294598414068 -0.9957337512806361 0
vn -0.06644906226441921 -0.997789818611204 0
vn -0.09226836455439463 -0.9957341758232752 0
vn -0.03351152640084617 -0.9994383310631453 0
vn 0.06620303417017026 -0.9978061726942079 0
vn 0.06789289959083834 -0.9976926150799896 0
vn 0.09226836455439463 -0.9957341758232752 0
vn 0.09226298174505433 -0.9957346745993694 0
vn 0.27366297804954237 -0.9618256465935267 0
vn 0.0982020218590093 -0.9951665000907148 0
vn 0.1281753957438838 -0.9917515152123029 0
vn -0.03351152640084617 -0.9994383310631453 0
vn -0.014169472948804423 -0.9998996079788977 0
vn -0.09226836455439463 -0.9957341758232752 0
vn 0.00004097888810262592 -0.9999999991603654 0
vn 0.09226836455439463 -0.9957341758232752 0
vn 0.03349826156246727 -0.9994387757498169 0
vn 0.06620303417017026 -0.9978061726942079 0
vn -0.27366297804954237 -0.9618256465935267 0
vn -0.23280498118129778 -0.9725234396852219 0
vn -0.22911463378554042 -0.97339944759863 0
vn -0.22911463378554042 -0.97339944759863 0
vn -0.1828704923021401 -0.9831370113291297 0
vn -0.27366297804954237 -0.9618256465935267 0
vn -0.17505487387918542 -0.9845586783585539 0
vn -0.15668113194453967 -0.9876492408201294 0
vn -0.15668113194453967 -0.9876492408201294 0
vn -0.1284847980270694 -0.9917114785440083 0
vn -0.27366297804954237 -0.9618256465935267 0
vn -0.09795724634732572 -0.9951906238947639 0
vn -0.09226836455439463 -0.9957341758232752 0
vn -0.09539261633691955 -0.9954397263262087 0
vn -0.09227294598414068 -0.9957337512806361 0
vn -0.40757224250829943 -0.9131729667137304 0
vn -0.3763928972396318 -0.9264601377865946 0
vn -0.4457383449362859 -0.8951632967528665 0
vn -0.3134603759746545 -0.9496012809036369 0
vn -0.27366297804954237 -0.9618256465935267 0
vn -0.27366325756079246 -0.9618255670656791 0
vn -0.23280498118129778 -0.9725234396852219 0
vn -0.5974535946574623 -0.8019034868554175 0
vn -0.5877051164981998 -0.8090752103740647 0
vn -0.6026346300694398 -0.7980172320451919 0
vn -0.5877051164981998 -0.8090752103740647 0
vn -0.5275059191058636 -0.8495513553095411 0
vn -0.6026346300694398 -0.7980172320451919 0
vn -0.45378923261369314 -0.8911090462810236 0
vn -0.4457383449362859 -0.8951632967528665 0
vn -0.44574855766542787 -0.8951582113454529 0
vn -0.40757224250829943 -0.9131729667137304 0
vn -0.6995731567029001 -0.7145609829963706 0
vn -0.6917346664077014 -0.7221517508736138 0
vn -0.7390089208386469 -0.6736956396778134 0
vn -0.6356309070169408 -0.7719931023298208 0
vn -0.6026346300694398 -0.7980172320451919 0
vn -0.6026327654148941 -0.7980186401634971 0
vn -0.5974535946574623 -0.8019034868554175 0
vn -0.8106284083368636 -0.5855609136522375 0
vn -0.772535804658608 -0.6349712044813347 0
vn -0.8502171462693174 -0.5264321458551503 0
vn -0.7579324213460051 -0.6523330780150441 0
vn -0.7390089208386469 -0.6736956396778134 0
vn -0.7390165380395552 -0.6736872839114825 0
vn -0.6995731567029001 -0.7145609829963706 0
vn -0.9289813480412508 -0.37012653916121807 0
vn -0.9007002190955545 -0.4344411528863489 0
vn -0.9324722285855679 -0.36124166830068816 0
vn -0.9007002190955545 -0.4344411528863489 0
vn -0.8946310650629707 -0.44680561480838005 0
vn -0.9324722285855679 -0.36124166830068816 0
vn -0.8535937236504847 -0.5209393006334808 0
vn -0.8502171462693174 -0.5264321458551503 0
vn -0.8502209779231401 -0.5264259574711522 0
vn -0.8106284083368636 -0.5855609136522375 0
vn -0.9798135680805695 -0.19991341076882072 0
vn -0.9777645314246874 -0.20970579650515528 0
vn -0.9829731007323963 -0.18374951220762062 0
vn -0.9567059502762062 -0.29105622258612 0
vn -0.9324722285855679 -0.36124166830068816 0
vn -0.9324681280429117 -0.3612522528430071 0
vn -0.9289813480412508 -0.37012653916121807 0
vn -1 1.2246468525851679e-16 0
vn -0.9930992302722559 -0.11727710276372172 0
vn -0.9829731007323963 -0.18374951220762062 0
vn -0.9829705325733971 -0.1837632501137599 0
vn -0.9798135680805695 -0.19991341076882072 0
vn -0.8571439468354146 0.5150769402753415 0
vn -0.9324722285855679 0.36124166830068816 0
vn -0.8502171462693174 0.5264321458551503 0
vn -0.8502171462693174 0.5264321458551503 0
vn -0.7390089208386469 0.6736956396778134 0
vn -0.6026346300694398 0.7980172320451919 0
vn -0.7142872059320412 0.6998526898153622 0
vn -0.7390089208386469 0.6736956396778134 0
vn -0.7390089208386469 0.6736956396778134 0
vn -0.8502171462693174 0.5264321458551503 0
vn -0.4457383449362859 0.8951632967528665 0
vn -0.44573514751926324 0.8951648888701906 0
vn -0.6026346300694398 0.7980172320451919 0
vn -0.44573514751926324 0.8951648888701906 0
vn -0.45371093746305724 0.8911489130478664 0
vn -0.6026346300694398 0.7980172320451919 0
vn -0.4853159916005702 0.8743388292285522 0
vn -0.558142734224701 0.8297449537250435 0
vn -0.558142734224701 0.8297449537250435 0
vn -0.5856511615163368 0.8105632097588477 0
vn -0.6026346300694398 0.7980172320451919 0
vn -0.6026231570120149 0.7980258959663353 0
vn -0.7142872059320412 0.6998526898153622 0
vn -0.6523765797146474 0.7578949783708944 0
vn -0.7142872059320412 0.6998526898153622 0
vn -0.2837929796264876 0.9588855743594853 0
vn -0.4457383449362859 0.8951632967528665 0
vn -0.27365386687698195 0.961828238898856 0
vn -0.27366297804954237 0.9618256465935267 0
vn -0.264161197064936 0.964478544066803 0
vn -0.2837929796264876 0.9588855743594853 0
vn -0.31199607741621355 0.9500833898542255 0
vn -0.4457383449362859 0.8951632967528665 0
vn -0.3343430813441945 0.9424514332087724 0
vn -0.3376825512871882 0.9412600568154241 0
vn -0.3376825512871882 0.9412600568154241 0
vn -0.35148548497015847 0.9361933314520524 0
vn -0.4457383449362859 0.8951632967528665 0
vn -0.38565548190116783 0.922642861176294 0
vn -0.41344621813495586 0.9105285414032349 0
vn -0.18040669153249903 0.983592103287891 0
vn -0.1845389567411931 0.982825199842206 0
vn -0.27366297804954237 0.9618256465935267 0
vn -0.09227845628073914 0.9957332406354846 0
vn -0.09399090819151819 0.9955730556706192 0
vn -0.09226836455439463 0.9957341758232752 0
vn -0.12240329974676223 0.9924804442461846 0
vn -0.27366297804954237 0.9618256465935267 0
vn -0.13857182774375226 0.9903523860504178 0
vn -0.18040669153249903 0.983592103287891 0
vn -0.1845389567411931 0.982825199842206 0
vn -0.21832448669664986 0.9758762311423742 0
vn -0.27366297804954237 0.9618256465935267 0
vn -0.25301474391627843 0.9674624227126241 0
vn -0.264161197064936 0.964478544066803 0
vn 0.04751787406219881 0.9988703878104552 0
vn 0.04669050080772477 0.9989094038671995 0
vn 0.09226836455439463 0.9957341758232752 0
vn -0.00001662448448539554 0.9999999998618132 0
vn -0.09226836455439463 0.9957341758232752 0
vn -0.03764208721193958 0.999291285497041 0
vn -0.04747085577778785 0.9988726234369047 0
vn 0.21835965335083565 0.9758683629406699 0
vn 0.19002758184261812 0.9817787521326011 0
vn 0.09226836455439463 0.9957341758232752 0
vn 0.21835965335083565 0.9758683629406699 0
vn 0.09226836455439463 0.9957341758232752 0
vn 0.2530016944702996 0.9674658353632737 0
vn 0.19002758184261812 0.9817787521326011 0
vn 0.18036632644603404 0.983599506041134 0
vn 0.09226836455439463 0.9957341758232752 0
vn 0.1386040616416619 0.990347875292533 0
vn 0.1303576059556306 0.9914670415951892 0
vn 0.1303576059556306 0.9914670415951892 0
vn 0.0939525585351111 0.9955766754724151 0
vn 0.09226836455439463 0.9957341758232752 0
vn 0.09227157579663728 0.995733878252621 0
vn 0.04751787406219881 0.9988703878104552 0
vn 0.4254000799258497 0.9050053988784159 0
vn 0.38560393518682035 0.9226644054955401 0
vn 0.4457383449362859 0.8951632967528665 0
vn 0.3515579004026667 0.936166140524463 0
vn 0.3515579004026667 0.936166140524463 0
vn 0.3466518919836666 0.9379938516771549 0
vn 0.4457383449362859 0.8951632967528665 0
vn 0.33502731008765685 0.9422084172280721 0
vn 0.33445057975870157 0.9424132902814287 0
vn 0.33445057975870157 0.9424132902814287 0
vn 0.31207663521572254 0.9500569318479986 0
vn 0.4457383449362859 0.8951632967528665 0
vn 0.2838428292567234 0.9588708193909847 0
vn 0.27366297804954237 0.9618256465935267 0
vn 0.2736555363337733 0.9618277639129963 0
vn 0.09226836455439463 0.9957341758232752 0
vn 0.26530471501159114 0.964164616749971 0
vn 0.2530016944702996 0.9674658353632737 0
vn 0.6967465657087888 0.7173173796674721 0
vn 0.6334407411839994 0.7737912040132437 0
vn 0.7142842266246353 0.6998557305582678 0
vn 0.6026369796658911 0.798015457706912 0
vn 0.6026346300694398 0.7980172320451919 0
vn 0.5654847098288273 0.8247587786436753 0
vn 0.5654847098288273 0.8247587786436753 0
vn 0.4929328540883405 0.8700673544963762 0
vn 0.6026346300694398 0.7980172320451919 0
vn 0.4537222450339186 0.8911431559302807 0
vn 0.4457383449362859 0.8951632967528665 0
vn 0.445730064955641 0.8951674196454201 0
vn 0.4254000799258497 0.9050053988784159 0
vn -0.8571439468354146 0.5150769402753415 0
vn -0.9324722285855679 0.36124166830068816 0
vn -0.9324722285855679 0.36124166830068816 0
vn -0.9829731007323963 0.18374951220762062 0
vn -0.9829731007323963 0.18374951220762062 0
vn -1 1.2246468525851679e-16 0
vn -1 1.2246468525851679e-16 0
vn -0.9952537639021009 -0.09731364466867534 0
vn -0.9930992302722559 -0.11727710276372172 0
vn 0.9952537639021009 -0.09731364466867534 0
vn 1 0 0
vn 1 0 0
vn 0.9829731007323963 0.18374951220762062 0
vn 0.9829731007323963 0.18374951220762062 0
vn 0.9324722285855679 0.36124166830068816 0
vn 0.9324722285855679 0.36124166830068816 0
vn 0.8571417723220501 0.5150805588843502 0
vn 0.8502171462693174 0.5264321458551503 0
vn 0.8502171462693174 0.5264321458551503 0
vn 0.7390089208386469 0.6736956396778134 0
vn 0 0 1
vn 0 0 1
vn 0 0 1
vn 0 0 1
vn 0 0 1
vn 0 0 1
vn 0 0 1
vn 0 0 1
vn 0 0 1
vn 0 0 1
vn 0 0 1
vn 0 0 1
vn 0 0 1
vn 0 0 1
vn 0 0 1
vn 0 0 1
vn 0 0 1
vn 0 0 1
vn 0 0 1
vn 0 0 1
vn 0 0 1
vn 0 0 1
vn 0 0 1
vn 0 0 1
vn 0 0 1
vn 0 0 1
vn 0 0 1
vn 0 0 1
vn 0 0 1
vn 0 0 1
vn 0 0 1
vn 0 0 1
vn 0 0 1
vn 0 0 1
vn 0 0 1
vn 0 0 1
vn 0 0 1
vn 0 0 1
vn 0 0 1
vn 0 0 1
vn 0 0 1
vn 0 0 1
vn 0 0 1
vn 0 0 1
vn 0 0 1
vn 0 0 1
vn 0 0 1
vn 0 0 1
vn 0 0 1
vn 0 0 1
vn 0 0 1
vn 0 0 1
vn 0 0 1
vn 0 0 1
vn 0 0 1
vn 0 0 1
vn 0 0 1
vn 0 0 1
vn 0 0 1
vn 0 0 1
vn 0 0 1
vn 0 0 1
vn 0 0 1
vn 0 0 1
vn 0 0 1
vn 0 0 1
vn 0 0 1
vn 0 0 1
vn 0 0 1
vn 0 0 1
vn 0 0 1
vn 0 0 1
vn 0 0 1
vn 0 0 1
vn 0 0 1
vn 0 0 1
vn 0 0 1
vn 0 0 1
vn 0 0 1
vn 0 0 1
vn 0 0 1
vn 0 0 1
vn 0 0 1
vn 0 0 1
vn 0 0 1
vn 0 0 1
vn 0 0 1
vn 0 0 1
vn 0 0 1
vn 0 0 1
vn 0 0 1
vn 0 0 1
vn 0 0 1
vn 0 0 1
vn 0 0 1
vn 0 0 1
vn 0 0 1
vn 0 0 1
vn 0 0 1
vn 0 0 1
vn 0 0 1
vn 0 0 1
vn -0.1264349383952378 0.0805603422902641 0.9886982540710121
vn -0.1339277933696845 0.0813816941258857 0.9876438457380919
vn -0.12128791374705433 0.08221614470398743 0.9892066252956963
vn -0.26102199620111416 0.09258295407523835 0.9608828826209195
vn -0.26266661679206105 0.092658178403989 0.9604273582098061
vn -0.2956793603108393 0.10022857774469547 0.9500147094068851
vn -0.30675706696037225 0.10710695535610477 0.9457421434958976
vn -0.30725451982923413 0.10706165321091672 0.9455857774185544
vn -0.3082538323778842 0.1072387870997061 0.9452404018902976
vn -0.2783914482038722 0.10476819334008308 0.9547365224140144
vn -0.26127054554960727 0.10320474663153094 0.9597325055977485
vn -0.277788936950667 0.10179620976043584 0.9552333946142313
vn -0.09159727241542696 0.0850001931890059 0.9921617342166981
vn -0.08692132913092848 0.08441099004239162 0.9926325943178455
vn -0.12128791374705433 0.08221614470398743 0.9892066252956963
vn 0.08679882550917496 0.07661070030154218 0.9932757746414312
vn 0.08765812757012828 0.07596076846222741 0.9932502274480118
vn 0.07254279328358063 0.07560348430993116 0.9944956793786556
vn 0.2948192982675556 0.09329139531790824 0.9509880635048285
vn 0.2896139657252601 0.09344902749225667 0.9525707480904708
vn 0.3119700813040582 0.09876242165989257 0.9449447880373819
vn 0.28935643964391944 0.09344793089713309 0.9526491143372986
vn 0.28935643964391944 0.09344793089713309 0.9526491143372986
vn 0.2828432364070166 0.09341755649817349 0.9546061301692522
vn 0.3119700813040582 0.09876242165989257 0.9449447880373819
vn 0.2744816301119601 0.09319172249654385 0.9570659003376979
vn 0.2722332768427945 0.09309592073495918 0.9577171777314766
vn 0.30725451982923413 0.10706165321091672 0.9455857774185544
vn 0.30786833304670175 0.10717047053788965 0.9453737777999411
vn 0.3198636167502535 0.10818976886262231 0.9412662963226185
vn 0.2722332768427945 0.09309592073495918 0.9577171777314766
vn 0.26449113719103606 0.09276160469740252 0.9599165187876263
vn 0.3119700813040582 0.09876242165989257 0.9449447880373819
vn 0.2956793603108393 0.10022857774469547 0.9500147094068851
vn 0.31759124357885626 0.1005146110778244 0.9428852607618328
vn 0.3372207808020373 0.10948852215887371 0.9350371161139701
vn 0.348458299104022 0.11030365811693293 0.9308114292334161
vn 0.2732334204702746 0.10431546976500405 0.9562749503703527
vn 0.2860860203979555 0.10542441814043592 0.9523867286940801
vn 0.277788936950667 0.10179620976043584 0.9552333946142313
vn 0.2969424193191853 0.10634805493662494 0.9489548412965002
vn 0.30725451982923413 0.10706165321091672 0.9455857774185544
vn 0.306900641656552 0.10709388253777526 0.9456970426483218
vn 0.30786833304670175 0.10717047053788965 0.9453737777999411
vn 0.24813925932373615 0.09642216451481929 0.9639137275568517
vn 0.21868565977373294 0.09919572012050905 0.9707403315609693
vn 0.22924784074613314 0.10023377199448383 0.968193481936846
vn 0.22924784074613314 0.10023377199448383 0.968193481936846
vn 0.23101265757061692 0.10040278000143518 0.9677563917692017
vn 0.24813925932373615 0.09642216451481929 0.9639137275568517
vn 0.254020841854445 0.10258001166826938 0.9617436005036356
vn 0.277788936950667 0.10179620976043584 0.9552333946142313
vn 0.26119917073107174 0.10321075248749591 0.9597512874596029
vn 0.2732334204702746 0.10431546976500405 0.9562749503703527
vn 0.21843717466233603 0.09093830515480504 0.9716045622479897
vn 0.19496889595690142 0.09669543148581906 0.9760313125812707
vn 0.24813925932373615 0.09642216451481929 0.9639137275568517
vn 0.2163921330307805 0.09895771150973155 0.9712784441627159
vn 0.21868565977373294 0.09919572012050905 0.9707403315609693
vn 0.21362077985170166 0.08923363600109145 0.9728327300320315
vn 0.20547055993676028 0.08851429731988623 0.9746522806464062
vn 0.21843717466233603 0.09093830515480504 0.9716045622479897
vn 0.1976925973405116 0.08784717075559584 0.9763198817738987
vn 0.1976925973405116 0.08784717075559584 0.9763198817738987
vn 0.1724998478627639 0.09437554936297281 0.9804779743419841
vn 0.21843717466233603 0.09093830515480504 0.9716045622479897
vn 0.17287470128235374 0.09442527443560464 0.980407162970721
vn 0.19496889595690142 0.09669543148581906 0.9760313125812707
vn 0.19356403072285214 0.09663370410163097 0.9763170044826226
vn 0.2163921330307805 0.09895771150973155 0.9712784441627159
vn 0.1976925973405116 0.08784717075559584 0.9763198817738987
vn 0.18272305596814625 0.08645262366586344 0.9793560275400108
vn 0.1724998478627639 0.09437554936297281 0.9804779743419841
vn 0.18086452691853103 0.08627795384961293 0.9797163556775299
vn 0.1680117953697756 0.09390023122413621 0.9813025951217486
vn 0.17884135301092247 0.08607313808358365 0.9801057011127254
vn 0.1623403756540606 0.08443702160703835 0.983115451925475
vn 0.12929302374857957 0.08952050601287144 0.9875572859399847
vn 0.17884135301092247 0.08607313808358365 0.9801057011127254
vn 0.15094004530435534 0.0920062807683255 0.9842519733394997
vn 0.1680117953697756 0.09390023122413621 0.9813025951217486
vn 0.09892472575389397 0.08590283201960236 0.9913801501369335
vn 0.11274819206093949 0.0875695655908588 0.9897572512334618
vn 0.12128791374705433 0.08221614470398743 0.9892066252956963
vn 0.12502831522478886 0.08903225726260353 0.988150382056687
vn 0.12929302374857957 0.08952050601287144 0.9875572859399847
vn 0.04928555265503411 0.0795898425538419 0.995608553228498
vn 0.05178354924663925 0.07991779397448093 0.9954554787802785
vn 0.08679882550917496 0.07661070030154218 0.9932757746414312
vn 0.05178354924663925 0.07991779397448093 0.9954554787802785
vn 0.057171932559929105 0.08062325306164876 0.9951036434427926
vn 0.08679882550917496 0.07661070030154218 0.9932757746414312
vn 0.08339737381608152 0.08397782620044865 0.992971602185696
vn 0.12128791374705433 0.08221614470398743 0.9892066252956963
vn 0.08689823908683914 0.08441242733013896 0.9926344937366628
vn 0.09892472575389397 0.08590283201960236 0.9913801501369335
vn 0.04928555265503411 0.0795898425538419 0.995608553228498
vn 0.08679882550917496 0.07661070030154218 0.9932757746414312
vn 0.045437548676605474 0.07907541160086964 0.9958325704908502
vn 0.07254279328358063 0.07560348430993116 0.9944956793786556
vn 0.03489802410690279 0.0777637736224099 0.9963608399698558
vn 0.0584978579442882 0.0757075929007954 0.9954126586462007
vn 0.029146094716244554 0.0772585369589461 0.9965849806362501
vn 0.04906678622798956 0.07580543387472691 0.995914648292875
vn 0.02333510627381275 0.07685730475545839 0.9967689940607687
vn 0.04542273598698906 0.07584488296975835 0.9960844988166213
vn 0.02106098123728712 0.07672350247370915 0.9968299449943753
vn 0.033226962695228006 0.07597789813400406 0.9965557324832309
vn 0.017673464656525157 0.07654696029173762 0.996909329636918
vn 0.033226962695228006 0.07597789813400406 0.9965557324832309
vn 0.031078293678083443 0.07599973619536703 0.996623389129662
vn 0.017673464656525157 0.07654696029173762 0.996909329636918
vn 0.02239466306580908 0.07607671734935598 0.996850446227274
vn 0.011885761170116972 0.07633381264213535 0.9970114732182987
vn 0.021802689234860947 0.07608134074346573 0.9968632164609168
vn 0.011164474159083717 0.07631429932835335 0.997021304804854
vn 0.01074549714181399 0.07614938717330798 0.9970385173724758
vn 0.0059520047368645645 0.07621192839850088 0.997073876705931
vn 3.6407992692153406e-7 0.07617163431517947 0.9970947207390187
vn -0.004555155523914888 0.07616768033639273 0.9970846177884433
vn -0.005960878464826382 0.07621182519730664 0.9970738315832097
vn 3.6407992692153406e-7 0.07617163431517947 0.9970947207390187
vn 7.610519561275932e-7 0.07617163431516247 0.9970947207387962
vn 0.0059520047368645645 0.07621192839850088 0.997073876705931
vn -0.004555155523914888 0.07616768033639273 0.9970846177884433
vn -0.010742113063603856 0.07614944179385988 0.9970385496666678
vn -0.005960878464826382 0.07621182519730664 0.9970738315832097
vn -0.021823161752035393 0.07608082729818333 0.9968628076765471
vn -0.011919661517978852 0.07633297204875276 0.9970111328603614
vn -0.031097114351999865 0.07599964057806065 0.9966228093471392
vn -0.017687993645357253 0.07654644774460076 0.9969091113128041
vn -0.032260254878210166 0.07598823509808068 0.9965867067555495
vn -0.03320762821727445 0.07597862033338824 0.9965563218807145
vn -0.058505502255623586 0.07570716823783043 0.9954122416784045
vn -0.02332699730441863 0.07685767308733894 0.9967691554639717
vn -0.04545167562231864 0.07584352960168421 0.996083281759453
vn -0.020072381711724405 0.07666826159653822 0.9968545917816617
vn -0.03320762821727445 0.07597862033338824 0.9965563218807145
vn -0.018523998419895917 0.07658748271371099 0.9968907758496499
vn -0.017687993645357253 0.07654644774460076 0.9969091113128041
vn -0.09089653266824654 0.07635882558052563 0.9929285725090468
vn -0.08679882550917496 0.07661070030154218 0.9932757746414312
vn -0.07249010495248552 0.07560658601923574 0.994499285487171
vn -0.03486403347269617 0.07776567109927848 0.9963618818323458
vn -0.06816121250924144 0.07563180543156071 0.9948034374269283
vn -0.03010658285302651 0.07734141304298152 0.9965499984935171
vn -0.058505502255623586 0.07570716823783043 0.9954122416784045
vn -0.029100672758499695 0.07726088029584904 0.9965861263437863
vn -0.02332699730441863 0.07685767308733894 0.9967691554639717
vn -0.0652662454715452 0.08167219331935795 0.9945199696539299
vn -0.057219406990697406 0.08062944355254897 0.9951004131724794
vn -0.08679882550917496 0.07661070030154218 0.9932757746414312
vn -0.04546496341720682 0.07907382519952273 0.9958314452103768
vn -0.03486403347269617 0.07776567109927848 0.9963618818323458
vn -0.12128791374705433 0.08221614470398743 0.9892066252956963
vn -0.08692132913092848 0.08441099004239162 0.9926325943178455
vn -0.08679882550917496 0.07661070030154218 0.9932757746414312
vn -0.08231465652656779 0.08383493262099112 0.993074016069974
vn -0.0652662454715452 0.08167219331935795 0.9945199696539299
vn -0.15872162313475882 0.09287610493818937 0.982945306454524
vn -0.14300334077931848 0.09110080956521488 0.9855205157796142
vn -0.15591877665941573 0.0876989064747097 0.9838690140908857
vn -0.18144292047606964 0.08633354500486895 0.9796045046936068
vn -0.17252818191483754 0.09437350425230996 0.9804731858344214
vn -0.15591877665941573 0.0876989064747097 0.9838690140908857
vn -0.16556223127873815 0.09363173169507477 0.981744491399767
vn -0.15872162313475882 0.09287610493818937 0.982945306454524
vn -0.14300334077931848 0.09110080956521488 0.9855205157796142
vn -0.13269066686094536 0.08992465501087307 0.9870697763325413
vn -0.15591877665941573 0.0876989064747097 0.9838690140908857
vn -0.1292602092659586 0.08952270246180247 0.9875613824185595
vn -0.12128791374705433 0.08221614470398743 0.9892066252956963
vn -0.11780689755536695 0.0881802000050293 0.9891136371597816
vn -0.09159727241542696 0.0850001931890059 0.9921617342166981
vn -0.21635253691489745 0.0989607943440368 0.9712869508818109
vn -0.20221821925658617 0.0975230706879492 0.9744726997121513
vn -0.21843717466233603 0.09093830515480504 0.9716045622479897
vn -0.18144292047606964 0.08633354500486895 0.9796045046936068
vn -0.18274761788037108 0.0864571335374781 0.9793510464687996
vn -0.17252818191483754 0.09437350425230996 0.9804731858344214
vn -0.21843717466233603 0.09093830515480504 0.9716045622479897
vn -0.19143943245410305 0.09641120460346797 0.9767578120130697
vn -0.20221821925658617 0.0975230706879492 0.9744726997121513
vn -0.2590015530494899 0.10303179174298269 0.9603658914227342
vn -0.25402325442852497 0.10258023461466347 0.9617429394988776
vn -0.24813925932373615 0.09642216451481929 0.9639137275568517
vn -0.22898842214576504 0.10020856480604305 0.9682574792185733
vn -0.21690102965358674 0.09901799057821307 0.9711587825258373
vn -0.30725451982923413 0.10706165321091672 0.9455857774185544
vn -0.30675706696037225 0.10710695535610477 0.9457421434958976
vn -0.277788936950667 0.10179620976043584 0.9552333946142313
vn -0.2880787578285381 0.10560280928212282 0.951766082585259
vn -0.2783914482038722 0.10476819334008308 0.9547365224140144
vn -0.33563700218900683 0.10927962479402702 0.9356312128004566
vn -0.3230765235735528 0.10843768956973002 0.9401397914121103
vn -0.277788936950667 0.10179620976043584 0.9552333946142313
vn -0.31228195881660686 0.1075940926233699 0.9438768401810782
vn -0.30725451982923413 0.10706165321091672 0.9455857774185544
vn -0.3115944500731663 0.1075399347047515 0.9441101954365808
vn -0.3082538323778842 0.1072387870997061 0.9452404018902976
vn -0.348458299104022 0.11030365811693293 0.9308114292334161
vn -0.3453915687799998 0.11008702876202234 0.931979350798096
vn -0.3233160293367698 0.10233077143611943 0.9407418128217718
vn -0.2956793603108393 0.10022857774469547 0.9500147094068851
vn -0.311886065999726 0.09877007259583795 0.9449717215846344
vn -0.26266661679206105 0.092658178403989 0.9604273582098061
vn -0.2712847003230596 0.09306961328283925 0.9579888613413052
vn -0.2712847003230596 0.09306961328283925 0.9579888613413052
vn -0.2722877587258902 0.09310325321338613 0.9577009766566573
vn -0.311886065999726 0.09877007259583795 0.9449717215846344
vn -0.2800815417894019 0.09336061823792953 0.9554256250023354
vn -0.2873998213305597 0.09345964856417073 0.9532400730085911
vn -0.2873998213305597 0.09345964856417073 0.9532400730085911
vn -0.2881680361490184 0.09345870991209398 0.9530082121805588
vn -0.311886065999726 0.09877007259583795 0.9449717215846344
vn -0.2892615719824402 0.09343682731308207 0.9526790132441845
vn -0.2958979377587857 0.09363353470698674 0.9506193621047138
vn -0.29372207215079654 0.09334601743073975 0.9513221669661979
vn -0.2948192982675556 0.09329139531790824 0.9509880635048285
vn -0.3453915687799998 0.11008702876202234 0.931979350798096
vn -0.33563700218900683 0.10927962479402702 0.9356312128004566
vn -0.2956793603108393 0.10022857774469547 0.9500147094068851
vn -0.277788936950667 0.10179620976043584 0.9552333946142313
vn -0.24813925932373615 0.09642216451481929 0.9639137275568517
vn -0.26127054554960727 0.10320474663153094 0.9597325055977485
vn -0.2590015530494899 0.10303179174298269 0.9603658914227342
vn -0.21690102965358674 0.09901799057821307 0.9711587825258373
vn -0.21635253691489745 0.0989607943440368 0.9712869508818109
vn -0.24813925932373615 0.09642216451481929 0.9639137275568517
vn -0.21843717466233603 0.09093830515480504 0.9716045622479897
vn -0.2956793603108393 0.10022857774469547 0.9500147094068851
vn -0.22684676688718527 0.09028331088266188 0.9697368035342867
vn -0.23738461246846476 0.09108698181582309 0.9671358268138353
vn -0.23738461246846476 0.09108698181582309 0.9671358268138353
vn -0.2482979952939792 0.09182718615329037 0.9643214575110107
vn -0.2956793603108393 0.10022857774469547 0.9500147094068851
vn -0.2492843775511773 0.09189345157020092 0.9640606270704333
vn -0.26102199620111416 0.09258295407523835 0.9608828826209195
vn -0.18274761788037108 0.0864571335374781 0.9793510464687996
vn -0.19120401622542021 0.08725408683035518 0.977664435535358
vn -0.21843717466233603 0.09093830515480504 0.9716045622479897
vn -0.20558893909287312 0.08853650191574226 0.9746253002827244
vn -0.20776293719707184 0.08873579458023617 0.9741460468982358
vn -0.20776293719707184 0.08873579458023617 0.9741460468982358
vn -0.21802155840849594 0.0895885459504639 0.9718232825486394
vn -0.21843717466233603 0.09093830515480504 0.9716045622479897
vn -0.2231635630387192 0.09001194061879993 0.9706162345015156
vn -0.22684676688718527 0.09028331088266188 0.9697368035342867
vn -0.12128791374705433 0.08221614470398743 0.9892066252956963
vn -0.1339277933696845 0.0813816941258857 0.9876438457380919
vn -0.15591877665941573 0.0876989064747097 0.9838690140908857
vn -0.1434258792719464 0.08243990540605307 0.9862214148717874
vn -0.1454343924880156 0.08266008532146633 0.9859087928283681
vn -0.1454343924880156 0.08266008532146633 0.9859087928283681
vn -0.1637780685941801 0.08458397638645859 0.9828643320348008
vn -0.15591877665941573 0.0876989064747097 0.9838690140908857
vn -0.17885115824094663 0.08607243040640336 0.9801039740353096
vn -0.18144292047606964 0.08633354500486895 0.9796045046936068
vn -0.09089653266824654 0.07635882558052563 0.9929285725090468
vn -0.09178082671661549 0.07646901182742659 0.9928387432394808
vn -0.08679882550917496 0.07661070030154218 0.9932757746414312
vn -0.10154732963716202 0.07764699980131015 0.9917958879050753
vn -0.12128791374705433 0.08221614470398743 0.9892066252956963
vn -0.11115868187344824 0.07879725700290398 0.9906738816245111
vn -0.1264349383952378 0.0805603422902641 0.9886982540710121
vn 0.1623403756540606 0.08443702160703835 0.983115451925475
vn 0.14406842217103166 0.0825126779974617 0.9861216698272262
vn 0.12929302374857957 0.08952050601287144 0.9875572859399847
vn 0.14343947573289983 0.0824435152816828 0.9862191356840883
vn 0.12128791374705433 0.08221614470398743 0.9892066252956963
vn 0.1339348386518466 0.08138121548583714 0.9876429297885706
vn 0.12481720054676522 0.08037673716858178 0.9889187259678125
vn 0.12481720054676522 0.08037673716858178 0.9889187259678125
vn 0.10570193085297737 0.07815185936673766 0.9913220408583047
vn 0.12128791374705433 0.08221614470398743 0.9892066252956963
vn 0.101558938294514 0.07765153025346937 0.9917943445602954
vn 0.08679882550917496 0.07661070030154218 0.9932757746414312
vn 0.09093620072813764 0.07635638277120348 0.992925128198108
vn 0.08765812757012828 0.07596076846222741 0.9932502274480118
vn 0.26449113719103606 0.09276160469740252 0.9599165187876263
vn 0.26265958194350536 0.09265655364812075 0.9604294388862284
vn 0.2956793603108393 0.10022857774469547 0.9500147094068851
vn 0.2531270693529623 0.09213218876986992 0.9630360048062864
vn 0.24818798401937572 0.0918114315933117 0.9643512770858887
vn 0.24818798401937572 0.0918114315933117 0.9643512770858887
vn 0.2404297123943751 0.09130222277154755 0.9663630050425839
vn 0.2956793603108393 0.10022857774469547 0.9500147094068851
vn 0.22861629997932922 0.09043694395703196 0.9693068381846246
vn 0.2268002296071781 0.09028695383670476 0.9697473494766665
vn 0.3198636167502535 0.10818976886262231 0.9412662963226185
vn 0.3263204173250374 0.10868535442292049 0.9389901378453223
vn 0.30725451982923413 0.10706165321091672 0.9455857774185544
vn 0.3372207808020373 0.10948852215887371 0.9350371161139701
vn 0.277788936950667 0.10179620976043584 0.9552333946142313
vn 0.2956793603108393 0.10022857774469547 0.9500147094068851
vn 0.24813925932373615 0.09642216451481929 0.9639137275568517
vn 0.2268002296071781 0.09028695383670476 0.9697473494766665
vn 0.21843717466233603 0.09093830515480504 0.9716045622479897
vn 0.21802472849011564 0.08958942353049464 0.971822490457123
vn 0.21362077985170166 0.08923363600109145 0.9728327300320315
vn 0 0 -1
vn 0 0 -1
vn 0 0 -1
vn 0 0 -1
vn 0 0 -1
vn 0 0 -1
vn 0 0 -1
vn 0 0 -1
vn 0 0 -1
vn 0 0 -1
vn 0 0 -1
vn 0 0 -1
vn 0 0 -1
vn 0 0 -1
vn 0 0 -1
vn 0 0 -1
vn 0 0 -1
vn 0 0 -1
vn 0 0 -1
vn 0 0 -1
vn 0 0 -1
vn 0 0 -1
vn 0 0 -1
vn 0 0 -1
vn 0 0 -1
vn 0 0 -1
vn 0 0 -1
vn 0 0 -1
vn 0 0 -1
vn 0 0 -1
vn 0 0 -1
vn 0 0 -1
vn 0 0 -1
vn 0 0 -1
vn 0 0 -1
vn 0 0 -1
vn 0 0 -1
vn 0 0 -1
vn 0 0 -1
vn 0 0 -1
vn 0 0 -1
vn 0 0 -1
vn 0 0 -1
vn 0 0 -1
vn 0 0 -1
vn 0 0 -1
vn 0 0 -1
vn 0 0 -1
vn 0 0 -1
vn 0 0 -1
vn 0 0 -1
vn 0 0 -1
vn 0 0 -1
vn 0 0 -1
vn 0 0 -1
vn 0 0 -1
vn 0 0 -1
vn 0 0 -1
vn 0 0 -1
vn 0 0 -1
vn 0 0 -1
vn 0 0 -1
vn 0 0 -1
vn 0 0 -1
vn 0 0 -1
vn 0 0 -1
vn 0 0 -1
vn 0 0 -1
vn 0 0 -1
vn 0 0 -1
vn 0 0 -1
vn 0 0 -1
vn 0 0 -1
vn 0 0 -1
vn 0 0 -1
vn 0 0 -1
vn 0 0 -1
vn 0 0 -1
vn 0 0 -1
vn 0 0 -1
vn 0 0 -1
vn 0 0 -1
vn 0 0 -1
vn 0 0 -1
vn 0 0 -1
vn 0 0 -1
vn 0 0 -1
vn 0 0 -1
vn 0 0 -1
vn 0 0 -1
vn 0 0 -1
vn 0 0 -1
vn 0 0 -1
vn 0 0 -1
vn 0 0 -1
vn 0 0 -1
vn 0 0 -1
vn 0 0 -1
vn 0 0 -1
vn 0 0 -1
vn 0 0 -1
vn 0 0 -1
vn 0 0 -1
vn 0 0 -1
vn 0 0 -1
vn 0 0 -1
vn 0 0 -1
vn 0 0 -1
vn 0 0 -1
vn 0 0 -1
vn 0 0 -1
vn 0 0 -1
vn 0 0 -1
vn 0 0 -1
vn 0 0 -1
vn 0 0 -1
vn 0 0 -1
vn 0 0 -1
vn 0 0 -1
vn 0 0 -1
vn 0 0 -1
vn 0 0 -1
vn 0 0 -1
vn 0 0 -1
vn 0 0 -1
vn 0 0 -1
vn 0 0 -1
vn 0 0 -1
vn 0 0 -1
vn 0 0 -1
vn 0 0 -1
vn 0 0 -1
vn 0 0 -1
vn 0 0 -1
vn 0 0 -1
vn 0 0 -1
vn 0 0 -1
vn 0 0 -1
vn 0 0 -1
vn 0 0 -1
vn 0 0 -1
vn 0 0 -1
vn 0 0 -1
vn 0 0 -1
vn 0 0 -1
vn 0 0 -1
vn 0 0 -1
vn 0 0 -1
vn 0 0 -1
vn 0 0 -1
vn 0 0 -1
vn 0 0 -1
vn 0 0 -1
vn 0 0 -1
vn 0 0 -1
vn 0 0 -1
vn 0 0 -1
vn 0 0 -1
vn 0 0 1
vn 0 0 1
vn 0 0 1
vn 0 0 1
vn 0 0 1
vn 0 0 1
vn 0 0 1
vn 0 0 1
vn 0 0 1
vn 0 0 1
vn 0 0 1
vn 0 0 1
vn 0 0 1
vn 0 0 1
vn 0 0 1
vn 0 0 1
vn 0 0 1
vn 0 0 1
vn 0 0 1
vn 0 0 1
vn 0 0 1
vn 0 0 1
vn 0 0 1
vn 0 0 1
vn 0 0 1
vn 0 0 1
vn 0 0 1
vn 0 0 1
vn 0 0 1
vn 0 0 1
vn 0 0 1
vn 0 0 1
vn 0 0 1
vn 0 0 1
vn 0 0 1
vn 0 0 1
vn 0 0 1
vn 0 0 1
vn 0 0 1
vn 0 0 1
vn 0 0 1
vn 0 0 1
vn 0 0 1
vn 0 0 1
vn 0 0 1
vn 0 0 1
vn 0 0 1
vn 0 0 1
vn 0 0 1
vn 0 0 1
vn 0 0 1
vn 0 0 1
vn 0 0 1
vn 0 0 1
vn 0 0 1
vn 0 0 1
vn 0 0 1
vn 0 0 1
vn 0 0 1
vn 0 0 1
vn 0 0 1
vn 0 0 1
vn 0 0 1
vn 0 0 1
vn 0 0 1
vn 0 0 1
vn 0 0 1
vn 0 0 1
vn 0 0 1
vn 0 0 1
vn 0 0 1
vn 0 0 1
vn 0 0 1
vn 0 0 1
vn 0 0 1
vn 0 0 1
vn 0 0 1
vn 0 0 1
vn 0 0 1
vn 0 0 1
vn 0 0 1
vn 0 0 1
vn 0 0 1
vn 0 0 1
vn 0 0 1
vn 0 0 1
vn 0 0 1
vn 0 0 1
vn 0 0 1
vn 0 0 1
vn 0 0 1
vn 0 0 1
vn 0 0 1
vn 0 0 1
vn 0 0 1
vn 0 0 1
vn 0 0 1
vn 0 0 1
vn 0 0 1
vn 0 0 1
vn 0.2606084393727594 0.9654445822146887 0
vn 0.28452759293467944 0.9586678511657711 0
vn 0.28452759293467944 0.9586678511657711 0
vn -0.0741757595041232 0.9972451838449693 0
vn -0.09602263576315552 0.9953791505858942 0
vn -0.09602302531805558 0.9953791130060786 0
vn 0.6081011807061795 -0.7938595304106076 0
vn 0.623489985459616 -0.7818313360511767 0
vn 0.6234897889923936 -0.7818314927285933 0
vn 0.6762470596364162 -0.7366749041016 0
vn 0.6830926560492416 -0.730331721378438 0
vn 0.7183493565163614 -0.69568254397572 0
vn 0.6234897889923936 -0.7818314927285933 0
vn 0.623489985459616 -0.7818313360511767 0
vn 0.7183493565163614 -0.69568254397572 0
vn 0.623489985459616 -0.7818313360511767 0
vn 0.6256144156220493 -0.7801324265571081 0
vn 0.7183493565163614 -0.69568254397572 0
vn 0.6691634612047634 -0.743115241526145 0
vn 0.6762470596364162 -0.7366749041016 0
vn 0.49157604723244624 -0.8708346512325539 0
vn 0.5146937518521246 -0.8573740967654573 0
vn 0.5183925602542885 -0.855142767889084 0
vn 0.5183903398096897 -0.8551441139316779 0
vn 0.6234897889923936 -0.7818314927285933 0
vn 0.5622453023452233 -0.826970507328241 0
vn 0.6081011807061795 -0.7938595304106076 0
vn 0.3636252311904516 -0.9315453243088553 0
vn 0.3922051768775942 -0.9198777632003151 0
vn 0.4047833410708457 -0.9144126239239719 0
vn 0.4047797550866803 -0.9144142113243687 0
vn 0.5183925602542885 -0.855142767889084 0
vn 0.44253711726676787 -0.8967501880909862 0
vn 0.49157604723244624 -0.8708346512325539 0
vn 0.15959990022192228 -0.9871817825756067 0
vn 0.15960336827154387 -0.9871812218819694 0
vn 0.28452759293467944 -0.9586678511657711 0
vn 0.1744051864822831 -0.984673971895307 0
vn 0.22727545880017358 -0.9738305118587991 0
vn 0.22727545880017358 -0.9738305118587991 0
vn 0.2600257959136293 -0.9656016701826294 0
vn 0.28452759293467944 -0.9586678511657711 0
vn 0.284526941587763 -0.9586680444818809 0
vn 0.4047833410708457 -0.9144126239239719 0
vn 0.3122928506108854 -0.9499858817147375 0
vn 0.3636252311904516 -0.9315453243088553 0
vn 0.03242125381405217 -0.9994742929666199 0
vn 0.08613525169021836 -0.9962834528467601 0
vn 0.15959990022192228 -0.9871817825756067 0
vn 0.12093179648863653 -0.9926608185065184 0
vn 0.15960336827154387 -0.9871812218819694 0
vn 0.03242125381405217 -0.9994742929666199 0
vn 0.15959990022192228 -0.9871817825756067 0
vn 0.032051842651310836 -0.999486207700064 0
vn 0.03205157842741815 -0.9994862161732452 0
vn -0.021505346507009023 -0.999768733293662 0
vn -0.09602302531805558 -0.9953791130060786 0
vn -0.06145092414458149 -0.9981101061114335 0
vn -0.22069214124729564 -0.9753435183522182 0
vn -0.16805860161261998 -0.9857770064390884 0
vn -0.22252093478534796 -0.9749279119926021 0
vn -0.11496716860823525 -0.9933692919263237 0
vn -0.09602302531805558 -0.9953791130060786 0
vn -0.09602559485532494 -0.9953788651225628 0
vn -0.06145092414458149 -0.9981101061114335 0
vn -0.33131455987946 -0.943520356119506 0
vn -0.27967653058075415 -0.9600942861210624 0
vn -0.345365056513768 -0.9384684212797157 0
vn -0.2728310852069033 -0.962061951718715 0
vn -0.22252093478534796 -0.9749279119926021 0
vn -0.22251975122907158 -0.974928182130844 0
vn -0.22069214124729564 -0.9753435183522182 0
vn -0.46253891528309315 -0.8865989802885743 0
vn -0.4339858375183912 -0.9009196927770315 0
vn -0.46253830111439603 -0.8865993007002703 0
vn -0.3818983388879023 -0.9242043382037658 0
vn -0.345365056513768 -0.9384684212797157 0
vn -0.3453617635838365 -0.9384696331018187 0
vn -0.33131455987946 -0.943520356119506 0
vn -0.46253891528309315 -0.8865989802885743 0
vn -0.46253830111439603 -0.8865993007002703 0
vn -0.4878538463764006 -0.8729253258874733 0
vn -0.5721166708099146 -0.8201722471416475 0
vn -0.535190475425574 -0.8447314099841131 0
vn -0.6670207933265597 -0.7450391004974214 0
vn -0.6249182995691194 -0.7806901554801627 0
vn -0.6723008777577395 -0.7402780084307334 0
vn -0.5808855438420533 -0.8139852486103921 0
vn -0.5721166708099146 -0.8201722471416475 0
vn -0.5721198306767188 -0.8201700429462433 0
vn -0.535190475425574 -0.8447314099841131 0
vn -0.3003249828439135 0.9538369382026485 0
vn -0.3145986805991701 0.9492247732572414 0
vn -0.345365056513768 0.9384684212797157 0
vn -0.22252093478534796 0.9749279119926021 0
vn -0.22252059609818148 0.9749279892956763 0
vn -0.345365056513768 0.9384684212797157 0
vn -0.2423610285824472 0.9701861325665597 0
vn -0.2423610285824472 0.9701861325665597 0
vn -0.2606125427089165 0.9654434745663742 0
vn -0.345365056513768 0.9384684212797157 0
vn -0.2822932008303792 0.959328175738073 0
vn -0.3003249828439135 0.9538369382026485 0
vn -0.3145986805991701 0.9492247732572414 0
vn -0.32497797084606495 0.9457215861260513 0
vn -0.345365056513768 0.9384684212797157 0
vn -0.33122298580016296 0.9435525071121506 0
vn -0.3333353406668757 0.9428083318800794 0
vn -0.3333353406668757 0.9428083318800794 0
vn -0.3312225053920756 0.9435526757536097 0
vn -0.345365056513768 0.9384684212797157 0
vn -0.32497797084606495 0.9457215861260513 0
vn -0.32497797084606495 0.9457215861260513 0
vn -0.31459980779875585 0.949224399672167 0
vn -0.345365056513768 0.9384684212797157 0
vn -0.3003249828439135 0.9538369382026485 0
vn -0.28228637113480254 0.9593301854270743 0
vn -0.14463001560959934 0.9894858051456661 0
vn -0.17729721436183776 0.9841573541764205 0
vn -0.22252093478534796 0.9749279119926021 0
vn -0.20783200467210672 0.9781645351544767 0
vn -0.22252059609818148 0.9749279892956763 0
vn -0.09602302531805558 0.9953791130060786 0
vn -0.09602263576315552 0.9953791505858942 0
vn -0.22252093478534796 0.9749279119926021 0
vn -0.12076847671982091 0.9926807014497534 0
vn -0.14463001560959934 0.9894858051456661 0
vn 0.03205157842741815 0.9994862161732452 0
vn -0.000002120195176753223 0.9999999999977525 0
vn -0.09602302531805558 0.9953791130060786 0
vn -0.03726799038355697 0.9993053071473058 0
vn -0.0741757595041232 0.9972451838449693 0
vn 0.14462581608036146 0.9894864189684915 0
vn 0.11000113811692644 0.9939314612250589 0
vn 0.15959990022192228 0.9871817825756067 0
vn 0.07417152881270297 0.9972454985175849 0
vn 0.03205157842741815 0.9994862161732452 0
vn 0.03205157842741815 0.9994862161732452 0
vn -0.000002120195176753223 0.9999999999977525 0
vn 0.28452759293467944 0.9586678511657711 0
vn 0.2606084393727594 0.9654445822146887 0
vn 0.2358032073477644 0.9718008270239881 0
vn 0.2358032073477644 0.9718008270239881 0
vn 0.20782787143840545 0.9781654133393705 0
vn 0.28452759293467944 0.9586678511657711 0
vn 0.18441684766147667 0.9828481196495235 0
vn 0.15959990022192228 0.9871817825756067 0
vn 0.15959990022192228 0.9871817825756067 0
vn 0.14462581608036146 0.9894864189684915 0
vn 0.3146105427183826 0.949220841748876 0
vn 0.3249739777566222 0.9457229582605248 0
vn 0.4047833410708457 0.9144126239239719 0
vn 0.3312507957071072 0.9435427443117818 0
vn 0.333331341312797 0.9428097458653107 0
vn 0.28452759293467944 0.9586678511657711 0
vn 0.28452759293467944 0.9586678511657711 0
vn 0.4047833410708457 0.9144126239239719 0
vn 0.30032091965954677 0.9538382175268738 0
vn 0.3146105427183826 0.949220841748876 0
vn 0.4047833410708457 0.9144126239239719 0
vn 0.33124843885075783 0.9435435717331425 0
vn 0.3249739777566222 0.9457229582605248 0
vn 0.3249739777566222 0.9457229582605248 0
vn 0.3146105695708771 0.9492208328488626 0
vn 0.4047833410708457 0.9144126239239719 0
vn 0.30032091965954677 0.9538382175268738 0
vn 0.28452759293467944 0.9586678511657711 0
vn 0.28452759293467944 0.9586678511657711 0
vn 0.2606084393727594 0.9654445822146887 0
vn 0.15959990022192228 0.9871817825756067 0
vn 0.15959902466570836 0.9871819241283517 0
vn 0.28452759293467944 0.9586678511657711 0
vn 0.18443338718165048 0.9828450161102225 0
vn 0.18443338718165048 0.9828450161102225 0
vn 0.20782787143840545 0.9781654133393705 0
vn 0.28452759293467944 0.9586678511657711 0
vn 0.2357611726687032 0.9718110255918472 0
vn 0.2606084393727594 0.9654445822146887 0
vn 0.07417152881270297 0.9972454985175849 0
vn 0.1099819274677038 0.9939335871327062 0
vn 0.15959990022192228 0.9871817825756067 0
vn 0.14462581608036146 0.9894864189684915 0
vn 0.15959902466570836 0.9871819241283517 0
vn -0.037292595036395516 0.9993043892405613 0
vn -0.000002120195176753223 0.9999999999977525 0
vn -0.003723605699849498 0.9999930673562653 0
vn -0.09602302531805558 0.9953791130060786 0
vn -0.0741757595041232 0.9972451838449693 0
vn -0.009997489587644065 0.9999500238521648 0
vn -0.037292595036395516 0.9993043892405613 0
vn -0.0038056940579595305 0.9999927583201476 0
vn -0.003723605699849498 0.9999930673562653 0
vn 0.07417152881270297 0.9972454985175849 0
vn 0.15959990022192228 0.9871817825756067 0
vn 0.03205157842741815 0.9994862161732452 0
vn 0.03205157842741815 0.9994862161732452 0
vn -0.000002120195176753223 0.9999999999977525 0
vn 0.009997489587644065 0.9999500238521648 0
vn 0.0038056980160230294 0.9999927583050844 0
vn 0.0038056980160230294 0.9999927583050844 0
vn 0.003723605699849498 0.9999930673562653 0
vn -0.000002120195176753223 0.9999999999977525 0
vn 3.4357573210075376e-12 1 0
vn -0.003723605699849498 0.9999930673562653 0
vn -0.20783200467210672 0.9781645351544767 0
vn -0.17735986535925763 0.9841460654596684 0
vn -0.22252093478534796 0.9749279119926021 0
vn -0.28228637113480254 0.9593301854270743 0
vn -0.2606125427089165 0.9654434745663742 0
vn -0.345365056513768 0.9384684212797157 0
vn -0.24234470315979073 0.9701902106547938 0
vn -0.22252093478534796 0.9749279119926021 0
vn -0.22252093478534796 0.9749279119926021 0
vn -0.20783200467210672 0.9781645351544767 0
vn -0.17735986535925763 0.9841460654596684 0
vn -0.14463001560959934 0.9894858051456661 0
vn -0.22252093478534796 0.9749279119926021 0
vn -0.12076250275484311 0.9926814282177272 0
vn -0.09602302531805558 0.9953791130060786 0
vn -0.09602302531805558 0.9953791130060786 0
vn -0.0741757595041232 0.9972451838449693 0
vn -0.3333353406668757 0.9428083318800794 0
vn -0.345365056513768 0.9384684212797157 0
vn -0.345365056513768 0.9384684212797157 0
vn -0.46253830111439603 0.8865993007002703 0
vn -0.46253830111439603 0.8865993007002703 0
vn -0.5721166708099146 0.8201722471416475 0
vn -0.5721166708099146 0.8201722471416475 0
vn -0.6723008777577395 0.7402780084307334 0
vn -0.6723008777577395 0.7402780084307334 0
vn -0.7614459447326587 0.6482284113259682 0
vn -0.7614459447326587 0.6482284113259682 0
vn -0.8380880985470172 0.5455349109579012 0
vn -0.8380880985470172 0.5455349109579012 0
vn -0.9009688693625448 0.4338837360855756 0
vn -0.9009688693625448 0.4338837360855756 0
vn -0.9490557478952043 0.31510821535954037 0
vn -0.9490557478952043 0.31510821535954037 0
vn -0.9815591581679375 0.19115862265838274 0
vn -0.9815591581679375 0.19115862265838274 0
vn -0.9979453928205998 0.0640702188863024 0
vn -0.9979453928205998 0.0640702188863024 0
vn -0.9979453928205998 -0.0640702188863024 0
vn -0.9979453928205998 -0.0640702188863024 0
vn -0.9815591581679375 -0.19115862265838274 0
vn -0.9815591581679375 -0.19115862265838274 0
vn -0.9490557478952043 -0.31510821535954037 0
vn -0.9490557478952043 -0.31510821535954037 0
vn -0.9009688693625448 -0.4338837360855756 0
vn -0.9009688693625448 -0.4338837360855756 0
vn -0.8380880985470172 -0.5455349109579012 0
vn -0.8380880985470172 -0.5455349109579012 0
vn -0.7614459447326587 -0.6482284113259682 0
vn -0.7614459447326587 -0.6482284113259682 0
vn -0.6830926560492416 -0.730331721378438 0
vn -0.6723008777577395 -0.7402780084307334 0
vn -0.6723007531004471 -0.7402781216411651 0
vn -0.6670207933265597 -0.7450391004974214 0
vn 0.6762470596364162 -0.7366749041016 0
vn 0.7183493565163614 -0.69568254397572 0
vn 0.7183493565163614 -0.69568254397572 0
vn 0.801413599982282 -0.598110559816025 0
vn 0.801413599982282 -0.598110559816025 0
vn 0.8713186991903556 -0.4907175607630387 0
vn 0.8713186991903556 -0.4907175607630387 0
vn 0.926916762309871 -0.3752669926185706 0
vn 0.926916762309871 -0.3752669926185706 0
vn 0.9672948671662902 -0.25365456817047277 0
vn 0.9672948671662902 -0.25365456817047277 0
vn 0.9917900136406295 -0.12787716310084404 0
vn 0.9917900136406295 -0.12787716310084404 0
vn 1 0 0
vn 1 0 0
vn 0.9917900136406295 0.12787716310084404 0
vn 0.9917900136406295 0.12787716310084404 0
vn 0.9672948671662902 0.25365456817047277 0
vn 0.9672948671662902 0.25365456817047277 0
vn 0.926916762309871 0.3752669926185706 0
vn 0.926916762309871 0.3752669926185706 0
vn 0.8713186991903556 0.4907175607630387 0
vn 0.8713186991903556 0.4907175607630387 0
vn 0.801413599982282 0.598110559816025 0
vn 0.801413599982282 0.598110559816025 0
vn 0.7183493565163614 0.69568254397572 0
vn 0.7183493565163614 0.69568254397572 0
vn 0.6234897889923936 0.7818314927285933 0
vn 0.6234897889923936 0.7818314927285933 0
vn 0.5183925602542885 0.855142767889084 0
vn 0.5183925602542885 0.855142767889084 0
vn 0.4047833410708457 0.9144126239239719 0
vn 0.4047833410708457 0.9144126239239719 0
vn 0.333331341312797 0.9428097458653107 0
vn 0.33124843885075783 0.9435435717331425 0
vn 0.17719735257406252 -0.0713798927384648 -0.9815834193553744
vn 0.13240396908674137 -0.07438746801671993 -0.9884005734377832
vn 0.1644122605447279 -0.08063415461928358 -0.9830904036208501
vn -0.06784914570440931 -0.07472449691407103 -0.9948933324674162
vn -0.08267935345991852 -0.074127711181334 -0.993815479325245
vn -0.06467132296221323 -0.07505214244365122 -0.995080296207766
vn -0.3300096968213276 -0.11117461999854075 -0.9374080242200167
vn -0.32186929034743833 -0.1104265473501099 -0.9403223583280207
vn -0.3248730350115216 -0.11014489993154845 -0.9393218895253489
vn -0.19403225353431025 -0.098383047548342 -0.9760493125572589
vn -0.1781863413747043 -0.09665243287181813 -0.9792384464304167
vn -0.22880010126524236 -0.09280612246569969 -0.9690394921229458
vn -0.04552227531108375 -0.08066314281469819 -0.9957013507280973
vn -0.04069243653039438 -0.08001717746176969 -0.995962537910072
vn -0.0864960553996886 -0.07729333663584861 -0.9932493002826588
vn -0.029663153813065838 -0.07852746763437748 -0.9964705385172178
vn 0.06013207875911683 -0.07500719270654674 -0.9953683007542437
vn 0.0554210008254183 -0.0751688983149442 -0.9956295241673112
vn 0.04555896585491278 -0.07557254145058456 -0.9960989768135147
vn 0.0017442506803778417 -0.07617055755121435 -0.9970932773576908
vn 0.0017067182658800373 -0.07617060980868891 -0.9970933383159941
vn -1.7397945321929016e-7 -0.07617163431518338 -0.9970947207390699
vn 0.026706498100558636 -0.07592158760138626 -0.9967560762269222
vn 0.016524996516549824 -0.07607486801734377 -0.9969651643594534
vn 0.014183931962302495 -0.0761090962914249 -0.996998606586685
vn 0.015347928395951643 -0.07608810641629493 -0.996982969340969
vn -1.7397945321929016e-7 -0.07617163431518338 -0.9970947207390699
vn 0.004568251426597292 -0.0761642400070875 -0.9970848206762782
vn 0.0017442506803778417 -0.07617055755121435 -0.9970932773576908
vn 0.04555896585491278 -0.07557254145058456 -0.9960989768135147
vn 0.0554210008254183 -0.0751688983149442 -0.9956295241673112
vn 0.02920097183525348 -0.07591208999810559 -0.9966868404047463
vn 0.0554210008254183 -0.0751688983149442 -0.9956295241673112
vn 0.044909740416294495 -0.075493780551203 -0.9961344308444657
vn 0.02920097183525348 -0.07591208999810559 -0.9966868404047463
vn 0.03452026841218709 -0.07576044642727606 -0.9965283266550382
vn 0.014183931962302495 -0.0761090962914249 -0.996998606586685
vn 0.03189119602828759 -0.07581858113951713 -0.9966115062399569
vn 0.026706498100558636 -0.07592158760138626 -0.9967560762269222
vn 0.12099080086965965 -0.0723342540868511 -0.9900146371597833
vn 0.11688161652204572 -0.0725409240203658 -0.9904930600773866
vn 0.06467112267404662 -0.07505213601143894 -0.9950803097098239
vn 0.11688161652204572 -0.0725409240203658 -0.9904930600773866
vn 0.08893959163458226 -0.07385726967656679 -0.9932949475134748
vn 0.06467112267404662 -0.07505213601143894 -0.9950803097098239
vn 0.08267932399831104 -0.07412768913506651 -0.9938154834206788
vn 0.04555896585491278 -0.07557254145058456 -0.9960989768135147
vn 0.06784913094739416 -0.07472448217166265 -0.9948933345810798
vn 0.06013207875911683 -0.07500719270654674 -0.9953683007542437
vn 0.08732773188865312 -0.07434031963620227 -0.993401924761358
vn 0.17355181450853702 -0.06945737520973863 -0.9823723533924231
vn 0.1307032835786672 -0.07183411620805219 -0.9888157115511276
vn 0.13240396908674137 -0.07438746801671993 -0.9884005734377832
vn 0.17719735257406252 -0.0713798927384648 -0.9815834193553744
vn 0.11611851162657626 -0.07335594206678556 -0.9905227897535336
vn 0.22568249402985693 -0.07033427711378869 -0.9716586341670331
vn 0.21943533545592503 -0.06838472226483287 -0.9732274468561332
vn 0.17719735257406252 -0.0713798927384648 -0.9815834193553744
vn 0.20777350889247986 -0.06738881839807549 -0.9758529172766858
vn 0.11611851162657626 -0.07335594206678556 -0.9905227897535336
vn 0.189357561493603 -0.06851925615518334 -0.9795145866403097
vn 0.18671621414295586 -0.06867814075817891 -0.9800103919643515
vn 0.23019101585826468 -0.08422190465519497 -0.9694940778542134
vn 0.2620879066701062 -0.0816841632388955 -0.9615807956969832
vn 0.20363692883989756 -0.07782804944840949 -0.9759481522763956
vn 0.2459521277879897 -0.07665270517822416 -0.9662463007046498
vn 0.2407600541965402 -0.07503468419623627 -0.9676799018636536
vn 0.32567047265113336 -0.10152157889350548 -0.9400170808353203
vn 0.3156215557036008 -0.09837038096520048 -0.9437723781315069
vn 0.25677242523356303 -0.09055206055574977 -0.9622204767976942
vn 0.3156215557036008 -0.09837038096520048 -0.9437723781315069
vn 0.2947939980251715 -0.09187793135937228 -0.9511335050651185
vn 0.25677242523356303 -0.09055206055574977 -0.9622204767976942
vn 0.28337916855915624 -0.08832097092200304 -0.9549322766155284
vn 0.23019101585826468 -0.08422190465519497 -0.9694940778542134
vn 0.27396663559728307 -0.08538546268673765 -0.9579413371085296
vn 0.2620879066701062 -0.0816841632388955 -0.9615807956969832
vn 0.25677242523356303 -0.09055206055574977 -0.9622204767976942
vn 0.28333624625113724 -0.09681101692874416 -0.9541216895981023
vn 0.32567047265113336 -0.10152157889350548 -0.9400170808353203
vn 0.309797288808076 -0.10298805744380403 -0.94520849545014
vn 0.3570650241649591 -0.11128915914082495 -0.9274261650265241
vn 0.35198736476817055 -0.11273115964940923 -0.929191358487399
vn 0.36164166936983394 -0.11271576400617252 -0.9254785030025843
vn 0.3637671227502813 -0.11379309915329966 -0.9245131751311441
vn 0.3655103680461667 -0.11392170740712819 -0.9238095125252829
vn 0.2733823705941319 -0.10621460717189397 -0.9560232929545456
vn 0.2888156435140172 -0.1076652691318618 -0.9513115756072497
vn 0.2930376526316193 -0.10449661302443682 -0.9503732908739448
vn 0.3145532654064115 -0.10989878487480888 -0.9428565640144868
vn 0.3248730350115216 -0.11014489993154845 -0.9393218895253489
vn 0.3218785493950745 -0.1104256798322549 -0.9403192908118534
vn 0.33031256038281925 -0.1110990529183403 -0.9373103076857707
vn 0.2733823705941319 -0.10621460717189397 -0.9560232929545456
vn 0.2930376526316193 -0.10449661302443682 -0.9503732908739448
vn 0.2624130191465237 -0.10523994781209484 -0.9591996459376503
vn 0.26098996496615845 -0.09871592408884386 -0.9602808987573631
vn 0.23261534662065975 -0.1023524381324079 -0.9671680717046556
vn 0.20044001508727463 -0.0949976796479768 -0.9750893503742688
vn 0.204005976869229 -0.09943586847127965 -0.9739066020224906
vn 0.26098996496615845 -0.09871592408884386 -0.9602808987573631
vn 0.2254512656743155 -0.10161238383167068 -0.9689409942085712
vn 0.23261534662065975 -0.1023524381324079 -0.9671680717046556
vn 0.1624057901582382 -0.0892522118458303 -0.9826791958740682
vn 0.13157701347280568 -0.09138111669429433 -0.9870850931086341
vn 0.1448765829206149 -0.09293793046255427 -0.985075284839988
vn 0.1448765829206149 -0.09293793046255427 -0.985075284839988
vn 0.14856387286977454 -0.09336045140686408 -0.9844859581482308
vn 0.1624057901582382 -0.0892522118458303 -0.9826791958740682
vn 0.17646999615556105 -0.09648535377885259 -0.9795656777179498
vn 0.20044001508727463 -0.0949976796479768 -0.9750893503742688
vn 0.17809963303909562 -0.09665877414136977 -0.9792535943731977
vn 0.204005976869229 -0.09943586847127965 -0.9739066020224906
vn 0.13157701347280568 -0.09138111669429433 -0.9870850931086341
vn 0.1624057901582382 -0.0892522118458303 -0.9826791958740682
vn 0.11686587071957684 -0.08965702154120785 -0.9890925066692775
vn 0.12436610690789106 -0.08334829812752706 -0.9887295548590728
vn 0.08880323139236003 -0.08622781900913427 -0.9923098051129008
vn 0.0864960553996886 -0.07729333663584861 -0.9932493002826588
vn 0.06070890252182635 -0.08265238220624947 -0.9947276073731077
vn 0.12436610690789106 -0.08334829812752706 -0.9887295548590728
vn 0.0856542154763276 -0.08582974370758562 -0.9926210810103848
vn 0.08880323139236003 -0.08622781900913427 -0.9923098051129008
vn 0.02962601412338873 -0.07852956016869812 -0.9964714785014529
vn 0.032550845875449985 -0.07893382153553406 -0.996348279594334
vn 0.0864960553996886 -0.07729333663584861 -0.9932493002826588
vn 0.040704649414117576 -0.08001647982470246 -0.9959620948974599
vn 0.06070890252182635 -0.08265238220624947 -0.9947276073731077
vn 0.019060211740347083 -0.07727937596659547 -0.9968272700817461
vn 0.11611851162657626 -0.07335594206678556 -0.9905227897535336
vn 0.08732773188865312 -0.07434031963620227 -0.993401924761358
vn 0.18671621414295586 -0.06867814075817891 -0.9800103919643515
vn 0.17355181450853702 -0.06945737520973863 -0.9823723533924231
vn 0.1307032835786672 -0.07183411620805219 -0.9888157115511276
vn 0.12099080086965965 -0.0723342540868511 -0.9900146371597833
vn 0.08732773188865312 -0.07434031963620227 -0.993401924761358
vn 0.06467112267404662 -0.07505213601143894 -0.9950803097098239
vn 0.019060211740347083 -0.07727937596659547 -0.9968272700817461
vn 0.04555896585491278 -0.07557254145058456 -0.9960989768135147
vn 0.014234663066173447 -0.07680451912525958 -0.9969445522241095
vn 0.014234663066173447 -0.07680451912525958 -0.9969445522241095
vn 0.04555896585491278 -0.07557254145058456 -0.9960989768135147
vn 0.011500132262374884 -0.07658309484306014 -0.9969968789029416
vn 0.02920097183525348 -0.07591208999810559 -0.9966868404047463
vn 0.009538880388109051 -0.07645374407263282 -0.9970274995095261
vn 0.014183931962302495 -0.0761090962914249 -0.996998606586685
vn 0.004761912305900449 -0.07624263174832996 -0.9970779233817583
vn -1.7397945321929016e-7 -0.07617163431518338 -0.9970947207390699
vn -8.932674138838873e-7 -0.07617163431515413 -0.9970947207386871
vn -8.932674138838873e-7 -0.07617163431515413 -0.9970947207386871
vn -0.014183917080225369 -0.07610908149266626 -0.9969986079281173
vn -0.004765874835363343 -0.07624256817486809 -0.9970779093105785
vn -0.029200309425319 -0.07591208695413997 -0.9966868600436813
vn -0.00954996254867818 -0.0764534339777707 -0.9970274171999111
vn -0.019049073001896635 -0.07727989701971401 -0.9968274426069894
vn -0.017096098012783962 -0.07708269132409955 -0.9968781179918491
vn -0.045558188782653025 -0.07557257376335301 -0.9960990099029445
vn -0.014236142711164195 -0.07680445084758146 -0.9969445363563154
vn -0.00954996254867818 -0.0764534339777707 -0.9970274171999111
vn -0.13152575528142996 -0.09138458246666332 -0.9870916035429756
vn -0.12039316481457046 -0.09007757928981634 -0.9886311322101983
vn -0.12436610690789106 -0.08334829812752706 -0.9887295548590728
vn -0.12039316481457046 -0.09007757928981634 -0.9886311322101983
vn -0.09217491106212605 -0.08664751151862543 -0.9919657224512947
vn -0.12436610690789106 -0.08334829812752706 -0.9887295548590728
vn -0.08567325995291723 -0.08582855240836709 -0.9926195404688163
vn -0.0864960553996886 -0.07729333663584861 -0.9932493002826588
vn -0.06385622928625576 -0.083059758078252 -0.9944965854990773
vn -0.04552227531108375 -0.08066314281469819 -0.9957013507280973
vn -0.22880010126524236 -0.09280612246569969 -0.9690394921229458
vn -0.1781863413747043 -0.09665243287181813 -0.9792384464304167
vn -0.19658858136975652 -0.08677628880449659 -0.9766385233935561
vn -0.16616964355237127 -0.09534719594994878 -0.9814767250353724
vn -0.13798522673909375 -0.0921424161884903 -0.9861388605773063
vn -0.2644808258958006 -0.10543455050234612 -0.9586101649230742
vn -0.26098996496615845 -0.09871592408884386 -0.9602808987573631
vn -0.27316435856872207 -0.10623335715947106 -0.9560835251348946
vn -0.2930376526316193 -0.10449661302443682 -0.9503732908739448
vn -0.2773540066103192 -0.10662847934624992 -0.954832510134374
vn -0.2644808258958006 -0.10543455050234612 -0.9586101649230742
vn -0.23733153513911454 -0.10281954521446279 -0.9659719890092063
vn -0.26098996496615845 -0.09871592408884386 -0.9602808987573631
vn -0.22548740047981597 -0.10160952257831309 -0.9689328857801568
vn -0.22880010126524236 -0.09280612246569969 -0.9690394921229458
vn -0.2096460732633277 -0.10002300014392942 -0.9726478928201483
vn -0.19403225353431025 -0.098383047548342 -0.9760493125572589
vn -0.3248730350115216 -0.11014489993154845 -0.9393218895253489
vn -0.32186929034743833 -0.1104265473501099 -0.9403223583280207
vn -0.2930376526316193 -0.10449661302443682 -0.9503732908739448
vn -0.30402159637657067 -0.10900109987258608 -0.94640880657526
vn -0.2773540066103192 -0.10662847934624992 -0.954832510134374
vn -0.3650040367996858 -0.11388442788563859 -0.9240142803036621
vn -0.33999760895431935 -0.11197390808679906 -0.9337362956494273
vn -0.3248730350115216 -0.11014489993154845 -0.9393218895253489
vn -0.33128422901393895 -0.11126929656813507 -0.9369471187040774
vn -0.3300096968213276 -0.11117461999854075 -0.9374080242200167
vn -0.25677242523356303 -0.09055206055574977 -0.9622204767976942
vn -0.3253708254841916 -0.10140950454270936 -0.94013293651065
vn -0.309797288808076 -0.10298805744380403 -0.94520849545014
vn -0.3257147333420754 -0.10151744514390935 -0.940002191920505
vn -0.3570650241649591 -0.11128915914082495 -0.9274261650265241
vn -0.20363692883989756 -0.07782804944840949 -0.9759481522763956
vn -0.13240396908674137 -0.07438746801671993 -0.9884005734377832
vn -0.2302662115276365 -0.07176309765105676 -0.9704779902935639
vn -0.2286512959635159 -0.07125969848124027 -0.9708968226472715
vn -0.2302662115276365 -0.07176309765105676 -0.9704779902935639
vn -0.24075744111132008 -0.07503488832865066 -0.9676805361704016
vn -0.20363692883989756 -0.07782804944840949 -0.9759481522763956
vn -0.2617822655458152 -0.08158730182285082 -0.9616722714246092
vn -0.23019101585826468 -0.08422190465519497 -0.9694940778542134
vn -0.28337633272842905 -0.08832121535431633 -0.9549330955452968
vn -0.25677242523356303 -0.09055206055574977 -0.9622204767976942
vn -0.29349546747458627 -0.0914731370887517 -0.951573999099921
vn -0.3253708254841916 -0.10140950454270936 -0.94013293651065
vn -0.18671622842907742 -0.06867814798253502 -0.9800103887362163
vn -0.18935845734799436 -0.06851920464692324 -0.9795144170584428
vn -0.11611935634564052 -0.07335589168375173 -0.9905226944584137
vn -0.20777350889247986 -0.06738881839807549 -0.9758529172766858
vn -0.13240396908674137 -0.07438746801671993 -0.9884005734377832
vn -0.21943615463820693 -0.06838466254127026 -0.9732272663498046
vn -0.2286512959635159 -0.07125969848124027 -0.9708968226472715
vn -0.18671622842907742 -0.06867814798253502 -0.9800103887362163
vn -0.11611935634564052 -0.07335589168375173 -0.9905226944584137
vn -0.17355333028297543 -0.06945729159488517 -0.9823720915172578
vn -0.08732901434408435 -0.07434026084502399 -0.99340181642233
vn -0.13070332737855822 -0.07183413061260194 -0.988815704715143
vn -0.08267935345991852 -0.074127711181334 -0.993815479325245
vn -0.08893962100539382 -0.07385729912055364 -0.9932949426942805
vn -0.06467132296221323 -0.07505214244365122 -0.995080296207766
vn -0.11688165307651115 -0.0725409459386322 -0.9904930541585997
vn -0.08732901434408435 -0.07434026084502399 -0.99340181642233
vn -0.12099083738160885 -0.07233427599561426 -0.990014631096878
vn -0.13070332737855822 -0.07183413061260194 -0.988815704715143
vn -0.045558188782653025 -0.07557257376335301 -0.9960990099029445
vn -0.05542100450822768 -0.0751689057079068 -0.9956295234041499
vn -0.06013208611554781 -0.07500720749026814 -0.9953682991957822
vn -0.00954996254867818 -0.0764534339777707 -0.9970274171999111
vn -0.029200309425319 -0.07591208695413997 -0.9966868600436813
vn -0.045558188782653025 -0.07557257376335301 -0.9960990099029445
vn -0.04490973672377828 -0.07549377315571604 -0.9961344315714191
vn -0.05542100450822768 -0.0751689057079068 -0.9956295234041499
vn -0.016524992811009626 -0.07607485320710461 -0.9969651655509905
vn -0.026706490700612442 -0.07592156539358862 -0.9967560781167303
vn -0.014183917080225369 -0.07610908149266626 -0.9969986079281173
vn -0.03189118862131499 -0.07581856634203013 -0.9966115076027163
vn -0.029200309425319 -0.07591208695413997 -0.9966868600436813
vn -0.03452026100945553 -0.07576043163112751 -0.9965283280363406
vn -0.04490973672377828 -0.07549377315571604 -0.9961344315714191
vn -8.932674138838873e-7 -0.07617163431515413 -0.9970947207386871
vn -1.7397945321929016e-7 -0.07617163431518338 -0.9970947207390699
vn -0.014183917080225369 -0.07610908149266626 -0.9969986079281173
vn -0.015347924688940447 -0.07608809160575321 -0.9969829705283523
vn -0.016524992811009626 -0.07607485320710461 -0.9969651655509905
vn 0.0017067182658800373 -0.07617060980868891 -0.9970933383159941
vn -2.6066480012558804e-13 -0.07617163431518452 -0.997094720739085
vn -1.7397945321929016e-7 -0.07617163431518338 -0.9970947207390699
vn -0.001706718383263611 -0.07617060240132102 -0.9970933388816617
vn -0.015347924688940447 -0.07608809160575321 -0.9969829705283523
vn -0.001744252543017356 -0.0761705575509669 -0.9970932773544515
vn -0.0045682509635380465 -0.0761642325998895 -0.9970848212442128
vn -0.13798522673909375 -0.0921424161884903 -0.9861388605773063
vn -0.13152575528142996 -0.09138458246666332 -0.9870916035429756
vn -0.19658858136975652 -0.08677628880449659 -0.9766385233935561
vn -0.12436610690789106 -0.08334829812752706 -0.9887295548590728
vn -0.1644122605447279 -0.08063415461928358 -0.9830904036208501
vn -0.0864960553996886 -0.07729333663584861 -0.9932493002826588
vn 0.019060211740347083 -0.07727937596659547 -0.9968272700817461
vn 0.02962601412338873 -0.07852956016869812 -0.9964714785014529
vn 0.11611851162657626 -0.07335594206678556 -0.9905227897535336
vn 0.0864960553996886 -0.07729333663584861 -0.9932493002826588
vn 0.13240396908674137 -0.07438746801671993 -0.9884005734377832
vn 0.12436610690789106 -0.08334829812752706 -0.9887295548590728
vn 0.1644122605447279 -0.08063415461928358 -0.9830904036208501
vn 0.1624057901582382 -0.0892522118458303 -0.9826791958740682
vn 0.19658858136975652 -0.08677628880449659 -0.9766385233935561
vn 0.20044001508727463 -0.0949976796479768 -0.9750893503742688
vn 0.22880010126524236 -0.09280612246569969 -0.9690394921229458
vn 0.26098996496615845 -0.09871592408884386 -0.9602808987573631
vn 0.33031256038281925 -0.1110990529183403 -0.9373103076857707
vn 0.33959992825999513 -0.11194246712662231 -0.9338847748943182
vn 0.3248730350115216 -0.11014489993154845 -0.9393218895253489
vn 0.35198736476817055 -0.11273115964940923 -0.929191358487399
vn 0.2930376526316193 -0.10449661302443682 -0.9503732908739448
vn 0.309797288808076 -0.10298805744380403 -0.94520849545014
vn 0.26098996496615845 -0.09871592408884386 -0.9602808987573631
vn 0.28333624625113724 -0.09681101692874416 -0.9541216895981023
vn 0.22880010126524236 -0.09280612246569969 -0.9690394921229458
vn 0.25677242523356303 -0.09055206055574977 -0.9622204767976942
vn 0.19658858136975652 -0.08677628880449659 -0.9766385233935561
vn 0.23019101585826468 -0.08422190465519497 -0.9694940778542134
vn 0.1644122605447279 -0.08063415461928358 -0.9830904036208501
vn 0.20363692883989756 -0.07782804944840949 -0.9759481522763956
vn 0.17719735257406252 -0.0713798927384648 -0.9815834193553744
vn 0.2407600541965402 -0.07503468419623627 -0.9676799018636536
vn 0.22568249402985693 -0.07033427711378869 -0.9716586341670331
vn -0.06013208611554781 -0.07500720749026814 -0.9953682991957822
vn -0.06784914570440931 -0.07472449691407103 -0.9948933324674162
vn -0.045558188782653025 -0.07557257376335301 -0.9960990099029445
vn -0.06467132296221323 -0.07505214244365122 -0.995080296207766
vn -0.019049073001896635 -0.07727989701971401 -0.9968274426069894
vn -0.08732901434408435 -0.07434026084502399 -0.99340181642233
vn -0.029663153813065838 -0.07852746763437748 -0.9964705385172178
vn -0.11611935634564052 -0.07335589168375173 -0.9905226944584137
vn -0.0864960553996886 -0.07729333663584861 -0.9932493002826588
vn -0.13240396908674137 -0.07438746801671993 -0.9884005734377832
vn -0.1644122605447279 -0.08063415461928358 -0.9830904036208501
vn -0.20363692883989756 -0.07782804944840949 -0.9759481522763956
vn -0.19658858136975652 -0.08677628880449659 -0.9766385233935561
vn -0.23019101585826468 -0.08422190465519497 -0.9694940778542134
vn -0.22880010126524236 -0.09280612246569969 -0.9690394921229458
vn -0.25677242523356303 -0.09055206055574977 -0.9622204767976942
vn -0.26098996496615845 -0.09871592408884386 -0.9602808987573631
vn -0.309797288808076 -0.10298805744380403 -0.94520849545014
vn -0.2930376526316193 -0.10449661302443682 -0.9503732908739448
vn -0.3570650241649591 -0.11128915914082495 -0.9274261650265241
vn -0.3248730350115216 -0.11014489993154845 -0.9393218895253489
vn -0.36164166936983394 -0.11271576400617252 -0.9254785030025843
vn -0.3650040367996858 -0.11388442788563859 -0.9240142803036621
vn -0.3655103680461667 -0.11392170740712819 -0.9238095125252829
vn 0 0 1
vn 0 0 1
vn 0 0 1
vn 0 0 1
vn 0 0 1
vn 0 0 1
vn 0 0 1
vn 0 0 1
vn 0 0 1
vn 0 0 1
vn 0 0 1
vn 0 0 1
vn 0 0 1
vn 0 0 1
vn 0 0 1
vn 0 0 1
vn 0 0 1
vn 0 0 1
vn 0 0 1
vn 0 0 1
vn 0 0 1
vn 0 0 1
vn 0 0 1
vn 0 0 1
vn 0 0 1
vn 0 0 1
vn 0 0 1
vn 0 0 1
vn 0 0 1
vn 0 0 1
vn 0 0 1
vn 0 0 1
vn 0 0 1
vn 0 0 1
vn 0 0 1
vn 0 0 1
vn 0 0 1
vn 0 0 1
vn 0 0 1
vn 0 0 1
vn 0 0 1
vn 0 0 1
vn 0 0 1
vn 0 0 1
vn 0 0 1
vn 0 0 1
vn 0 0 1
vn 0 0 1
vn 0 0 1
vn 0 0 1
vn 0 0 1
vn 0 0 1
vn 0 0 1
vn 0 0 1
vn 0 0 1
vn 0 0 1
vn 0 0 1
vn 0 0 1
vn 0 0 1
vn 0 0 1
vn 0 0 1
vn 0 0 1
vn 0 0 1
vn 0 0 1
vn 0 0 1
vn 0 0 1
vn 0 0 1
vn 0 0 1
vn 0 0 1
vn 0 0 1
vn 0.11477804987506245 0.9933911612586844 0
vn 0.12052158237463714 0.9927107071961668 0
vn 0.12063966918798688 0.9926963635564569 0
vn -1 0 0
vn -0.9807852789517083 -0.19509032931342324 0
vn -0.9993207676202794 -0.03685109771520286 0
vn -0.9238795305660377 -0.3826834370613369 0
vn -0.9662866623918417 -0.25746861184158903 0
vn -0.9709851740407797 -0.2391396909611557 0
vn -0.9709340285059633 -0.23934726296571962 0
vn -0.9807852789517083 -0.19509032931342324 0
vn -0.989007121987898 -0.1478678892025414 0
vn -0.9993207676202794 -0.03685109771520286 0
vn -0.8314696016585884 -0.555570248949409 0
vn -0.8851571172546843 -0.4652922498531184 0
vn -0.885472901171617 -0.4646910170110022 0
vn -0.8854551221937621 -0.4647248934378593 0
vn -0.9238795305660377 -0.3826834370613369 0
vn -0.9314305314878165 -0.36391917373549243 0
vn -0.9662866623918417 -0.25746861184158903 0
vn -0.7484076051780664 -0.6632390643739492 0
vn -0.7624556432466334 -0.6470404872041335 0
vn -0.8314696016585884 -0.555570248949409 0
vn -0.8273777842534329 -0.5616457977443433 0
vn -0.8851571172546843 -0.4652922498531184 0
vn -0.7071067811865476 -0.7071067811865476 0
vn -0.6853805115727232 -0.7281851099523473 0
vn -0.7484076051780664 -0.6632390643739492 0
vn -0.748532938821611 -0.6630976093299406 0
vn -0.7624556432466334 -0.6470404872041335 0
vn -0.5679712956881274 -0.8230483626582036 0
vn -0.5990225036522516 -0.8007321900099859 0
vn -0.7071067811865476 -0.7071067811865476 0
vn -0.6596347617551589 -0.7515863098036143 0
vn -0.6853805115727232 -0.7281851099523473 0
vn -0.40694013258859246 -0.9134548311157913 0
vn -0.4350303473955596 -0.900415791090371 0
vn -0.5679712956881274 -0.8230483626582036 0
vn -0.4350303473955596 -0.900415791090371 0
vn -0.5054182372964383 -0.8628745015401492 0
vn -0.5679712956881274 -0.8230483626582036 0
vn -0.5108046995072655 -0.8596967831516484 0
vn -0.5375234564538236 -0.8432487970711456 0
vn -0.5375234564538236 -0.8432487970711456 0
vn -0.5622490213038543 -0.8269679788497606 0
vn -0.5679712956881274 -0.8230483626582036 0
vn -0.5680858005086706 -0.8229693331227009 0
vn -0.5990225036522516 -0.8007321900099859 0
vn -0.12063966918798688 -0.9926963635564569 0
vn -0.12050946541048921 -0.9927121781999444 0
vn -0.1242394051269761 -0.9922522714580678 0
vn -0.12063966918798688 -0.9926963635564569 0
vn -0.1242394051269761 -0.9922522714580678 0
vn -0.19509032931342324 -0.9807852789517083 0
vn -0.301831516793527 -0.9533612827622687 0
vn -0.3547644329318419 -0.9349557193399849 0
vn -0.24165132796010447 -0.9703631462989091 0
vn -0.19509032931342324 -0.9807852789517083 0
vn -0.19555387923862327 -0.9806929592460252 0
vn -0.1242394051269761 -0.9922522714580678 0
vn -0.5679712956881274 -0.8230483626582036 0
vn -0.555570248949409 -0.8314696016585884 0
vn -0.40694013258859246 -0.9134548311157913 0
vn -0.3826834370613369 -0.9238795305660377 0
vn -0.35460433340615904 -0.9350164526518095 0
vn -0.3547644329318419 -0.9349557193399849 0
vn -0.3460294825714209 -0.9382236392200713 0
vn -0.301831516793527 -0.9533612827622687 0
vn -6.123234262925839e-17 -1 0
vn 0.12063966918798688 -0.9926963635564569 0
vn 0.12056578627764838 -0.9927053395541159 0
vn 0.12056578627764838 -0.9927053395541159 0
vn 0.029101539726529846 -0.9995764604999187 0
vn -6.123234262925839e-17 -1 0
vn 0.00008738347208525377 -0.9999999961820645 0
vn -0.12063966918798688 -0.9926963635564569 0
vn -0.0842242667653108 -0.996446823913773 0
vn -0.12050946541048921 -0.9927121781999444 0
vn 0.34642433763044145 -0.9380779169649555 0
vn 0.24792160056134507 -0.9687800988744045 0
vn 0.3547644329318419 -0.9349557193399849 0
vn 0.24194542407056302 -0.9702898596663346 0
vn 0.19509032931342324 -0.9807852789517083 0
vn 0.13753415262269916 -0.9904970251658286 0
vn 0.12063966918798688 -0.9926963635564569 0
vn 0.12445070176602196 -0.9922257922619955 0
vn 0.12056578627764838 -0.9927053395541159 0
vn 0.5680379857827552 -0.8230023370002484 0
vn 0.5624218711636544 -0.82685043317203 0
vn 0.5679712956881274 -0.8230483626582036 0
vn 0.5526204007493467 -0.8334330763028496 0
vn 0.5372278732419156 -0.8434371418262111 0
vn 0.5372278732419156 -0.8434371418262111 0
vn 0.5096409259581282 -0.8603871957372109 0
vn 0.5679712956881274 -0.8230483626582036 0
vn 0.4571922962695365 -0.8893678677756399 0
vn 0.555570248949409 -0.8314696016585884 0
vn 0.4351668993771887 -0.9003498040686428 0
vn 0.3826834370613369 -0.9238795305660377 0
vn 0.35583979737969906 -0.9345469697135478 0
vn 0.3547644329318419 -0.9349557193399849 0
vn 0.3546087168174919 -0.9350147902343854 0
vn 0.34642433763044145 -0.9380779169649555 0
vn 0.5680379857827552 -0.8230023370002484 0
vn 0.5679712956881274 -0.8230483626582036 0
vn 0.6423884046953617 -0.7663792387016679 0
vn 0.7071067811865476 -0.7071067811865476 0
vn 0.6595100910207611 -0.7516957096071437 0
vn 0.8314696016585884 -0.555570248949409 0
vn 0.7920186073162242 -0.6104969497588575 0
vn 0.7484076051780664 -0.6632390643739492 0
vn 0.7484986118579586 -0.6631363570538935 0
vn 0.7071067811865476 -0.7071067811865476 0
vn 0.7186791195957527 -0.6953418749486281 0
vn 0.6595100910207611 -0.7516957096071437 0
vn 0.9709851740407797 -0.2391396909611557 0
vn 0.9479944491160759 -0.3182868587376926 0
vn 0.9238795305660377 -0.3826834370613369 0
vn 0.9066668962384337 -0.4218472937750876 0
vn 0.885472901171617 -0.4646910170110022 0
vn 0.8854602516089232 -0.464715120068911 0
vn 0.8314696016585884 -0.555570248949409 0
vn 0.8557778587025349 -0.5173434609178937 0
vn 0.7920186073162242 -0.6104969497588575 0
vn 1 -1.2246468525851679e-16 0
vn 0.9954604954738144 -0.09517563738177946 0
vn 0.9807852789517083 -0.19509032931342324 0
vn 0.9777064128802295 -0.20997659444060435 0
vn 0.9709851740407797 -0.2391396909611557 0
vn 0.9709495484146078 -0.23928429625336742 0
vn 0.9479944491160759 -0.3182868587376926 0
vn 0.9709380905102976 0.23933078447248995 0
vn 0.9918034839893936 0.12777264631563573 0
vn 1 -1.2246468525851679e-16 0
vn 0.9918034839893936 0.12777264631563573 0
vn 0.9998721049692437 0.015992926698190208 0
vn 1 -1.2246468525851679e-16 0
vn 0.9999999995445759 0.00003018026835424044 0
vn 0.9954604954738144 -0.09517563738177946 0
vn 1 -1.2246468525851679e-16 0
vn 0.9807852789517083 0.19509032931342324 0
vn 0.9709380905102976 0.23933078447248995 0
vn 0.9709851740407797 0.2391396909611557 0
vn 0.9697126930486712 0.24424842464239901 0
vn 0.9238795305660377 0.3826834370613369 0
vn 0.9364043706182169 0.3509228614483545 0
vn 0.9364043706182169 0.3509228614483545 0
vn 0.9238795305660377 0.3826834370613369 0
vn 0.8910036613477677 0.45399611833679004 0
vn 0.885472901171617 0.4646910170110022 0
vn 0.8854683544665376 0.46469968069530887 0
vn 0.7484076051780664 0.6632390643739492 0
vn 0.7485332473706122 0.6630972610264695 0
vn 0.7672025154120045 0.6414049425639726 0
vn 0.7484076051780664 0.6632390643739492 0
vn 0.7672025154120045 0.6414049425639726 0
vn 0.8314696016585884 0.555570248949409 0
vn 0.8336792527208043 0.5522489507304483 0
vn 0.885472901171617 0.4646910170110022 0
vn 0.8344266395089683 0.5511190282305358 0
vn 0.8854683544665376 0.46469968069530887 0
vn 0.3997104651309924 0.9166414479308503 0
vn 0.4265879488204185 0.9044460856906772 0
vn 0.5679712956881274 0.8230483626582036 0
vn 0.4265879488204185 0.9044460856906772 0
vn 0.4267861898373956 0.9043525574487411 0
vn 0.5679712956881274 0.8230483626582036 0
vn 0.45390184688251856 0.8910516895201078 0
vn 0.5262757533555656 0.8503139605051959 0
vn 0.5262757533555656 0.8503139605051959 0
vn 0.559646897438988 0.8287311688279346 0
vn 0.5679712956881274 0.8230483626582036 0
vn 0.5680566409633856 0.8229894608422366 0
vn 0.7071067811865476 0.7071067811865476 0
vn 0.6184615503083566 0.7858150614426934 0
vn 0.7484076051780664 0.6632390643739492 0
vn 0.6895846067378512 0.7242051298839322 0
vn 0.7485332473706122 0.6630972610264695 0
vn 0.2607292535376959 0.965411961988081 0
vn 0.3298938198206055 0.9440180441306034 0
vn 0.3547644329318419 0.9349557193399849 0
vn 0.12063966918798688 0.9926963635564569 0
vn 0.12052158237463714 0.9927107071961668 0
vn 0.19509032931342324 0.9807852789517083 0
vn 0.17910854511063698 0.98382931907336 0
vn 0.3547644329318419 0.9349557193399849 0
vn 0.22432848717743134 0.9745135862781417 0
vn 0.2607292535376959 0.965411961988081 0
vn 0.5679712956881274 0.8230483626582036 0
vn 0.555570248949409 0.8314696016585884 0
vn 0.3997104651309924 0.9166414479308503 0
vn 0.3826834370613369 0.9238795305660377 0
vn 0.35457983323537273 0.935025743957232 0
vn 0.3547644329318419 0.9349557193399849 0
vn 0.33363636378976325 0.9427018493442901 0
vn 0.3298938198206055 0.9440180441306034 0
vn -0.12050523055089152 0.9927126922780208 0
vn -0.10311785399417316 0.9946691450867652 0
vn -0.12063966918798688 0.9926963635564569 0
vn -0.09077640563950679 0.9958712990036271 0
vn -2.4808381650381515e-15 1 0
vn -0.09077640563950679 0.9958712990036271 0
vn -0.000014809241291199638 0.9999999998903433 0
vn -2.4808381650381515e-15 1 0
vn 0.007740885174402204 0.9999700388995246 0
vn 0.12063966918798688 0.9926963635564569 0
vn 0.09093108845928971 0.9958571871265521 0
vn 0.11477804987506245 0.9933911612586844 0
vn -0.3335539644857682 0.9427310076452493 0
vn -0.33206362129328404 0.9432569911819315 0
vn -0.3547644329318419 0.9349557193399849 0
vn -0.33206362129328404 0.9432569911819315 0
vn -0.2606709060989694 0.9654277180159797 0
vn -0.3547644329318419 0.9349557193399849 0
vn -0.22645578074192352 0.9740214470783309 0
vn -0.19509032931342324 0.9807852789517083 0
vn -0.21343413335386677 0.9769574559413956 0
vn -0.12063966918798688 0.9926963635564569 0
vn -0.1789774475595955 0.9838531766808766 0
vn -0.12050523055089152 0.9927126922780208 0
vn -0.4332316992240565 0.9012825832043115 0
vn -0.5679712956881274 0.8230483626582036 0
vn -0.45364672644838155 0.8911816019098843 0
vn -0.5301139278917593 0.8479264257323099 0
vn -0.3826834370613369 0.9238795305660377 0
vn -0.39972531583158616 0.9166349719944895 0
vn -0.3547644329318419 0.9349557193399849 0
vn -0.3545754237174928 0.9350274161197416 0
vn -0.3335539644857682 0.9427310076452493 0
vn -0.4332316992240565 0.9012825832043115 0
vn -0.42666914389236166 0.9044077850450865 0
vn -0.5679712956881274 0.8230483626582036 0
vn -0.39972531583158616 0.9166349719944895 0
vn -0.555570248949409 0.8314696016585884 0
vn -0.3826834370613369 0.9238795305660377 0
vn -0.7073317231300004 0.7068817676627006 0
vn -0.6235486429808758 0.781784554616365 0
vn -0.7484076051780664 0.6632390643739492 0
vn -0.7484076051780664 0.6632390643739492 0
vn -0.6235486429808758 0.781784554616365 0
vn -0.7071067811865476 0.7071067811865476 0
vn -0.5680495518360739 0.822994353965345 0
vn -0.5679712956881274 0.8230483626582036 0
vn -0.5595673783383771 0.8287848629768254 0
vn -0.5301139278917593 0.8479264257323099 0
vn -0.8314696016585884 0.555570248949409 0
vn -0.7827495315732852 0.6223368628177207 0
vn -0.7484076051780664 0.6632390643739492 0
vn -0.7485143477640945 0.6631185951180166 0
vn -0.7073317231300004 0.7068817676627006 0
vn -0.9238795305660377 0.3826834370613369 0
vn -0.9002597737054641 0.4353531208660237 0
vn -0.885472901171617 0.4646910170110022 0
vn -0.8854702127649655 0.4646961397579786 0
vn -0.8314696016585884 0.555570248949409 0
vn -0.8455984114383805 0.5338195636850406 0
vn -0.7827495315732852 0.6223368628177207 0
vn -0.9993207676202794 -0.03685109771520286 0
vn -1 -1.9290667153948338e-13 0
vn -1 0 0
vn -0.9936388713028873 0.11261346915855239 0
vn -0.9807852789517083 0.19509032931342324 0
vn -0.9748214660961921 0.22298679162244206 0
vn -0.9709851740407797 0.2391396909611557 0
vn -0.9709492854966523 0.2392853630992512 0
vn -0.9238795305660377 0.3826834370613369 0
vn -0.9437688797561863 0.33060596123444747 0
vn -0.9002597737054641 0.4353531208660237 0
vn 0.13551817896450513 0.07359316233726801 0.9880378887610257
vn 0.15812718424002684 0.07216110622804467 0.9847784361734702
vn 0.15756013629190496 0.072063988289577 0.9848764313574958
vn 0.1288481173186198 0.07675493314881462 0.9886894572618686
vn 0.13697919088443003 0.07759056149071397 0.9875304582807573
vn 0.15375927142556875 0.07607761051114012 0.9851752552868923
vn 0.14933823211926503 0.07877523537950412 0.9856432187756362
vn 0.15539881700828911 0.07930921076202709 0.9846630168543595
vn 0.15539881700828911 0.07930921076202709 0.9846630168543595
vn 0.16076263601955812 0.07977859584868649 0.9837635643306043
vn 0.15375927142556875 0.07607761051114012 0.9851752552868923
vn 0.17059892850745734 0.08055196162696653 0.982042456857215
vn 0.17692546341709922 0.08097923453315231 0.980887222859524
vn 0.17692546341709922 0.08097923453315231 0.980887222859524
vn 0.17952919441729379 0.08115384179467042 0.9803995727833846
vn 0.15375927142556875 0.07607761051114012 0.9851752552868923
vn 0.18709810512259553 0.0815500188914138 0.9789504039931461
vn 0.1921806806954763 0.08170592143861137 0.9779523139546688
vn 0.1921806806954763 0.08170592143861137 0.9779523139546688
vn 0.19307434210544744 0.08173304648765027 0.9777740063697727
vn 0.15375927142556875 0.07607761051114012 0.9851752552868923
vn 0.1974859708501566 0.08171000430095718 0.9768944500377249
vn 0.2002964917867908 0.08148126320514694 0.976341189914877
vn 0.2002964917867908 0.08148126320514694 0.976341189914877
vn 0.200853003695864 0.08136258964455462 0.9762367540267478
vn 0.15375927142556875 0.07607761051114012 0.9851752552868923
vn 0.20144336913820646 0.08087440378639722 0.9761556739795364
vn 0.20055887060130526 0.08030822855917316 0.9763845184397469
vn 0.20055887060130526 0.08030822855917316 0.9763845184397469
vn 0.200381355081323 0.0801945931097506 0.9764303046156108
vn 0.15375927142556875 0.07607761051114012 0.9851752552868923
vn 0.19767558329780288 0.07933218678896699 0.9770520804476872
vn 0.19341480481758583 0.07830899852539969 0.9779869191493944
vn 0.19341480481758583 0.07830899852539969 0.9779869191493944
vn 0.1933901266622681 0.07830306712126668 0.9779922742992168
vn 0.15375927142556875 0.07607761051114012 0.9851752552868923
vn 0.1875179953675691 0.07710374676498669 0.9792303169572156
vn 0.18052862206541534 0.07581861903442191 0.9806431326547265
vn 0.18052862206541534 0.07581861903442191 0.9806431326547265
vn 0.17888696234293155 0.07553926001563774 0.9809654809930921
vn 0.15375927142556875 0.07607761051114012 0.9851752552868923
vn 0.1718869372935706 0.0743451646339666 0.9823073232361574
vn 0.16885113751465725 0.07385445401628944 0.9828707000322892
vn 0.1288481173186198 0.07675493314881462 0.9886894572618686
vn 0.15375927142556875 0.07607761051114012 0.9851752552868923
vn 0.12758142908806303 0.07661867684176533 0.988864276486346
vn 0.16885113751465725 0.07385445401628944 0.9828707000322892
vn 0.13551817896450513 0.07359316233726801 0.9880378887610257
vn 0.1618933094393802 0.0727381339444894 0.9841238337877193
vn 0.15812718424002684 0.07216110622804467 0.9847784361734702
vn 0.07454782068810578 0.07501936048916492 0.9943916320959518
vn 0.08225519260631674 0.07483424292283807 0.9937977255837647
vn 0.09101048043498473 0.0741879636432656 0.9930826946943838
vn 0.10259574677653548 0.07434361446815872 0.9919410969060486
vn 0.14539949648478045 0.0715993719900536 0.9867788588901784
vn 0.10885728941192584 0.07459295572245736 0.9912547510597243
vn 0.15467971964561839 0.07161829806369932 0.9853654163369101
vn 0.10978597237395349 0.07469892389443607 0.9911443441996322
vn 0.15756013629190496 0.072063988289577 0.9848764313574958
vn 0.11257906007813162 0.07500245255374545 0.9908080476776759
vn 0.13551817896450513 0.07359316233726801 0.9880378887610257
vn 0.12349954842185287 0.07620163169123105 0.9894145606706991
vn 0.12758142908806303 0.07661867684176533 0.988864276486346
vn 0.059488750714688565 0.07519884372186979 0.9953924966772151
vn 0.09594360909431618 0.07378517967407928 0.9926482615380037
vn 0.08374344480845493 0.07426443628023088 0.9937161712257645
vn 0.14539949648478045 0.0715993719900536 0.9867788588901784
vn 0.14030903620156657 0.07183995864618448 0.9874980479484007
vn 0.09101048043498473 0.0741879636432656 0.9930826946943838
vn 0.09594360909431618 0.07378517967407928 0.9926482615380037
vn 0.07454782068810578 0.07501936048916492 0.9943916320959518
vn 0.059488750714688565 0.07519884372186979 0.9953924966772151
vn 0.07403389287584701 0.07503162991554034 0.9944291011519448
vn 0.05208685896486673 0.07553178675413523 0.9957820586418004
vn 0.04231846020998914 0.07564906139898249 0.9962361002467781
vn 0.03295607521298533 0.0758946246619975 0.9965710727559628
vn 0.04058830886057342 0.07576414334852032 0.9962993444575295
vn 0.08374344480845493 0.07426443628023088 0.9937161712257645
vn 0.06580007844244967 0.07491013433804462 0.9950169955585801
vn 0.059488750714688565 0.07519884372186979 0.9953924966772151
vn 0.06357380927488815 0.07498421731940383 0.9951561374614925
vn 0.05208685896486673 0.07553178675413523 0.9957820586418004
vn 0.04231846020998914 0.07564906139898249 0.9962361002467781
vn 0.04364606736515074 0.07570573684820744 0.9961745139340932
vn 0.04058830886057342 0.07576414334852032 0.9962993444575295
vn 0.01853563846507821 0.07605809815627645 0.9969310887977876
vn 0.020477957919169603 0.07604221215827577 0.9968942949026925
vn 0.030392717665502583 0.07587185525876818 0.9966542752090605
vn 0.03892940697814874 0.07569101535391197 0.9963711012805538
vn 0.06357380927488815 0.07498421731940383 0.9951561374614925
vn 0.05181395197995774 0.07535143102805691 0.9958099598930725
vn 0.04231846020998914 0.07564906139898249 0.9962361002467781
vn 0.03892940697814874 0.07569101535391197 0.9963711012805538
vn 0.03295607521298533 0.0758946246619975 0.9965710727559628
vn 0.020477957919169603 0.07604221215827577 0.9968942949026925
vn 0.021498285824001373 0.07604928523405372 0.9968722736248706
vn 0.018232557387197677 0.07608346417642521 0.99693474226252
vn 0.018232557387197677 0.07608346417642521 0.99693474226252
vn 0.020477957919169603 0.07604221215827577 0.9968942949026925
vn 0.01593952469353013 0.07610417298870314 0.9969724602045185
vn 0.01853563846507821 0.07605809815627645 0.9969310887977876
vn -0.0000030876086830002157 0.07617163431482145 0.9970947207343321
vn 0.017901828323600745 0.07606568852248116 0.9969420923866508
vn 0.012392497361486201 0.0761207326177952 0.9970215945880389
vn -0.008386714214109402 0.07614984954154484 0.99706111319191
vn -0.0000037800238044991067 0.07617163431464033 0.9970947207319614
vn -0.004271025244183464 0.07616560054885974 0.9970860342199138
vn 0.012392497361486201 0.0761207326177952 0.9970215945880389
vn -0.0000037800238044991067 0.07617163431464033 0.9970947207319614
vn -0.0000030876086830002157 0.07617163431482145 0.9970947207343321
vn -0.008386714214109402 0.07614984954154484 0.99706111319191
vn -0.0013532101645396424 0.07617115100029846 0.9970938394040656
vn -0.015948576833114743 0.07610409697495102 0.9969723212409789
vn -0.03296605471575999 0.07589442223005795 0.9965707581054359
vn -0.02151420698375868 0.07604913363700658 0.9968719417111311
vn -0.020490275488882697 0.07604208511765918 0.9968940514926089
vn -0.004271025244183464 0.07616560054885974 0.9970860342199138
vn -0.01792051318318416 0.07606549018493909 0.9969417718253039
vn -0.008386714214109402 0.07614984954154484 0.99706111319191
vn -0.01854317258344607 0.07605802249643473 0.996930954461979
vn -0.015948576833114743 0.07610409697495102 0.9969723212409789
vn -0.020490275488882697 0.07604208511765918 0.9968940514926089
vn -0.020425608077130824 0.07606110608437189 0.9968939274947468
vn -0.02151420698375868 0.07604913363700658 0.9968719417111311
vn -0.01854317258344607 0.07605802249643473 0.996930954461979
vn -0.020618181967297453 0.07603141772998016 0.9968922279215203
vn -0.020490275488882697 0.07604208511765918 0.9968940514926089
vn -0.038936906620731314 0.07569086757306276 0.9963708194587222
vn -0.03296605471575999 0.07589442223005795 0.9965707581054359
vn -0.0369180819756763 0.07576726506819285 0.996441858197117
vn -0.043138007668921854 0.07571563712486296 0.99619589167449
vn -0.05209656952172027 0.07553154443783197 0.9957815690395684
vn -0.0635808637411697 0.07498402959986984 0.9951557009186516
vn -0.06593961347372615 0.07490529209379558 0.9950081228770341
vn -0.05955615976612283 0.07519678726542348 0.9953886211017637
vn -0.038936906620731314 0.07569086757306276 0.9963708194587222
vn -0.04010212821166439 0.07566335103609925 0.9963266917145617
vn -0.0369180819756763 0.07576726506819285 0.996441858197117
vn -0.0635808637411697 0.07498402959986984 0.9951557009186516
vn -0.05209656952172027 0.07553154443783197 0.9957815690395684
vn -0.05955615976612283 0.07519678726542348 0.9953886211017637
vn -0.07327447658383109 0.07504969657836506 0.9944839838453212
vn -0.07455898618487468 0.07501905207363627 0.9943908182425343
vn -0.06593961347372615 0.07490529209379558 0.9950081228770341
vn -0.06631432627528201 0.07489262695039796 0.9949841730194122
vn -0.05955615976612283 0.07519678726542348 0.9953886211017637
vn -0.09595898619409063 0.07378455313415584 0.9926468217283503
vn -0.07455898618487468 0.07501905207363627 0.9943908182425343
vn -0.09101731879402811 0.07418773908750573 0.9930820847486024
vn -0.08225542182815099 0.07483427113653543 0.993797704486852
vn -0.10260594934933065 0.07434349723540164 0.9919400503946457
vn -0.15470847835340543 0.07161691200844642 0.9853610021915563
vn -0.15641700850293763 0.07188841529965101 0.985071456898786
vn -0.13194142325277639 0.0731192978634198 0.988557043933223
vn -0.1575513611287275 0.07206511406847939 0.9848777527900517
vn -0.11259588741000276 0.0750019336251279 0.9908061748348392
vn -0.09595898619409063 0.07378455313415584 0.9926468217283503
vn -0.10702393487505489 0.07332699940154044 0.9915488028950601
vn -0.09101731879402811 0.07418773908750573 0.9930820847486024
vn -0.14550085294944784 0.07159320230204289 0.9867643665917016
vn -0.10260594934933065 0.07434349723540164 0.9919400503946457
vn -0.15470847835340543 0.07161691200844642 0.9853610021915563
vn -0.10885383497855743 0.07459371748806931 0.9912550730875334
vn -0.13194142325277639 0.0731192978634198 0.988557043933223
vn -0.10888185225142898 0.074596918249641 0.9912517551247787
vn -0.11259588741000276 0.0750019336251279 0.9908061748348392
vn -0.1288494940696848 0.07675511544415198 0.9886892636876063
vn -0.1275878364009535 0.07661879593920319 0.988863440577793
vn -0.14415181083904738 0.07552721561364774 0.9866690909993446
vn -0.1229515391082248 0.07614324349481733 0.9894873043657546
vn -0.11259588741000276 0.0750019336251279 0.9908061748348392
vn -0.15837886558186554 0.07957758567919031 0.9841664202737627
vn -0.15543440197319935 0.07931488115995591 0.9846569434629585
vn -0.14415181083904738 0.07552721561364774 0.9866690909993446
vn -0.15543440197319935 0.07931488115995591 0.9846569434629585
vn -0.14669485592871398 0.0785297911288599 0.9860596793041034
vn -0.14415181083904738 0.07552721561364774 0.9866690909993446
vn -0.13623781267563476 0.07751665130837802 0.9876388141255354
vn -0.1288494940696848 0.07675511544415198 0.9886892636876063
vn -0.17565789926224606 0.07497624353738501 0.9815920055358016
vn -0.1788250791247002 0.07553320324420204 0.9809772302575196
vn -0.14415181083904738 0.07552721561364774 0.9866690909993446
vn -0.1575513611287275 0.07206511406847939 0.9848777527900517
vn -0.15816819320730077 0.07216387828779604 0.984771647301039
vn -0.11259588741000276 0.0750019336251279 0.9908061748348392
vn -0.16694693718502493 0.07354040642632692 0.9832194713222425
vn -0.14415181083904738 0.07552721561364774 0.9866690909993446
vn -0.16886079671436993 0.07385432877665778 0.9828690500030701
vn -0.17565789926224606 0.07497624353738501 0.9815920055358016
vn -0.1788250791247002 0.07553320324420204 0.9809772302575196
vn -0.183751213375533 0.0763975989560716 0.9799994379879851
vn -0.14415181083904738 0.07552721561364774 0.9866690909993446
vn -0.19045681046616464 0.0776847314549814 0.9786170271591554
vn -0.19324113073137547 0.07829118376009638 0.9780226765975839
vn -0.19324113073137547 0.07829118376009638 0.9780226765975839
vn -0.1954457861928256 0.07877089639067443 0.9775459531609131
vn -0.14415181083904738 0.07552721561364774 0.9866690909993446
vn -0.19904759281598744 0.07972756675238417 0.9767413019289728
vn -0.20051188362415281 0.08030330227722837 0.9763945740165019
vn -0.20051188362415281 0.08030330227722837 0.9763945740165019
vn -0.20104788504949914 0.08051401481319201 0.9762669928537914
vn -0.14415181083904738 0.07552721561364774 0.9866690909993446
vn -0.20136778529562654 0.0811307225804629 0.9761499991797912
vn -0.20019597911268897 0.0814692734541194 0.9763628052266071
vn -0.20019597911268897 0.0814692734541194 0.9763628052266071
vn -0.1999993927731738 0.08152607113507797 0.9763983524236611
vn -0.14415181083904738 0.07552721561364774 0.9866690909993446
vn -0.19697874675245283 0.08172518714649443 0.9769955819315169
vn -0.1922410678339778 0.08171412143836276 0.9779397600034515
vn -0.17798258827109417 0.08105822863399928 0.9806894319013745
vn -0.1770007433229706 0.08099021634125098 0.9808727347215404
vn -0.14415181083904738 0.07552721561364774 0.9866690909993446
vn -0.1922410678339778 0.08171412143836276 0.9779397600034515
vn -0.19202894916736996 0.08171356982208232 0.9779814799824215
vn -0.14415181083904738 0.07552721561364774 0.9866690909993446
vn -0.18577176556025407 0.08149091252400421 0.979207885127888
vn -0.17798258827109417 0.08105822863399928 0.9806894319013745
vn -0.1770007433229706 0.08099021634125098 0.9808727347215404
vn -0.1688231086314302 0.08041975673619298 0.9823601278138848
vn -0.14415181083904738 0.07552721561364774 0.9866690909993446
vn -0.1686945268635053 0.0804092366843477 0.9823830776546075
vn -0.15837886558186554 0.07957758567919031 0.9841664202737627
vn -0.9999999999977525 -0.000002120195176753223 0
vn -0.9999999999977525 -0.000002120195176753223 0
vn -0.9999999999977525 -0.000002120195176753223 0
vn -0.9999999999977525 -0.000002120195176753223 0
vn -0.9999999999977525 -0.000002120195176753223 0
vn 0.9999999999977525 0.000002120195176753223 0
vn 0.9999999999977525 0.000002120195176753223 0
vn 0.9999999999977525 0.000002120195176753223 0
vn 0.9999999999977525 0.000002120195176753223 0
vn 0 0 1
vn 0 0 1
vn 0 0 1
vn 0 0 1
vn 0 0 1
vn 0 0 1
vn 0 0 1
vn 0 0 1
vn 0.9999999999977525 0.000002120195176753223 0
vn 0.9999999999977525 0.000002120195176753223 0
vn 0.9999999999977525 0.000002120195176753223 0
vn 0.9999999999977525 0.000002120195176753223 0
vn 0.9999999999977525 0.000002120195176753223 0
vn -0.9999999999977525 -0.000002120195176753223 0
vn -0.9999999999977525 -0.000002120195176753223 0
vn -0.9999999999977525 -0.000002120195176753223 0
vn -0.9999999999977525 -0.000002120195176753223 0
vn 0 0 1
vn 0 0 1
vn 0 0 1
vn 0 0 1
vn 0 0 1
vn 0 0 1
vn 0 0 1
vn 0.9749279119905193 0.0000020670375058879627 0.2225209347848726
vn 0.9009688693609013 0.0000019102297264259864 0.4338837360847841
vn 0.9437933948174513 0.0000020010260873873218 0.33053597065213125
vn 0.7818314927275193 0.0000016576352447850602 0.623489788991537
vn 0.8468530066539144 0.0000017954936074603603 0.5318270255618845
vn 0.9009688693609013 0.0000019102297264259864 0.4338837360847841
vn 0.9009688693609013 0.0000019102297264259864 0.4338837360847841
vn 0.9437933948174513 0.0000020010260873873218 0.33053597065213125
vn 0.6234897889918488 0.0000013219200637310846 0.7818314927279102
vn 0.667556593548916 0.0000014153502184278868 0.7445590603890089
vn 0.6234897889918488 0.0000013219200637310846 0.7818314927279102
vn 0.7270279647662795 0.0000015414412047868118 0.6866078490997796
vn 0.7818314927275193 0.0000016576352447850602 0.623489788991537
vn 0.7818314927275193 0.0000016576352447850602 0.623489788991537
vn 0.8468530066539144 0.0000017954936074603603 0.5318270255618845
vn 0.6234897889918488 0.0000013219200637310846 0.7818314927279102
vn 0.6234897889918488 0.0000013219200637310846 0.7818314927279102
vn 0.5320733186577401 0.0000011280992560381327 0.8466982836709112
vn 0.4338837360853921 9.199182132938713e-7 0.9009688693621638
vn 0.4338837360853921 9.199182132938713e-7 0.9009688693621638
vn 0.2225209347853232 4.717877904557279e-7 0.9749279119924936
vn 0.28806274407691923 6.107492101160441e-7 0.9576115368323954
vn 0.4338837360853921 9.199182132938713e-7 0.9009688693621638
vn 0.3622812097280117 7.681068860209778e-7 0.9320688413831986
vn 0.4338837360853921 9.199182132938713e-7 0.9009688693621638
vn -1.8369701465288538e-16 -3.894735283611357e-22 1
vn 0.11187143014012885 2.3718925777096468e-7 0.9937226892440093
vn 0.2225209347853232 4.717877904557279e-7 0.9749279119924936
vn 0.2225209347853232 4.717877904557279e-7 0.9749279119924936
vn 0.28806274407691923 6.107492101160441e-7 0.9576115368323954
vn -0.2225209347853232 -4.717877904557279e-7 0.9749279119924936
vn -0.0961610884927723 -2.038802733660119e-7 0.9953657845535198
vn -1.8369701465288538e-16 -3.894735283611357e-22 1
vn -1.8369712053200378e-16 4.336808689942018e-17 1
vn 0.11187143014012885 2.3718925777096468e-7 0.9937226892440093
vn -0.47977528353327864 -0.000001017217194926477 0.8773914048527756
vn -0.4338837360853921 -9.199182132938713e-7 0.9009688693621638
vn -0.4338837360853921 -9.199182132938713e-7 0.9009688693621638
vn -0.32995209026245315 -6.995628026111091e-7 0.943997679091929
vn -0.2225209347853232 -4.717877904557279e-7 0.9749279119924936
vn -0.2225209347853232 -4.717877904557279e-7 0.9749279119924936
vn -0.0961610884927723 -2.038802733660119e-7 0.9953657845535198
vn -0.47977528353327864 -0.000001017217194926477 0.8773914048527756
vn -0.4338837360853921 -9.199182132938713e-7 0.9009688693621638
vn -0.5533063895204671 -0.000001173117515246801 0.8329778144191171
vn -0.6234897889918488 -0.0000013219200637310846 0.7818314927279102
vn -0.6234897889918488 -0.0000013219200637310846 0.7818314927279102
vn -0.6234897889918488 -0.0000013219200637310846 0.7818314927279102
vn -0.6234897889918488 -0.0000013219200637310846 0.7818314927279102
vn -0.7072896841762568 -0.0000014995921201656845 0.7069238308726068
vn -0.7818314927275193 -0.0000016576352447850602 0.623489788991537
vn -0.7818314927275193 -0.0000016576352447850602 0.623489788991537
vn -0.9009688693609013 -0.0000019102297264259864 0.4338837360847841
vn -0.9749279119905193 -0.0000020670375058879627 0.2225209347848726
vn -0.9749279119905193 -0.0000020670375058879627 0.2225209347848726
vn -0.9749279119905193 -0.0000020670375058879627 0.2225209347848726
vn -0.9438376471392986 -0.0000020011200471521874 0.3304095879942778
vn -0.9009688693609013 -0.0000019102297264259864 0.4338837360847841
vn -0.9009688693609013 -0.0000019102297264259864 0.4338837360847841
vn -0.7818314927275193 -0.0000016576352447850602 0.623489788991537
vn -0.8535888618132786 -0.0000018097749349925885 0.5209472669906585
vn -0.7818314927275193 -0.0000016576352447850602 0.623489788991537
vn -0.9749279119905193 -0.0000020670375058879627 -0.2225209347848726
vn -0.9937512606534041 -0.0000021069465106013566 -0.11161734607725986
vn -0.9999999999977525 -0.000002120195176753223 -1.2246468525824155e-16
vn -0.9999999999977525 -0.000002120195176753223 -1.7347234759729081e-16
vn -0.9749279119905193 -0.0000020670375058879627 0.2225209347848726
vn -0.993758403763484 -0.000002106961850980985 0.11155373120166269
vn -0.9749279119905193 -0.0000020670375058879627 0.2225209347848726
vn -0.9009688693609013 -0.0000019102297264259864 -0.4338837360847841
vn -0.9438377187039536 -0.0000020011200725097416 -0.33040938356486216
vn -0.9749279119905193 -0.0000020670375058879627 -0.2225209347848726
vn -0.9749279119905193 -0.0000020670375058879627 -0.2225209347848726
vn -0.9937512606534041 -0.0000021069465106013566 -0.11161734607725986
vn -0.7818314927275193 -0.0000016576352447850602 -0.623489788991537
vn -0.8535888618132786 -0.0000018097749349925885 -0.5209472669906585
vn -0.9009688693609013 -0.0000019102297264259864 -0.4338837360847841
vn -0.9009688693609013 -0.0000019102297264259864 -0.4338837360847841
vn -0.9438377187039536 -0.0000020011200725097416 -0.33040938356486216
vn -0.6234897889918488 -0.0000013219200637310846 -0.7818314927279102
vn -0.7074157935098497 -0.0000014998594817243827 -0.7067976337613051
vn -0.7818314927275193 -0.0000016576352447850602 -0.623489788991537
vn -0.7818314927275193 -0.0000016576352447850602 -0.623489788991537
vn -0.8535888618132786 -0.0000018097749349925885 -0.5209472669906585
vn -0.4338837360853921 -9.199182132938713e-7 -0.9009688693621638
vn -0.4788059629934421 -0.0000010151620779521281 -0.877920753713507
vn -0.4338837360853921 -9.199182132938713e-7 -0.9009688693621638
vn -0.5532568155208614 -0.000001173012391102715 -0.8330107418745207
vn -0.6234897889918488 -0.0000013219200637310846 -0.7818314927279102
vn -0.6234897889918488 -0.0000013219200637310846 -0.7818314927279102
vn -0.7074157935098497 -0.0000014998594817243827 -0.7067976337613051
vn -0.4338837360853921 -9.199182132938713e-7 -0.9009688693621638
vn -0.4338837360853921 -9.199182132938713e-7 -0.9009688693621638
vn -0.3300097274870873 -6.996850149718177e-7 -0.9439775313869546
vn -0.2225209347853232 -4.717877904557279e-7 -0.9749279119924936
vn -0.2225209347853232 -4.717877904557279e-7 -0.9749279119924936
vn -0.2225209347853232 -4.717877904557279e-7 -0.9749279119924936
vn -0.2225209347853232 -4.717877904557279e-7 -0.9749279119924936
vn -0.0961610884927723 -2.038802733660119e-7 -0.9953657845535198
vn 6.123234262925839e-17 1.2982450524645374e-22 -1
vn 6.12324551258217e-17 4.336808689942018e-17 -1
vn 6.12324551258217e-17 4.336808689942018e-17 -1
vn 6.123234262925839e-17 1.2982450524645374e-22 -1
vn 0.1117976130479393 2.3703274474391127e-7 -0.9937309966569056
vn 0.2225209347853232 4.717877904557279e-7 -0.9749279119924936
vn 0.2225209347853232 4.717877904557279e-7 -0.9749279119924936
vn 0.4338837360853921 9.199182132938713e-7 -0.9009688693621638
vn 0.3622991507761249 7.681448575308614e-7 -0.9320618677675364
vn 0.2225209347853232 4.717877904557279e-7 -0.9749279119924936
vn 0.28875241426308657 6.122114812705196e-7 -0.9574038036569856
vn 0.2225209347853232 4.717877904557279e-7 -0.9749279119924936
vn 0.6690738832352565 0.0000014185672018334442 -0.7431958952863519
vn 0.6234897889918488 0.0000013219200637310846 -0.7818314927279102
vn 0.6234897889918488 0.0000013219200637310846 -0.7818314927279102
vn 0.5318853821897385 0.000001127700777262516 -0.8468163556590085
vn 0.4338837360853921 9.199182132938713e-7 -0.9009688693621638
vn 0.4338837360853921 9.199182132938713e-7 -0.9009688693621638
vn 0.3622991507761249 7.681448575308614e-7 -0.9320618677675364
vn 0.7818314927275193 0.0000016576352447850602 -0.623489788991537
vn 0.7818314927275193 0.0000016576352447850602 -0.623489788991537
vn 0.6234897889918488 0.0000013219200637310846 -0.7818314927279102
vn 0.7270768884650439 0.000001541544976032421 -0.6865560416001113
vn 0.6690738832352565 0.0000014185672018334442 -0.7431958952863519
vn 0.9009688693609013 0.0000019102297264259864 -0.4338837360847841
vn 0.9749279119905193 0.0000020670375058879627 -0.2225209347848726
vn 0.9749279119905193 0.0000020670375058879627 -0.2225209347848726
vn 0.9749279119905193 0.0000020670375058879627 -0.2225209347848726
vn 0.9437900299275355 0.000002001019107868392 -0.33054557840845156
vn 0.9009688693609013 0.0000019102297264259864 -0.4338837360847841
vn 0.9009688693609013 0.0000019102297264259864 -0.4338837360847841
vn 0.7818314927275193 0.0000016576352447850602 -0.623489788991537
vn 0.8468735162695666 0.0000017955370477433072 -0.5317943657448769
vn 0.7818314927275193 0.0000016576352447850602 -0.623489788991537
vn 0.9437933948174513 0.0000020010260873873218 0.33053597065213125
vn 0.9749279119905193 0.0000020670375058879627 0.2225209347848726
vn 0.9749279119905193 0.0000020670375058879627 0.2225209347848726
vn 0.993661484172073 0.0000021067563000072135 0.11241376636566591
vn 0.9999999999977525 0.000002120195176753223 0
vn 0.9999999999977525 0.000002120195176753223 0
vn 0.9749279119905193 0.0000020670375058879627 -0.2225209347848726
vn 0.9936629103177048 0.0000021067592466085543 -0.11240115948917181
vn 0.9749279119905193 0.0000020670375058879627 -0.2225209347848726
vn -0.000002120195176753223 0.9999999999977525 0
vn -0.000002120195176753223 0.9999999999977525 0
vn -0.000002120195176753223 0.9999999999977525 0
vn -0.000002120195176753223 0.9999999999977525 0
vn -0.000002120195176753223 0.9999999999977525 0
vn -0.000002120195176753223 0.9999999999977525 0
vn -0.000002120195176753223 0.9999999999977525 0
vn -0.000002120195176753223 0.9999999999977525 0
vn -0.000002120195176753223 0.9999999999977525 0
vn -0.000002120195176753223 0.9999999999977525 0
vn -0.000002120195176753223 0.9999999999977525 0
vn -0.000002120195176753223 0.9999999999977525 0
vn -0.000002120195176753223 0.9999999999977525 0
vn -0.000002120195176753223 0.9999999999977525 0
vn -0.000002120195176753223 0.9999999999977525 0
vn -0.000002120195176753223 0.9999999999977525 0
vn -0.000002120195176753223 0.9999999999977525 0
vn -0.000002120195176753223 0.9999999999977525 0
vn -0.000002120195176753223 0.9999999999977525 0
vn -0.000002120195176753223 0.9999999999977525 0
vn -0.000002120195176753223 0.9999999999977525 0
vn -0.000002120195176753223 0.9999999999977525 0
vn -0.000002120195176753223 0.9999999999977525 0
vn -0.000002120195176753223 0.9999999999977525 0
vn -0.000002120195176753223 0.9999999999977525 0
vn -0.000002120195176753223 0.9999999999977525 0
vn -0.000002120195176753223 0.9999999999977525 0
vn -0.000002120195176753223 0.9999999999977525 0
vn -0.000002120195176753223 0.9999999999977525 0
vn -0.000002120195176753223 0.9999999999977525 0
vn -0.000002120195176753223 0.9999999999977525 0
vn -0.000002120195176753223 0.9999999999977525 0
vn -0.000002120195176753223 0.9999999999977525 0
vn -0.000002120195176753223 0.9999999999977525 0
vn -0.000002120195176753223 0.9999999999977525 0
vn -0.000002120195176753223 0.9999999999977525 0
vn -0.000002120195176753223 0.9999999999977525 0
vn -0.000002120195176753223 0.9999999999977525 0
vn -0.000002120195176753223 0.9999999999977525 0
vn -0.000002120195176753223 0.9999999999977525 0
vn -0.000002120195176753223 0.9999999999977525 0
vn -0.000002120195176753223 0.9999999999977525 0
vn -0.000002120195176753223 0.9999999999977525 0
vn -0.000002120195176753223 0.9999999999977525 0
vn -0.000002120195176753223 0.9999999999977525 0
vn -0.000002120195176753223 0.9999999999977525 0
vn -0.000002120195176753223 0.9999999999977525 0
vn -0.000002120195176753223 0.9999999999977525 0
vn -0.000002120195176753223 0.9999999999977525 0
vn -0.000002120195176753223 0.9999999999977525 0
vn -0.000002120195176753223 0.9999999999977525 0
vn -0.000002120195176753223 0.9999999999977525 0
vn -0.000002120195176753223 0.9999999999977525 0
vn -0.000002120195176753223 0.9999999999977525 0
vn -0.000002120195176753223 0.9999999999977525 0
vn -0.000002120195176753223 0.9999999999977525 0
vn -0.000002120195176753223 0.9999999999977525 0
vn -0.000002120195176753223 0.9999999999977525 0
vn -0.6532815030743456 0.2705980511147485 0.7071067617226012
vn -0.6935199426845902 0.13794968878491518 0.7071067617148827
vn -0.68659020443668 0.16909729184049113 0.7071067791103476
vn -0.68659020443668 0.16909729184049113 0.7071067791103476
vn -0.6532815030743456 0.2705980511147485 0.7071067617226012
vn -0.6532815030743456 0.2705980511147485 0.7071067617226012
vn -0.6261239074307814 0.328586162316835 0.7071067716246994
vn -0.5879377874929517 0.39284748855870727 0.7071067873885877
vn -0.6261239074307814 0.328586162316835 0.7071067716246994
vn -0.5879377874929517 0.39284748855870727 0.7071067873885877
vn -0.5879377874929517 0.39284748855870727 0.7071067873885877
vn -0.5292041294172322 0.46898081831737076 0.7071067680754574
vn -0.5000000042785677 0.5000000042785677 0.7071067751357388
vn -0.5292041294172322 0.46898081831737076 0.7071067680754574
vn -0.5000000042785677 0.5000000042785677 0.7071067751357388
vn -0.5000000042785677 0.5000000042785677 0.7071067751357388
vn -0.40161633897977633 0.581983095337064 0.7071067762413049
vn -0.39284748855870727 0.5879377874929517 0.7071067873885877
vn -0.39284748855870727 0.5879377874929517 0.7071067873885877
vn -0.2705980511147485 0.6532815030743456 0.7071067617226012
vn -0.39284748855870727 0.5879377874929517 0.7071067873885877
vn -0.2705980511147485 0.6532815030743456 0.7071067617226012
vn -0.2705980511147485 0.6532815030743456 0.7071067617226012
vn -0.25085634659941924 0.6611135181679368 0.7071067878803068
vn -0.13794968878491518 0.6935199426845902 0.7071067617148827
vn -0.25085634659941924 0.6611135181679368 0.7071067878803068
vn -0.13794968878491518 0.6935199426845902 0.7071067617148827
vn -0.13794968878491518 0.6935199426845902 0.7071067617148827
vn -0.08530512561853404 0.7019423336674404 0.7071067781804342
vn 1.3738309509791407e-16 0.7071067811865476 0.7071067811865476
vn -0.08530512561853404 0.7019423336674404 0.7071067781804342
vn 1.3738309509791407e-16 0.7071067811865476 0.7071067811865476
vn 1.3738309509791407e-16 0.7071067811865476 0.7071067811865476
vn 0.08530512561853404 0.7019423336674404 0.7071067781804342
vn 0.13794968878491518 0.6935199426845902 0.7071067617148827
vn 0.08530512561853404 0.7019423336674404 0.7071067781804342
vn 0.13794968878491518 0.6935199426845902 0.7071067617148827
vn 0.13794968878491518 0.6935199426845902 0.7071067617148827
vn 0.25085634659941924 0.6611135181679368 0.7071067878803068
vn 0.2705980511147485 0.6532815030743456 0.7071067617226012
vn 0.2705980511147485 0.6532815030743456 0.7071067617226012
vn 0.39284748855870727 0.5879377874929517 0.7071067873885877
vn 0.2705980511147485 0.6532815030743456 0.7071067617226012
vn 0.39284748855870727 0.5879377874929517 0.7071067873885877
vn 0.39284748855870727 0.5879377874929517 0.7071067873885877
vn 0.40161633897977633 0.581983095337064 0.7071067762413049
vn 0.5000000042785677 0.5000000042785677 0.7071067751357388
vn 0.40161633897977633 0.581983095337064 0.7071067762413049
vn 0.5000000042785677 0.5000000042785677 0.7071067751357388
vn 0.5000000042785677 0.5000000042785677 0.7071067751357388
vn 0.5292041294172322 0.46898081831737076 0.7071067680754574
vn 0.5879377874929517 0.39284748855870727 0.7071067873885877
vn 0.5292041294172322 0.46898081831737076 0.7071067680754574
vn 0.5879377874929517 0.39284748855870727 0.7071067873885877
vn 0.5879377874929517 0.39284748855870727 0.7071067873885877
vn 0.6261239074307814 0.328586162316835 0.7071067716246994
vn 0.6532815030743456 0.2705980511147485 0.7071067617226012
vn 0.6261239074307814 0.328586162316835 0.7071067716246994
vn 0.6532815030743456 0.2705980511147485 0.7071067617226012
vn 0.6532815030743456 0.2705980511147485 0.7071067617226012
vn 0.68659020443668 0.16909729184049113 0.7071067791103476
vn 0.6935199426845902 0.13794968878491518 0.7071067617148827
vn 0.6935199426845902 0.13794968878491518 0.7071067617148827
vn 0.7071067811865476 -3.925231146709438e-17 0.7071067811865476
vn 0.7071067811865476 -3.925231146709438e-17 0.7071067811865476
vn 0.6935199426845902 -0.13794968878491518 0.7071067617148827
vn 0.7071067811865476 -3.925231146709438e-17 0.7071067811865476
vn 0.6935199426845902 -0.13794968878491518 0.7071067617148827
vn 0.6935199426845902 -0.13794968878491518 0.7071067617148827
vn 0.68659020443668 -0.16909729184049113 0.7071067791103476
vn 0.6532815030743456 -0.2705980511147485 0.7071067617226012
vn 0.68659020443668 -0.16909729184049113 0.7071067791103476
vn 0.6532815030743456 -0.2705980511147485 0.7071067617226012
vn 0.6532815030743456 -0.2705980511147485 0.7071067617226012
vn 0.6261239074307814 -0.328586162316835 0.7071067716246994
vn 0.5879377874929517 -0.39284748855870727 0.7071067873885877
vn 0.6261239074307814 -0.328586162316835 0.7071067716246994
vn 0.5879377874929517 -0.39284748855870727 0.7071067873885877
vn 0.5879377874929517 -0.39284748855870727 0.7071067873885877
vn 0.5292041294172322 -0.46898081831737076 0.7071067680754574
vn 0.5000000042785677 -0.5000000042785677 0.7071067751357388
vn 0.5292041294172322 -0.46898081831737076 0.7071067680754574
vn 0.5000000042785677 -0.5000000042785677 0.7071067751357388
vn 0.5000000042785677 -0.5000000042785677 0.7071067751357388
vn 0.40161633897977633 -0.581983095337064 0.7071067762413049
vn 0.39284748855870727 -0.5879377874929517 0.7071067873885877
vn 0.39284748855870727 -0.5879377874929517 0.7071067873885877
vn 0.2705980511147485 -0.6532815030743456 0.7071067617226012
vn 0.39284748855870727 -0.5879377874929517 0.7071067873885877
vn 0.2705980511147485 -0.6532815030743456 0.7071067617226012
vn 0.2705980511147485 -0.6532815030743456 0.7071067617226012
vn 0.25085634659941924 -0.6611135181679368 0.7071067878803068
vn 0.13794968878491518 -0.6935199426845902 0.7071067617148827
vn 0.25085634659941924 -0.6611135181679368 0.7071067878803068
vn 0.13794968878491518 -0.6935199426845902 0.7071067617148827
vn 0.13794968878491518 -0.6935199426845902 0.7071067617148827
vn 0.08530512561853404 -0.7019423336674404 0.7071067781804342
vn -3.925231146709438e-17 -0.7071067811865476 0.7071067811865476
vn 0.08530512561853404 -0.7019423336674404 0.7071067781804342
vn -3.925231146709438e-17 -0.7071067811865476 0.7071067811865476
vn -3.925231146709438e-17 -0.7071067811865476 0.7071067811865476
vn -0.08530512561853404 -0.7019423336674404 0.7071067781804342
vn -0.13794968878491518 -0.6935199426845902 0.7071067617148827
vn -0.08530512561853404 -0.7019423336674404 0.7071067781804342
vn -0.13794968878491518 -0.6935199426845902 0.7071067617148827
vn -0.13794968878491518 -0.6935199426845902 0.7071067617148827
vn -0.25085634659941924 -0.6611135181679368 0.7071067878803068
vn -0.2705980511147485 -0.6532815030743456 0.7071067617226012
vn -0.2705980511147485 -0.6532815030743456 0.7071067617226012
vn -0.39284748855870727 -0.5879377874929517 0.7071067873885877
vn -0.2705980511147485 -0.6532815030743456 0.7071067617226012
vn -0.39284748855870727 -0.5879377874929517 0.7071067873885877
vn -0.39284748855870727 -0.5879377874929517 0.7071067873885877
vn -0.40161633897977633 -0.581983095337064 0.7071067762413049
vn -0.5000000042785677 -0.5000000042785677 0.7071067751357388
vn -0.40161633897977633 -0.581983095337064 0.7071067762413049
vn -0.5000000042785677 -0.5000000042785677 0.7071067751357388
vn -0.5000000042785677 -0.5000000042785677 0.7071067751357388
vn -0.5292041294172322 -0.46898081831737076 0.7071067680754574
vn -0.5879377874929517 -0.39284748855870727 0.7071067873885877
vn -0.5292041294172322 -0.46898081831737076 0.7071067680754574
vn -0.5879377874929517 -0.39284748855870727 0.7071067873885877
vn -0.5879377874929517 -0.39284748855870727 0.7071067873885877
vn -0.6261239074307814 -0.328586162316835 0.7071067716246994
vn -0.6532815030743456 -0.2705980511147485 0.7071067617226012
vn -0.6261239074307814 -0.328586162316835 0.7071067716246994
vn -0.6532815030743456 -0.2705980511147485 0.7071067617226012
vn -0.6532815030743456 -0.2705980511147485 0.7071067617226012
vn -0.68659020443668 -0.16909729184049113 0.7071067791103476
vn -0.6935199426845902 -0.13794968878491518 0.7071067617148827
vn -0.6935199426845902 -0.13794968878491518 0.7071067617148827
vn -0.7071067811865476 0 0.7071067811865476
vn -0.7071067811865476 0 0.7071067811865476
vn -0.6935199426845902 0.13794968878491518 0.7071067617148827
vn -0.6935199426845902 0.13794968878491518 0.7071067617148827
vn -0.68659020443668 0.16909729184049113 0.7071067791103476
vn -0.000002120195176753223 0.9999999999977525 2.3827036806209916e-18
vn -0.000002120195176753223 0.9999999999977525 2.3827036806209916e-18
vn -0.000002120195176753223 0.9999999999977525 2.3827036806209916e-18
vn -0.000002120195176753223 0.9999999999977525 2.3827036806209916e-18
vn -0.000002120195176753223 0.9999999999977525 2.3827036806209916e-18
vn -0.000002120195176753223 0.9999999999977525 2.3827036806209916e-18
vn -0.000002120195176753223 0.9999999999977525 2.3827036806209916e-18
vn -0.000002120195176753223 0.9999999999977525 2.3827036806209916e-18
vn -0.000002120195176753223 0.9999999999977525 2.3827036806209916e-18
vn -0.000002120195176753223 0.9999999999977525 2.3827036806209916e-18
vn -0.000002120195176753223 0.9999999999977525 2.3827036806209916e-18
vn -0.000002120195176753223 0.9999999999977525 2.3827036806209916e-18
vn -0.000002120195176753223 0.9999999999977525 2.3827036806209916e-18
vn -0.000002120195176753223 0.9999999999977525 2.3827036806209916e-18
vn -0.000002120195176753223 0.9999999999977525 2.3827036806209916e-18
vn -0.000002120195176753223 0.9999999999977525 2.3827036806209916e-18
vn -0.000002120195176753223 0.9999999999977525 2.3827036806209916e-18
vn -0.000002120195176753223 0.9999999999977525 2.3827036806209916e-18
vn -0.000002120195176753223 0.9999999999977525 2.3827036806209916e-18
vn -0.000002120195176753223 0.9999999999977525 2.3827036806209916e-18
vn -0.000002120195176753223 0.9999999999977525 2.3827036806209916e-18
vn -0.000002120195176753223 0.9999999999977525 2.3827036806209916e-18
vn -0.000002120195176753223 0.9999999999977525 2.3827036806209916e-18
vn -0.000002120195176753223 0.9999999999977525 2.3827036806209916e-18
vn -0.000002120195176753223 0.9999999999977525 2.3827036806209916e-18
vn -0.000002120195176753223 0.9999999999977525 2.3827036806209916e-18
vn -0.000002120195176753223 0.9999999999977525 2.3827036806209916e-18
vn -0.000002120195176753223 0.9999999999977525 2.3827036806209916e-18
vn -0.000002120195176753223 0.9999999999977525 2.3827036806209916e-18
vn -0.000002120195176753223 0.9999999999977525 2.3827036806209916e-18
vn -0.000002120195176753223 0.9999999999977525 2.3827036806209916e-18
vn -0.000002120195176753223 0.9999999999977525 2.3827036806209916e-18
vn -0.000002120195176753223 0.9999999999977525 2.3827036806209916e-18
vn -0.000002120195176753223 0.9999999999977525 2.3827036806209916e-18
vn -0.000002120195176753223 0.9999999999977525 2.3827036806209916e-18
vn -0.000002120195176753223 0.9999999999977525 2.3827036806209916e-18
vn -0.000002120195176753223 0.9999999999977525 2.3827036806209916e-18
vn -0.000002120195176753223 0.9999999999977525 2.3827036806209916e-18
vn -0.000002120195176753223 0.9999999999977525 2.3827036806209916e-18
vn -0.000002120195176753223 0.9999999999977525 2.3827036806209916e-18
vn -0.000002120195176753223 0.9999999999977525 2.3827036806209916e-18
vn -0.000002120195176753223 0.9999999999977525 2.3827036806209916e-18
vn -0.000002120195176753223 0.9999999999977525 2.3827036806209916e-18
vn -0.000002120195176753223 0.9999999999977525 2.3827036806209916e-18
vn -0.000002120195176753223 0.9999999999977525 2.3827036806209916e-18
vn -0.000002120195176753223 0.9999999999977525 2.3827036806209916e-18
vn -0.000002120195176753223 0.9999999999977525 2.3827036806209916e-18
vn -0.000002120195176753223 0.9999999999977525 2.3827036806209916e-18
vn -0.000002120195176753223 0.9999999999977525 2.3827036806209916e-18
vn -0.000002120195176753223 0.9999999999977525 2.3827036806209916e-18
vn -0.000002120195176753223 0.9999999999977525 2.3827036806209916e-18
vn -0.000002120195176753223 0.9999999999977525 2.3827036806209916e-18
vn -0.000002120195176753223 0.9999999999977525 2.3827036806209916e-18
vn -0.000002120195176753223 0.9999999999977525 2.3827036806209916e-18
vn -0.000002120195176753223 0.9999999999977525 2.3827036806209916e-18
vn -0.000002120195176753223 0.9999999999977525 2.3827036806209916e-18
vn -0.000002120195176753223 0.9999999999977525 2.3827036806209916e-18
vn -0.000002120195176753223 0.9999999999977525 2.3827036806209916e-18
vn -0.000002120195176753223 0.9999999999977525 2.3827036806209916e-18
vn -0.000002120195176753223 0.9999999999977525 2.3827036806209916e-18
vn -0.000002120195176753223 0.9999999999977525 2.3827036806209916e-18
vn -0.000002120195176753223 0.9999999999977525 2.3827036806209916e-18
vn -0.000002120195176753223 0.9999999999977525 2.3827036806209916e-18
vn -0.000002120195176753223 0.9999999999977525 2.3827036806209916e-18
vn -0.000002120195176753223 0.9999999999977525 2.3827036806209916e-18
vn -0.000002120195176753223 0.9999999999977525 2.3827036806209916e-18
vn -0.000002120195176753223 0.9999999999977525 2.3827036806209916e-18
vn -0.000002120195176753223 0.9999999999977525 2.3827036806209916e-18
vn -0.000002120195176753223 0.9999999999977525 2.3827036806209916e-18
vn -0.000002120195176753223 0.9999999999977525 2.3827036806209916e-18
vn -0.000002120195176753223 0.9999999999977525 2.3827036806209916e-18
vn -0.000002120195176753223 0.9999999999977525 2.3827036806209916e-18
vn -0.000002120195176753223 0.9999999999977525 2.3827036806209916e-18
vn -0.000002120195176753223 0.9999999999977525 2.3827036806209916e-18
vn -0.000002120195176753223 0.9999999999977525 2.3827036806209916e-18
vn -0.000002120195176753223 0.9999999999977525 2.3827036806209916e-18
vn -0.000002120195176753223 0.9999999999977525 2.3827036806209916e-18
vn -0.000002120195176753223 0.9999999999977525 2.3827036806209916e-18
vn -0.000002120195176753223 0.9999999999977525 2.3827036806209916e-18
vn -0.000002120195176753223 0.9999999999977525 2.3827036806209916e-18
vn -0.000002120195176753223 0.9999999999977525 2.3827036806209916e-18
vn -0.000002120195176753223 0.9999999999977525 2.3827036806209916e-18
vn -0.000002120195176753223 0.9999999999977525 2.3827036806209916e-18
vn -0.000002120195176753223 0.9999999999977525 2.3827036806209916e-18
vn -0.000002120195176753223 0.9999999999977525 2.3827036806209916e-18
vn -0.000002120195176753223 0.9999999999977525 2.3827036806209916e-18
vn -0.000002120195176753223 0.9999999999977525 2.3827036806209916e-18
vn -0.000002120195176753223 0.9999999999977525 2.3827036806209916e-18
vn -0.000002120195176753223 0.9999999999977525 2.3827036806209916e-18
vn -0.000002120195176753223 0.9999999999977525 2.3827036806209916e-18
vn -0.000002120195176753223 0.9999999999977525 2.3827036806209916e-18
vn -0.000002120195176753223 0.9999999999977525 2.3827036806209916e-18
vn -0.000002120195176753223 0.9999999999977525 2.3827036806209916e-18
vn -0.000002120195176753223 0.9999999999977525 2.3827036806209916e-18
vn -0.000002120195176753223 0.9999999999977525 2.3827036806209916e-18
vn -0.000002120195176753223 0.9999999999977525 2.3827036806209916e-18
vn -0.000002120195176753223 0.9999999999977525 2.3827036806209916e-18
vn -0.000002120195176753223 0.9999999999977525 2.3827036806209916e-18
vn -0.000002120195176753223 0.9999999999977525 2.3827036806209916e-18
vn -0.000002120195176753223 0.9999999999977525 2.3827036806209916e-18
vn -0.000002120195176753223 0.9999999999977525 2.3827036806209916e-18
vn -0.000002120195176753223 0.9999999999977525 2.3827036806209916e-18
vn -0.000002120195176753223 0.9999999999977525 2.3827036806209916e-18
vn -0.000002120195176753223 0.9999999999977525 2.3827036806209916e-18
vn -0.000002120195176753223 0.9999999999977525 2.3827036806209916e-18
vn -0.000002120195176753223 0.9999999999977525 2.3827036806209916e-18
vn -0.000002120195176753223 0.9999999999977525 2.3827036806209916e-18
vn -0.000002120195176753223 0.9999999999977525 2.3827036806209916e-18
vn 0.10854410998026345 0.9937315466815854 -0.0267542392606554
vn 0.10854410998026345 0.9937315466815854 -0.0267542392606554
vn 0.09898725417969442 0.9937315254173185 -0.0519536226045304
vn 0.09898725417969442 0.9937315254173185 -0.0519536226045304
vn 0.0836774851198733 0.993731493192015 -0.07413364905615683
vn 0.0836774851198733 0.993731493192015 -0.07413364905615683
vn 0.06350456250502079 0.9937314504294105 -0.09200529858929875
vn 0.06350456250502079 0.9937314504294105 -0.09200529858929875
vn 0.03964086702056569 0.9937313995779036 -0.10452993425234135
vn 0.03964086702056569 0.9937313995779036 -0.10452993425234135
vn 0.01347326427697126 0.993731344632141 -0.11097966410707781
vn 0.01347326427697126 0.993731344632141 -0.11097966410707781
vn -0.01347747854464669 0.9937312874548077 -0.11097966437815952
vn -0.01347747854464669 0.9937312874548077 -0.11097966437815952
vn -0.03964507839858079 0.993731232107194 -0.10452992917575483
vn -0.03964507839858079 0.993731232107194 -0.10452992917575483
vn -0.0635087775721903 0.9937311813190067 -0.09200529574767496
vn -0.0635087775721903 0.9937311813190067 -0.09200529574767496
vn -0.08368169495983163 0.9937311386747736 -0.07413364928821355
vn -0.08368169495983163 0.9937311386747736 -0.07413364928821355
vn -0.09899146355130736 0.9937311061114569 -0.05195362249613351
vn -0.09899146355130736 0.9937311061114569 -0.05195362249613351
vn -0.10854832875705739 0.9937310858489722 -0.0267542396915459
vn -0.10854832875705739 0.9937310858489722 -0.0267542396915459
vn -0.11179687803769106 0.9937310793474388 -2.1720497252567156e-17
vn -0.11179687803769106 0.9937310793474388 -2.1720497252567156e-17
vn -0.10854832875705739 0.9937310858489722 0.0267542396915459
vn -0.10854832875705739 0.9937310858489722 0.0267542396915459
vn -0.09899146355130736 0.9937311061114569 0.05195362249613351
vn -0.09899146355130736 0.9937311061114569 0.05195362249613351
vn -0.08368169495983163 0.9937311386747736 0.07413364928821355
vn -0.08368169495983163 0.9937311386747736 0.07413364928821355
vn -0.0635087775721903 0.9937311813190067 0.09200529574767496
vn -0.0635087775721903 0.9937311813190067 0.09200529574767496
vn -0.03964507839858079 0.993731232107194 0.10452992917575483
vn -0.03964507839858079 0.993731232107194 0.10452992917575483
vn -0.01347747854464669 0.9937312874548077 0.11097966437815952
vn -0.01347747854464669 0.9937312874548077 0.11097966437815952
vn 0.01347326427697126 0.993731344632141 0.11097966410707781
vn 0.01347326427697126 0.993731344632141 0.11097966410707781
vn 0.03964086702056569 0.9937313995779036 0.10452993425234135
vn 0.03964086702056569 0.9937313995779036 0.10452993425234135
vn 0.06350456250502079 0.9937314504294105 0.09200529858929875
vn 0.06350456250502079 0.9937314504294105 0.09200529858929875
vn 0.0836774851198733 0.993731493192015 0.07413364905615683
vn 0.0836774851198733 0.993731493192015 0.07413364905615683
vn 0.09898725417969442 0.9937315254173185 0.0519536226045304
vn 0.09898725417969442 0.9937315254173185 0.0519536226045304
vn 0.10854410998026345 0.9937315466815854 0.0267542392606554
vn 0.10854410998026345 0.9937315466815854 0.0267542392606554
vn 0.11179266809754455 0.9937315529657053 0
vn 0.11179266809754455 0.9937315529657053 0
vn 0.10854410998026345 0.9937315466815854 -0.0267542392606554
vn 0.10854410998026345 0.9937315466815854 -0.0267542392606554
vn 0.12999799728188338 2.7562111628525047e-7 -0.9915142564293382
vn 0.2588190471264537 5.487468757893315e-7 -0.9659258257466011
vn 0.2588190471264537 5.487468757893315e-7 -0.9659258257466011
vn 0.9659258257447211 0.0000020479513117243553 -0.25881904712594994
vn 0.991402570455994 0.000002101966865101012 -0.1308470224683382
vn 0.9659258257447211 0.0000020479513117243553 -0.25881904712594994
vn 0.9999999999977525 0.000002120195176753223 0
vn 0.9659258257447211 0.0000020479513117243553 -0.25881904712594994
vn 0.9659258257447211 0.0000020479513117243553 -0.25881904712594994
vn 0.9236910890948258 0.0000019584053813994443 -0.38313805856763883
vn 0.8660253998970725 0.0000018361428393953492 -0.500000006729744
vn 0.8660253998970725 0.0000018361428393953492 -0.500000006729744
vn 0.7071067811857529 0.0000014992043845351747 -0.7071067811857529
vn 0.7071067811857529 0.0000014992043845351747 -0.7071067811857529
vn 0.500000006730306 0.0000010600976026485566 -0.8660253998980459
vn 0.500000006730306 0.0000010600976026485566 -0.8660253998980459
vn 0.2588190471264537 5.487468757893315e-7 -0.9659258257466011
vn 0.2588190471264537 5.487468757893315e-7 -0.9659258257466011
vn 0.500000006730306 0.0000010600976026485566 -0.8660253998980459
vn 0.3826629476487339 8.113201397297413e-7 -0.9238880172922063
vn 0.500000006730306 0.0000010600976026485566 -0.8660253998980459
vn 0.12999799728188338 2.7562111628525047e-7 -0.9915142564293382
vn 0.2588190471264537 5.487468757893315e-7 -0.9659258257466011
vn 6.123411610449171e-17 5.421010862427522e-16 -1
vn 2.832769343193999e-16 6.006023930118637e-22 -1
vn -0.1307091870683419 -2.771289776163234e-7 -0.9914207524637844
vn -0.2588190471264537 -5.487468757893315e-7 -0.9659258257466011
vn -0.2588190471264537 -5.487468757893315e-7 -0.9659258257466011
vn -0.2588190471264537 -5.487468757893315e-7 -0.9659258257466011
vn -0.2588190471264537 -5.487468757893315e-7 -0.9659258257466011
vn -0.38221149974378726 -8.103629484692051e-7 -0.9240748722170452
vn -0.500000006730306 -0.0000010600976026485566 -0.8660253998980459
vn -0.500000006730306 -0.0000010600976026485566 -0.8660253998980459
vn -0.7071067811857529 -0.0000014992043845351747 -0.7071067811857529
vn -0.7071067811857529 -0.0000014992043845351747 -0.7071067811857529
vn -0.8660253998970725 -0.0000018361428393953492 -0.500000006729744
vn -0.8660253998970725 -0.0000018361428393953492 -0.500000006729744
vn -0.8660253998970725 -0.0000018361428393953492 -0.500000006729744
vn -0.8660253998970725 -0.0000018361428393953492 -0.500000006729744
vn -0.924058181140881 -0.0000019591836540103906 -0.382251851352964
vn -0.9659258257447211 -0.0000020479513117243553 -0.25881904712594994
vn -0.9659258257447211 -0.0000020479513117243553 -0.25881904712594994
vn -0.9659258257447211 -0.0000020479513117243553 -0.25881904712594994
vn -0.9659258257447211 -0.0000020479513117243553 -0.25881904712594994
vn -0.9914066233061597 -0.0000021019755047373875 -0.1308163111399345
vn -0.9999999999977525 -0.000002120195176753223 -1.2246468525824155e-16
vn -0.9999999999977525 -0.000002120195176753223 0
vn -0.9999999999977525 -0.000002120195176753223 0
vn -0.9999999999977525 -0.000002120195176753223 -1.2246468525824155e-16
vn -0.991510553878689 -0.0000021021957875777316 0.1300262340558862
vn -0.9659258257447211 -0.0000020479513117243553 0.25881904712594994
vn -0.9659258257447211 -0.0000020479513117243553 0.25881904712594994
vn -0.9659258257447211 -0.0000020479513117243553 0.25881904712594994
vn -0.9659258257447211 -0.0000020479513117243553 0.25881904712594994
vn -0.9238533585870966 -0.000001958749452151684 0.38274661569177176
vn -0.8660253998970725 -0.0000018361428393953492 0.500000006729744
vn -0.8660253998970725 -0.0000018361428393953492 0.500000006729744
vn -0.7071067811857529 -0.0000014992043845351747 0.7071067811857529
vn -0.7071067811857529 -0.0000014992043845351747 0.7071067811857529
vn -0.500000006730306 -0.0000010600976026485566 0.8660253998980459
vn -0.500000006730306 -0.0000010600976026485566 0.8660253998980459
vn -0.2588190471264537 -5.487468757893315e-7 0.9659258257466011
vn -0.2588190471264537 -5.487468757893315e-7 0.9659258257466011
vn -0.500000006730306 -0.0000010600976026485566 0.8660253998980459
vn -0.3831699232377994 -8.123949526549858e-7 0.9236778712978235
vn -0.500000006730306 -0.0000010600976026485566 0.8660253998980459
vn 0.2588190471264537 5.487468757893315e-7 0.9659258257466011
vn 0.13092775831143355 2.7759239573146805e-7 0.9913919114575556
vn -1.071875407883231e-15 -2.2725850289356778e-21 1
vn -1.960047792473607e-15 5.421010862427522e-16 1
vn -0.2588190471264537 -5.487468757893315e-7 0.9659258257466011
vn -0.1307570504679689 -2.7723044496328893e-7 0.9914144409644436
vn -0.2588190471264537 -5.487468757893315e-7 0.9659258257466011
vn 0.8660253998970725 0.0000018361428393953492 0.500000006729744
vn 0.7071067811857529 0.0000014992043845351747 0.7071067811857529
vn 0.7071067811857529 0.0000014992043845351747 0.7071067811857529
vn 0.500000006730306 0.0000010600976026485566 0.8660253998980459
vn 0.500000006730306 0.0000010600976026485566 0.8660253998980459
vn 0.3830886893610981 8.122227893194232e-7 0.9237115654158154
vn 0.2588190471264537 5.487468757893315e-7 0.9659258257466011
vn 0.2588190471264537 5.487468757893315e-7 0.9659258257466011
vn 0.13092775831143355 2.7759239573146805e-7 0.9913919114575556
vn 0.9659258257447211 0.0000020479513117243553 0.25881904712594994
vn 0.92392268075895 0.000001958896339722759 0.3825792466605552
vn 0.8660253998970725 0.0000018361428393953492 0.500000006729744
vn 0.8660253998970725 0.0000018361428393953492 0.500000006729744
vn 0.7071067811857529 0.0000014992043845351747 0.7071067811857529
vn 0.991402570455994 0.000002101966865101012 -0.1308470224683382
vn 0.9999999999977525 0.000002120195176753223 0
vn 0.9999999999977525 0.000002120195176753223 0
vn 0.991449999634212 0.0000021020673300900854 0.1304871573025571
vn 0.9659258257447211 0.0000020479513117243553 0.25881904712594994
vn 0.9659258257447211 0.0000020479513117243553 0.25881904712594994
vn 0.92392268075895 0.000001958896339722759 0.3825792466605552
vn -2.61705444444833e-13 -0.07617163431518452 -0.997094720739085
vn 0.0017067182658800373 -0.07617060980868891 -0.9970933383159941
vn 0.00017287911387595535 -0.04642737007182581 -0.9989216532947044
vn 0.0017442506803778417 -0.07617055755121435 -0.9970932773576908
vn 0.0001744517948158269 -0.045839179519052954 -0.9989488171010523
vn 0.004568251426597292 -0.0761642400070875 -0.9970848206762782
vn -2.080583968999683e-12 2.0809742817817778e-10 -1
vn 0.1307032835786672 -0.07183411620805219 -0.9888157115511276
vn 0.17355181450853702 -0.06945737520973863 -0.9823723533924231
vn 0 0 -1
vn 0 0 -1
vn 0.1307032835786672 -0.07183411620805219 -0.9888157115511276
vn 0 0 -1
vn 0.1277714184363117 -0.07638562241666753 -0.9888577760824817
vn 0 0 -1
vn 0.11688161652204572 -0.0725409240203658 -0.9904930600773866
vn 0 0 -1
vn 0.08893959163458226 -0.07385726967656679 -0.9932949475134748
vn 0.08893959163458226 -0.07385726967656679 -0.9932949475134748
vn 0 0 -1
vn 0.11884223088320109 -0.10653213558233005 -0.9871815578944798
vn 0 0 -1
vn 0.06784913094739416 -0.07472448217166265 -0.9948933345810798
vn 0 0 -1
vn 0.06013207875911683 -0.07500719270654674 -0.9953683007542437
vn 0.06013207875911683 -0.07500719270654674 -0.9953683007542437
vn 0 0 -1
vn 0.08450974695981497 -0.11460680002717794 -0.9898097716512595
vn 0 0 -1
vn 0.044909740416294495 -0.075493780551203 -0.9961344308444657
vn 0.044909740416294495 -0.075493780551203 -0.9961344308444657
vn 0 0 -1
vn 0.05113585041986858 -0.1122448619986887 -0.9923639532735619
vn 0 0 -1
vn 0.03189119602828759 -0.07581858113951713 -0.9966115062399569
vn 0 0 -1
vn 0.026706498100558636 -0.07592158760138626 -0.9967560762269222
vn 0.026706498100558636 -0.07592158760138626 -0.9967560762269222
vn 0 0 -1
vn 0.021422542576908295 -0.09864515786008791 -0.9948920582155126
vn 0 0 -1
vn 0.015347928395951643 -0.07608810641629493 -0.996982969340969
vn 0 0 -1
vn 0.004568251426597292 -0.0761642400070875 -0.9970848206762782
vn 0.1045196294751477 -0.03389967281165433 -0.9939448974855902
vn 0 0 -1
vn 0 0 -1
vn 0 0 -1
vn 0 0 -1
vn 0.17355181450853702 -0.06945737520973863 -0.9823723533924231
vn 0.20777350889247986 -0.06738881839807549 -0.9758529172766858
vn 0.1045196294751477 -0.03389967281165433 -0.9939448974855902
vn 0.189357561493603 -0.06851925615518334 -0.9795145866403097
vn 0 0 -1
vn 0.18859507642167903 -0.06936467622345652 -0.9796021839715937
vn 0.17355181450853702 -0.06945737520973863 -0.9823723533924231
vn 0.20777350889247986 -0.06738881839807549 -0.9758529172766858
vn 0.21685079001288507 -0.06758146814438667 -0.9738626597391631
vn 0.1045196294751477 -0.03389967281165433 -0.9939448974855902
vn 0.1136493652744099 -0.03541899006085239 -0.9928893779851777
vn 0 0 -1
vn 0.2621130883968157 -0.08169042134150344 -0.9615734001895699
vn 0.13844677692715632 -0.04314883763085184 -0.9894294657880311
vn 0.12402711283996326 -0.03865392202274323 -0.9915256676419639
vn 0.21685079001288507 -0.06758146814438667 -0.9738626597391631
vn 0.22568249402985693 -0.07033427711378869 -0.9716586341670331
vn 0.1136493652744099 -0.03541899006085239 -0.9928893779851777
vn 0.24077228193317318 -0.07503803969523704 -0.9676765993095983
vn 0.12402711283996326 -0.03865392202274323 -0.9915256676419639
vn 0.2459521277879897 -0.07665270517822416 -0.9662463007046498
vn 0.2621130883968157 -0.08169042134150344 -0.9615734001895699
vn 0.2621130883968157 -0.08169042134150344 -0.9615734001895699
vn 0.27396663559728307 -0.08538546268673765 -0.9579413371085296
vn 0.13844677692715632 -0.04314883763085184 -0.9894294657880311
vn 0.2833929356929952 -0.08832389852048547 -0.9549279202900337
vn 0.14923137052822136 -0.046510680345721755 -0.9877078285930748
vn 0.3570650241649591 -0.11128915914082495 -0.9274261650265241
vn 0.1818626037176252 -0.05668249605343391 -0.9816888957354049
vn 0.32575625762256155 -0.10152965220115313 -0.9399864841281794
vn 0.16007700547251733 -0.04989151279353301 -0.9858428826492203
vn 0.3156215557036008 -0.09837038096520048 -0.9437723781315069
vn 0.14923137052822136 -0.046510680345721755 -0.9877078285930748
vn 0.2947939980251715 -0.09187793135937228 -0.9511335050651185
vn 0.2833929356929952 -0.08832389852048547 -0.9549279202900337
vn 0 0 -1
vn 0.1136493652744099 -0.03541899006085239 -0.9928893779851777
vn 0 0 -1
vn 0.12402711283996326 -0.03865392202274323 -0.9915256676419639
vn 0 0 -1
vn 0.13844677692715632 -0.04314883763085184 -0.9894294657880311
vn 0 0 -1
vn 0.14923137052822136 -0.046510680345721755 -0.9877078285930748
vn 0 0 -1
vn 0.16007700547251733 -0.04989151279353301 -0.9858428826492203
vn 0 0 -1
vn 0.1818626037176252 -0.05668249605343391 -0.9816888957354049
vn 0 0 -1
vn 0.36164166936983394 -0.11271576400617252 -0.9254785030025843
vn 0.3655103680461667 -0.11392170740712819 -0.9238095125252829
vn 0.1842867586827933 -0.05743813526526777 -0.9811927696387897
vn 0.3437066971354135 -0.10712596771291254 -0.9329468009408881
vn 0.3437066971354135 -0.10712596771291254 -0.9329468009408881
vn 0.26336693172601955 -0.08208579385812236 -0.9611970566537874
vn 0.1842867586827933 -0.05743813526526777 -0.9811927696387897
vn 0.18637877483229967 -0.05809024652975914 -0.9807591322797472
vn 0 0 -1
vn 0.13874620455155084 -0.04324420621299491 -0.9893833581335132
vn -5.596148476799505e-15 1.7441990217995041e-15 -1
vn 0 0 -1
vn 0 0 -1
vn 0.1842867586827933 -0.05743813526526777 -0.9811927696387897
vn 0.1818626037176252 -0.05668249605343391 -0.9816888957354049
vn 0.36164166936983394 -0.11271576400617252 -0.9254785030025843
vn 0.3570650241649591 -0.11128915914082495 -0.9274261650265241
vn -2.620702784650199e-13 -0.07617163431518452 -0.997094720739085
vn -0.00017287909935394063 -0.046427366354565416 -0.9989216534674757
vn -0.001706718383263611 -0.07617060240132102 -0.9970933388816617
vn -0.0001744518678137222 -0.04583914977935132 -0.998948818465717
vn -0.001744252543017356 -0.0761705575509669 -0.9970932773544515
vn 2.07407875596477e-12 2.0745558049206636e-10 -1
vn -0.0045682509635380465 -0.0761642325998895 -0.9970848212442128
vn 0.3488645873855736 -0.07218899623883847 -0.9343887031050421
vn 0.3145532654064115 -0.10989878487480888 -0.9428565640144868
vn 0.17524215366533075 -0.3017719947461489 -0.9371359830705823
vn -0.5684949810702853 -0.8225828488826606 -0.013073378369111547
vn -0.5808855438420533 -0.8139852486103921 0
vn -0.5029567508039451 -0.8350420044576985 -0.22302322213618794
vn 0.29962005899712363 -0.06043157291155736 -0.9521427651576183
vn 0.2624130191465237 -0.10523994781209484 -0.9591996459376503
vn 0.14660312401320436 -0.30211314900996206 -0.9419316160023793
vn -0.4540699492475203 -0.8903408188020118 -0.033372257420162046
vn -0.4878538463764006 -0.8729253258874733 0
vn -0.4193190057690866 -0.881173912805488 -0.21841269833022772
vn 0.24389557056661632 -0.06168997165391164 -0.9678374336919007
vn 0.204005976869229 -0.09943586847127965 -0.9739066020224906
vn 0.11410753987521792 -0.3005535553453716 -0.9469144785633401
vn -0.014804028299960524 -0.0562617046084911 -0.9983062963543008
vn -0.017096098012783962 -0.07708269132409955 -0.9968781179918491
vn -0.009541797605050502 -0.28643575771126056 -0.9580519353369318
vn 0.46481904090720144 -0.765855247853326 -0.4443073244339214
vn 0.5847821422886323 -0.7781592856641277 -0.2291243596718001
vn 0.5440570789008353 -0.8080752606196706 -0.22586781105846296
vn -0.008673882070167623 -0.4820573604751793 -0.876096721248023
vn 0.11731661877940783 -0.5808536421108582 -0.8055096879645324
vn 0.14906556759523834 -0.6050329745651699 -0.7821218295421322
vn 0.027499746082403336 -0.46661799384499364 -0.8840313409520485
vn -0.14842934504301353 -0.6056098177846944 -0.7817963149906063
vn -0.08618012037735118 -0.5578998305943541 -0.8254215685784666
vn -0.6718056236325045 -0.7407253422508431 -0.001780843371328451
vn -0.6830926560492416 -0.730331721378438 2.55550254636579e-17
vn -0.6451163250528452 -0.7556543301722846 -0.1131877221353432
vn -0.5827602148361865 -0.7797254324368552 -0.22895148397693546
vn -0.6670207933265597 -0.7450391004974214 0
vn -0.6718056236325045 -0.7407253422508431 -0.001780843371328451
vn -0.6451163250528452 -0.7556543301722846 -0.1131877221353432
vn -0.613279333074177 -0.7665304421883685 -0.19057686329299495
vn -0.6718056236325045 -0.7407253422508431 -0.001780843371328451
vn -0.5952021357981123 -0.7699470362686095 -0.23003473407846478
vn -0.5827602148361865 -0.7797254324368552 -0.22895148397693546
vn -0.47149890642021697 -0.7610480186221453 -0.44552743416746654
vn -0.46311339552223046 -0.7670654624065982 -0.44400062980903726
vn -0.3240097362657069 -0.7066045184365821 -0.6290689511731071
vn -0.31534555224928623 -0.7078279182869444 -0.6320892506364615
vn -0.29454415958350055 -0.6917651873329255 -0.6593213659889173
vn -0.14842934504301353 -0.6056098177846944 -0.7817963149906063
vn -0.15021090441210103 -0.603985378522982 -0.7827121736156586
vn -0.08618012037735118 -0.5578998305943541 -0.8254215685784666
vn 0.46720114889230296 -0.760159501261032 -0.4515314154256504
vn 0.4713477326118527 -0.7611580107872361 -0.44549949222876056
vn 0.47047912035323086 -0.761788947445539 -0.44533919304443403
vn 0.5952454852799903 -0.7699123682329155 -0.2300386000126333
vn 0.5914809604359994 -0.7729071844777725 -0.22970580668400734
vn 0.6830926560492416 -0.730331721378438 1.393034286092034e-14
vn 0.6762470596364162 -0.7366749041016 -6.776263571395855e-17
vn 0.11731661877940783 -0.5808536421108582 -0.8055096879645324
vn 0.29294672671490146 -0.6909285202607124 -0.6609084620409752
vn 0.3165734624864147 -0.7069517783741003 -0.632455868739519
vn 0.319878526832557 -0.7045669141358448 -0.6334533854803571
vn 0.47047912035323086 -0.761788947445539 -0.44533919304443403
vn 0.40704418723096797 -0.7417607632715457 -0.533015946958714
vn 0.46720114889230296 -0.760159501261032 -0.4515314154256504
vn -0.008673882070167623 -0.4820573604751793 -0.876096721248023
vn 0.14906556759523834 -0.6050329745651699 -0.7821218295421322
vn -0.02752517369193573 -0.4659383925472829 -0.8843889298061588
vn -0.2029142369602731 -0.2991194114016072 -0.9323912216240489
vn -0.10037374581990804 -0.40039554579505915 -0.9108284789451617
vn -0.027512404357252253 -0.4663001476518821 -0.8841986427869679
vn -0.04026077720964046 -0.45485392588219153 -0.8896555377942822
vn -0.02752517369193573 -0.4659383925472829 -0.8843889298061588
vn -0.3655103680461667 -0.11392170740712819 -0.9238095125252829
vn -0.35018092131475603 -0.13287295301531243 -0.927209847178156
vn -0.20241636114344413 -0.2991947244987135 -0.9324752723657532
vn -0.35018092131475603 -0.13287295301531243 -0.927209847178156
vn -0.2931225059610346 -0.2005062887865695 -0.9348135774881321
vn -0.20241636114344413 -0.2991947244987135 -0.9324752723657532
vn -0.23794363426636145 -0.2619517444193987 -0.9352882499570655
vn -0.2029142369602731 -0.2991194114016072 -0.9323912216240489
vn -0.08618012037735118 -0.5578998305943541 -0.8254215685784666
vn -0.0006069989182260427 -0.4898660485651522 -0.8717975028729307
vn 0.027499746082403336 -0.46661799384499364 -0.8840313409520485
vn 0.10037374581990804 -0.40039554579505915 -0.9108284789451617
vn 0.20175900581705156 -0.29929231894760017 -0.9325864096107571
vn 0.2029142369602731 -0.2991194114016072 -0.9323912216240489
vn 0.23794363426636145 -0.2619517444193987 -0.9352882499570655
vn 0.3655103680461667 -0.11392170740712819 -0.9238095125252829
vn 0.3637671227502813 -0.11379309915329966 -0.9245131751311441
vn 0.35018092131475603 -0.13287295301531243 -0.927209847178156
vn 0.20175900581705156 -0.29929231894760017 -0.9325864096107571
vn 0.2931225059610346 -0.2005062887865695 -0.9348135774881321
vn 0.23794363426636145 -0.2619517444193987 -0.9352882499570655
vn 0.5847821422886323 -0.7781592856641277 -0.2291243596718001
vn 0.6691634612047634 -0.743115241526145 1.355252706908011e-16
vn 0.6256144156220493 -0.7801324265571081 0
vn -0.3655103680461667 -0.11392170740712819 -0.9238095125252829
vn -0.20241636114344413 -0.2991947244987135 -0.9324752723657532
vn -0.3650040367996858 -0.11388442788563859 -0.9240142803036621
vn -0.1890368650044051 -0.30080840618904087 -0.9347616629041411
vn -0.33999760895431935 -0.11197390808679906 -0.9337362956494273
vn -0.33999760895431935 -0.11197390808679906 -0.9337362956494273
vn -0.1890368650044051 -0.30080840618904087 -0.9347616629041411
vn -0.3337631179564592 -0.10793091207932412 -0.9364577402689926
vn -0.183642232795347 -0.3012605813942174 -0.9356909705837486
vn -0.3300096968213276 -0.11117461999854075 -0.9374080242200167
vn 0.5847821422886323 -0.7781592856641277 -0.2291243596718001
vn 0.6256144156220493 -0.7801324265571081 0
vn 0.5440570789008353 -0.8080752606196706 -0.22586781105846296
vn 0.6231638059046885 -0.782090468268057 -0.001170664185615104
vn 0.5278833988938627 -0.8190541684079663 -0.2246984343198633
vn 0.6081011807061795 -0.7938595304106076 0
vn 0.5622453023452233 -0.826970507328241 0
vn 0.5166022612289716 -0.856198700693675 -0.006774114228139315
vn 0.4432282062411159 -0.8690983481729495 -0.21958328350613
vn 0.5622453023452233 -0.826970507328241 0
vn 0.4860161162925581 -0.8452918983038412 -0.22196833415103898
vn 0.5278833988938627 -0.8190541684079663 -0.2246984343198633
vn -0.3300096968213276 -0.11117461999854075 -0.9374080242200167
vn -0.183642232795347 -0.3012605813942174 -0.9356909705837486
vn -0.34802519400806425 -0.07334824467214124 -0.9346114162255695
vn -0.16949108484024153 -0.3020019276174879 -0.9381191863910467
vn -0.30402159637657067 -0.10900109987258608 -0.94640880657526
vn -0.1548498378466925 -0.30220767007851784 -0.9405806992834621
vn -0.2773540066103192 -0.10662847934624992 -0.954832510134374
vn -0.2773540066103192 -0.10662847934624992 -0.954832510134374
vn -0.1548498378466925 -0.30220767007851784 -0.9405806992834621
vn -0.27882415386944215 -0.09645798916785392 -0.9554857128940673
vn -0.1477462032388222 -0.30213444997418426 -0.941746161960488
vn -0.2644808258958006 -0.10543455050234612 -0.9586101649230742
vn -0.13269454499455463 -0.30165902368141134 -0.9441366379715735
vn -0.23733153513911454 -0.10281954521446279 -0.9659719890092063
vn 0.5166022612289716 -0.856198700693675 -0.006774114228139315
vn 0.5146937518521246 -0.8573740967654573 0
vn 0.4432282062411159 -0.8690983481729495 -0.21958328350613
vn 0.49157604723244624 -0.8708346512325539 0
vn 0.4226251962787501 -0.8795544163383539 -0.21856800353676162
vn 0.44253711726676787 -0.8967501880909862 0
vn 0.37929432832860205 -0.8995445788527681 -0.2166918622245669
vn 0.3997490079523675 -0.9163594180603162 -0.022048754460433855
vn 0.3352775283963753 -0.9172310255703783 -0.21511909418628988
vn -0.23733153513911454 -0.10281954521446279 -0.9659719890092063
vn -0.13269454499455463 -0.30165902368141134 -0.9441366379715735
vn -0.24814879674872548 -0.052448354197777894 -0.9673010621384142
vn -0.11725768982056764 -0.3007777875458512 -0.9464583227469483
vn -0.2096460732633277 -0.10002300014392942 -0.9726478928201483
vn -0.1085345132711085 -0.30012216712502504 -0.9477061486711914
vn -0.19403225353431025 -0.098383047548342 -0.9760493125572589
vn 0.3997490079523675 -0.9163594180603162 -0.022048754460433855
vn 0.3922051768775942 -0.9198777632003151 0
vn 0.3352775283963753 -0.9172310255703783 -0.21511909418628988
vn 0.3636252311904516 -0.9315453243088553 0
vn 0.31045055104062136 -0.9261024509186765 -0.21437048715015553
vn 0.3122928506108854 -0.9499858817147375 0
vn 0.2661102337172666 -0.9400547470981848 -0.21326606848983207
vn 0.27887833917249033 -0.9597578919662524 -0.03304028978215957
vn 0.22123933962609302 -0.9518008074681579 -0.21243440753506188
vn -0.19403225353431025 -0.098383047548342 -0.9760493125572589
vn -0.1085345132711085 -0.30012216712502504 -0.9477061486711914
vn -0.19634844520602482 -0.04603049568588142 -0.9794531543326044
vn -0.0929501127832245 -0.29869443070695106 -0.9498115147745032
vn -0.16616964355237127 -0.09534719594994878 -0.9814767250353724
vn -0.07716173027042388 -0.2969416415896319 -0.9517729397664807
vn -0.13798522673909375 -0.0921424161884903 -0.9861388605773063
vn -0.13798522673909375 -0.0921424161884903 -0.9861388605773063
vn -0.07716173027042388 -0.2969416415896319 -0.9517729397664807
vn -0.1366700343677214 -0.07192961674980149 -0.9880017368102916
vn -0.06729393586104881 -0.2957018374541844 -0.9529071043509689
vn -0.12039316481457046 -0.09007757928981634 -0.9886311322101983
vn -0.05148774506793946 -0.2934821615242958 -0.9545769916433384
vn -0.09217491106212605 -0.08664751151862543 -0.9919657224512947
vn 0.27887833917249033 -0.9597578919662524 -0.03304028978215957
vn 0.2600257959136293 -0.9656016701826294 0
vn 0.22123933962609302 -0.9518008074681579 -0.21243440753506188
vn 0.22727545880017358 -0.9738305118587991 0
vn 0.1932394771015546 -0.9579622589084675 -0.21205380212697003
vn 0.1744051864822831 -0.984673971895307 0
vn 0.14816416685589068 -0.9660481139911591 -0.21165637508476873
vn 0.156910228855301 -0.987230260842454 -0.027488036625363872
vn 0.10267725383704698 -0.9719664262119168 -0.21151512442687728
vn -0.09217491106212605 -0.08664751151862543 -0.9919657224512947
vn -0.05148774506793946 -0.2934821615242958 -0.9545769916433384
vn -0.09223804602497952 -0.04715535034245703 -0.9946197845405922
vn -0.03566813381281779 -0.290974729063234 -0.95606563126016
vn -0.06385622928625576 -0.083059758078252 -0.9944965854990773
vn -0.025448260683083968 -0.2892050726537242 -0.956928843738948
vn -0.04552227531108375 -0.08066314281469819 -0.9957013507280973
vn -0.017096098012783962 -0.07708269132409955 -0.9968781179918491
vn -0.01957402037500132 -0.06320123476843462 -0.9978088302125334
vn -0.009541797605050502 -0.28643575771126056 -0.9580519353369318
vn -0.03272430218959958 -0.025030778665544075 -0.9991509296225474
vn -0.025448260683083968 -0.2892050726537242 -0.956928843738948
vn -0.043189905176136155 -0.04871515511181721 -0.9978784824583141
vn -0.04552227531108375 -0.08066314281469819 -0.9957013507280973
vn 0.156910228855301 -0.987230260842454 -0.027488036625363872
vn 0.12093179648863653 -0.9926608185065184 0
vn 0.10267725383704698 -0.9719664262119168 -0.21151512442687728
vn 0.08613525169021836 -0.9962834528467601 0
vn 0.07310892074554176 -0.974626982108731 -0.2115592859059838
vn 0.03242125381405217 -0.9994742929666199 0
vn 0.027526163957055257 -0.9769245219194855 -0.21180365617758865
vn 0.03203459002181742 -0.9994863612378936 -0.0008937234296280391
vn -0.018224749876011432 -0.9771322694784619 -0.2118499148827472
vn 0.005117935598337972 -0.036998666853032186 -0.9993022092371805
vn 0.006482935797603908 -0.28604149030251375 -0.9581953023100045
vn 0.009800786807203716 -0.062177507314649556 -0.9980169849066178
vn 0.011500132262374884 -0.07658309484306014 -0.9969968789029416
vn 0.005117935598337972 -0.036998666853032186 -0.9993022092371805
vn -8.373854095419889e-7 -0.024127678807332513 -0.9997088851834163
vn 0.006482935797603908 -0.28604149030251375 -0.9581953023100045
vn -0.0052480054974310434 -0.022872062380393552 -0.9997246256848764
vn -0.009541797605050502 -0.28643575771126056 -0.9580519353369318
vn -0.010335048908841833 -0.03330257242430992 -0.9993918778106892
vn -0.014804028299960524 -0.0562617046084911 -0.9983062963543008
vn 0.032550845875449985 -0.07893382153553406 -0.996348279594334
vn 0.03048908249820877 -0.06360930765584465 -0.9975090334568213
vn 0.018227364736004295 -0.28788420349618316 -0.9574917485556462
vn 0.02010581414820557 -0.04912704873489141 -0.9985901508226672
vn 0.006482935797603908 -0.28604149030251375 -0.9581953023100045
vn 0.014624548865782705 -0.0627122810410907 -0.9979244923224879
vn 0.011500132262374884 -0.07658309484306014 -0.9969968789029416
vn 0.03203459002181742 -0.9994863612378936 -0.0008937234296280391
vn -0.021505346507009023 -0.999768733293662 0
vn -0.018224749876011432 -0.9771322694784619 -0.2118499148827472
vn -0.06145092414458149 -0.9981101061114335 0
vn -0.05213962076656363 -0.9759527954517774 -0.21165443769545741
vn -0.09415937119773916 -0.9950621623400324 -0.03138958258444183
vn -0.09760761471019504 -0.9724886030603672 -0.21151517786740953
vn 0.032550845875449985 -0.07893382153553406 -0.996348279594334
vn 0.018227364736004295 -0.28788420349618316 -0.9574917485556462
vn 0.04426806408488963 -0.035182919261062526 -0.9983999702997021
vn 0.03391253596604267 -0.2906790691665592 -0.9562194406373541
vn 0.06070890252182635 -0.08265238220624947 -0.9947276073731077
vn 0.06070890252182635 -0.08265238220624947 -0.9947276073731077
vn 0.03391253596604267 -0.2906790691665592 -0.9562194406373541
vn 0.08933988773233716 -0.0642228783753093 -0.9939284714470975
vn 0.04960199703356442 -0.2931981316979281 -0.9547641056612501
vn 0.08880323139236003 -0.08622781900913427 -0.9923098051129008
vn 0.06531582055571221 -0.2954399300319396 -0.9531259577452796
vn 0.11686587071957684 -0.08965702154120785 -0.9890925066692775
vn -0.09415937119773916 -0.9950621623400324 -0.03138958258444183
vn -0.11496716860823525 -0.9933692919263237 0
vn -0.09760761471019504 -0.9724886030603672 -0.21151517786740953
vn -0.16805860161261998 -0.9857770064390884 0
vn -0.1427610931014848 -0.9668679612840201 -0.2116261225344162
vn -0.22069214124729564 -0.9753435183522182 0
vn -0.1876194915653018 -0.9590929107318716 -0.21198989355307413
vn -0.22195010196626347 -0.9750485556152961 -0.004297258392277319
vn -0.2322099703475588 -0.9491441444446164 -0.2126121415575392
vn 0.11686587071957684 -0.08965702154120785 -0.9890925066692775
vn 0.06531582055571221 -0.2954399300319396 -0.9531259577452796
vn 0.14522117504098858 -0.03928668086524062 -0.9886189190109135
vn 0.08102454084210675 -0.29739733939946006 -0.9513095428405247
vn 0.1448765829206149 -0.09293793046255427 -0.985075284839988
vn 0.08309071336727429 -0.2976341185122674 -0.9510572353173825
vn 0.14856387286977454 -0.09336045140686408 -0.9844859581482308
vn 0.09871404392181429 -0.2992591491420785 -0.9490518948863447
vn 0.17646999615556105 -0.09648535377885259 -0.9795656777179498
vn -0.3818983388879023 -0.9242043382037658 0
vn -0.32631149493150424 -0.920524645632818 -0.21483757831939326
vn -0.3404659028101441 -0.9399418221793795 -0.024338034879201623
vn -0.28250634334233143 -0.9351726063121356 -0.21364073201220818
vn -0.33131455987946 -0.943520356119506 0
vn -0.238080355331457 -0.9476658216772191 -0.21271397422381208
vn -0.27967653058075415 -0.9600942861210624 0
vn -0.2322099703475588 -0.9491441444446164 -0.2126121415575392
vn -0.2728310852069033 -0.962061951718715 0
vn -0.22195010196626347 -0.9750485556152961 -0.004297258392277319
vn 0.46481904090720144 -0.765855247853326 -0.4443073244339214
vn 0.5440570789008353 -0.8080752606196706 -0.22586781105846296
vn 0.430700368572824 -0.7887871390755641 -0.43853396874155637
vn 0.5278833988938627 -0.8190541684079663 -0.2246984343198633
vn 0.4172811226967507 -0.7971048387217442 -0.4364634471835201
vn 0.4860161162925581 -0.8452918983038412 -0.22196833415103898
vn 0.3828536376534718 -0.8167701586470802 -0.4316359578152953
vn 0.4432282062411159 -0.8690983481729495 -0.21958328350613
vn 0.34806697887668075 -0.8343592124772393 -0.42742728360508436
vn 0.4226251962787501 -0.8795544163383539 -0.21856800353676162
vn 0.331443303507163 -0.842007680682885 -0.42563881664069064
vn 0.37929432832860205 -0.8995445788527681 -0.2166918622245669
vn 0.29672163971486826 -0.8564956259380112 -0.4223405157855142
vn 0.3352775283963753 -0.9172310255703783 -0.21511909418628988
vn 0.2617456040839509 -0.8691593481355443 -0.41958463543285646
vn 0.31045055104062136 -0.9261024509186765 -0.21437048715015553
vn 0.24212222710254191 -0.87545476242693 -0.4182771641948822
vn 0.2661102337172666 -0.9400547470981848 -0.21326606848983207
vn 0.20723046666314354 -0.8852699528823906 -0.41635639086026477
vn 0.22123933962609302 -0.9518008074681579 -0.21243440753506188
vn 0.1720937307567023 -0.8934335532704387 -0.41492196100567813
vn 0.1932394771015546 -0.9579622589084675 -0.21205380212697003
vn 0.1502416298942467 -0.8976665235095579 -0.4142731770426187
vn 0.14816416685589068 -0.9660481139911591 -0.21165637508476873
vn 0.11513219662969677 -0.9031444701063267 -0.4136117060910913
vn 0.10267725383704698 -0.9719664262119168 -0.21151512442687728
vn 0.07975087821932199 -0.9070474234769087 -0.4134063001299673
vn 0.07310892074554176 -0.974626982108731 -0.2115592859059838
vn 0.05676373070554589 -0.9087263307672039 -0.41351461237393117
vn 0.027526163957055257 -0.9769245219194855 -0.21180365617758865
vn 0.021381569515584734 -0.9100289723475765 -0.41399287188677997
vn -0.018224749876011432 -0.9771322694784619 -0.2118499148827472
vn -0.014116687197688424 -0.9101305284428127 -0.4140810794264443
vn -0.05213962076656363 -0.9759527954517774 -0.21165443769545741
vn -0.04046247114338708 -0.9095113783265463 -0.41370501703933515
vn -0.09760761471019504 -0.9724886030603672 -0.21151517786740953
vn -0.0758092537725725 -0.9073830071003685 -0.413411460252299
vn -0.1427610931014848 -0.9668679612840201 -0.2116261225344162
vn -0.11092753796725739 -0.9036926699145879 -0.4135633441967101
vn -0.1876194915653018 -0.9590929107318716 -0.21198989355307413
vn -0.14586049756405062 -0.898438599868176 -0.4141651814400615
vn -0.2322099703475588 -0.9491441444446164 -0.2126121415575392
vn -0.18067013049648137 -0.8915967504334141 -0.41522709276125086
vn -0.238080355331457 -0.9476658216772191 -0.21271397422381208
vn -0.18526300976303892 -0.8905720205262628 -0.415402327231456
vn -0.28250634334233143 -0.9351726063121356 -0.21364073201220818
vn -0.22011122043968614 -0.8818483923252193 -0.41700655101566203
vn -0.32631149493150424 -0.920524645632818 -0.21483757831939326
vn -0.25465098647991713 -0.871501169122165 -0.41909257605391276
vn 0.6762470596364162 -0.7366749041016 -6.776263571395855e-17
vn 0.6691634612047634 -0.743115241526145 1.355252706908011e-16
vn 0.5914809604359994 -0.7729071844777725 -0.22970580668400734
vn 0.5847821422886323 -0.7781592856641277 -0.2291243596718001
vn 0.47047912035323086 -0.761788947445539 -0.44533919304443403
vn 0.46481904090720144 -0.765855247853326 -0.4443073244339214
vn 0.3165734624864147 -0.7069517783741003 -0.632455868739519
vn 0.430700368572824 -0.7887871390755641 -0.43853396874155637
vn 0.29216978072209926 -0.7233954697335215 -0.625568392425495
vn 0.4172811226967507 -0.7971048387217442 -0.4364634471835201
vn 0.28266057379791526 -0.7292748691637687 -0.6231060625819663
vn 0.3828536376534718 -0.8167701586470802 -0.4316359578152953
vn 0.25847473135813576 -0.7429858868328153 -0.617383823254703
vn 0.34806697887668075 -0.8343592124772393 -0.42742728360508436
vn 0.23429754087178237 -0.755013873793444 -0.6124203725553654
vn 0.331443303507163 -0.842007680682885 -0.42563881664069064
vn 0.2228267817281456 -0.7601694561550614 -0.6103200990247623
vn 0.29672163971486826 -0.8564956259380112 -0.4223405157855142
vn 0.19902715190407205 -0.7697972695316553 -0.6064654620228273
vn 0.2617456040839509 -0.8691593481355443 -0.41958463543285646
vn 0.1752509925541614 -0.7780434505909519 -0.6032706512016861
vn 0.24212222710254191 -0.87545476242693 -0.4182771641948822
vn 0.16197546915241734 -0.7820744916745461 -0.6017669290222374
vn 0.20723046666314354 -0.8852699528823906 -0.41635639086026477
vn 0.13846291823031573 -0.7882455117364869 -0.5995807147519245
vn 0.1720937307567023 -0.8934335532704387 -0.41492196100567813
vn 0.11489015053172016 -0.7932328568407331 -0.5979815115361743
vn 0.1502416298942467 -0.8976665235095579 -0.4142731770426187
vn 0.1002760149419648 -0.7957396447195867 -0.597279782554964
vn 0.11513219662969677 -0.9031444701063267 -0.4136117060910913
vn 0.07682326254140336 -0.7988461662922531 -0.596609578311197
vn 0.07975087821932199 -0.9070474234769087 -0.4134063001299673
vn 0.05319582632492656 -0.8008576573683441 -0.5964873986062874
vn 0.05676373070554589 -0.9087263307672039 -0.41351461237393117
vn 0.037841692437003006 -0.8015731545595726 -0.5966979840781425
vn 0.021381569515584734 -0.9100289723475765 -0.41399287188677997
vn 0.014266397792311898 -0.8018242710207828 -0.5973895783289342
vn -0.014116687197688424 -0.9101305284428127 -0.4140810794264443
vn -0.009367675729222954 -0.801805633292032 -0.597511483632403
vn -0.04046247114338708 -0.9095113783265463 -0.41370501703933515
vn -0.026949323577178472 -0.801800664175419 -0.5969836085577137
vn -0.0758092537725725 -0.9073830071003685 -0.413411460252299
vn -0.0505633866097801 -0.8010132160220812 -0.5965074783206935
vn -0.11092753796725739 -0.9036926699145879 -0.4135633441967101
vn -0.0740153725589765 -0.7991435045936591 -0.5965663279893696
vn -0.14586049756405062 -0.898438599868176 -0.4141651814400615
vn -0.09734852184402021 -0.7961887380827866 -0.5971656040370411
vn -0.18067013049648137 -0.8915967504334141 -0.41522709276125086
vn -0.12063501868101853 -0.79212570800026 -0.598317687347547
vn -0.18526300976303892 -0.8905720205262628 -0.415402327231456
vn -0.12371384415477509 -0.7915038506780483 -0.5985119373297995
vn -0.22011122043968614 -0.8818483923252193 -0.41700655101566203
vn -0.14712998203024358 -0.7861123048708898 -0.6003167601511367
vn -0.25465098647991713 -0.871501169122165 -0.41909257605391276
vn -0.1704467212996932 -0.7795487532528355 -0.6027036224382051
vn 0.11731661877940783 -0.5808536421108582 -0.8055096879645324
vn 0.3165734624864147 -0.7069517783741003 -0.632455868739519
vn 0.14906556759523834 -0.6050329745651699 -0.7821218295421322
vn 0.29216978072209926 -0.7233954697335215 -0.625568392425495
vn 0.13656225841557879 -0.6157223600773238 -0.7760391258675344
vn 0.28266057379791526 -0.7292748691637687 -0.6231060625819663
vn 0.13177031490012364 -0.6194685796938306 -0.7738832359492165
vn 0.25847473135813576 -0.7429858868328153 -0.617383823254703
vn 0.11977206171275753 -0.6280279159921767 -0.7689184546930832
vn 0.23429754087178237 -0.755013873793444 -0.6124203725553654
vn 0.10800216923619396 -0.6353043218725901 -0.7646724462475974
vn 0.2228267817281456 -0.7601694561550614 -0.6103200990247623
vn 0.10248906442866003 -0.6383446031796811 -0.7628972140884468
vn 0.19902715190407205 -0.7697972695316553 -0.6064654620228273
vn 0.09118969683803956 -0.6438678464428678 -0.7596832468256821
vn 0.1752509925541614 -0.7780434505909519 -0.6032706512016861
vn 0.08007724675204235 -0.6483957245978463 -0.7570803252468304
vn 0.16197546915241734 -0.7820744916745461 -0.6017669290222374
vn 0.07392237428382108 -0.6505196772345715 -0.7558833455705131
vn 0.13846291823031573 -0.7882455117364869 -0.5995807147519245
vn 0.0630887825999916 -0.6536107707858639 -0.7541967686371771
vn 0.11489015053172016 -0.7932328568407331 -0.5979815115361743
vn 0.05230703366437476 -0.6558904254373749 -0.7530416482830238
vn 0.1002760149419648 -0.7957396447195867 -0.597279782554964
vn 0.04565988852829203 -0.6569086908222879 -0.7525863050187214
vn 0.07682326254140336 -0.7988461662922531 -0.596609578311197
vn 0.034993228149514416 -0.657933603668722 -0.7522624855375716
vn 0.05319582632492656 -0.8008576573683441 -0.5964873986062874
vn 0.02422036071246607 -0.6582287027159065 -0.7524283015994899
vn 0.037841692437003006 -0.8015731545595726 -0.5966979840781425
vn 0.01720179598857321 -0.6580316949464833 -0.7527937211883652
vn 0.014266397792311898 -0.8018242710207828 -0.5973895783289342
vn 0.006503627230371595 -0.6572221578695209 -0.7536688517102049
vn -0.009367675729222954 -0.801805633292032 -0.597511483632403
vn -0.004193338055883701 -0.6570758750660202 -0.7538127820103431
vn -0.026949323577178472 -0.801800664175419 -0.5969836085577137
vn -0.012213346314735387 -0.6577080362384458 -0.7531739329259632
vn -0.0505633866097801 -0.8010132160220812 -0.5965074783206935
vn -0.023018101073611304 -0.6582165315655041 -0.752476687078638
vn -0.0740153725589765 -0.7991435045936591 -0.5965663279893696
vn -0.0337145522028017 -0.6580070398524611 -0.7522566480094187
vn -0.09734852184402021 -0.7961887380827866 -0.5971656040370411
vn -0.04432953065466866 -0.6570772404711875 -0.7525186992804273
vn -0.12063501868101853 -0.79212570800026 -0.598317687347547
vn -0.05492754918658667 -0.6554082504429838 -0.7532748433285305
vn -0.12371384415477509 -0.7915038506780483 -0.5985119373297995
vn -0.05633381700736718 -0.655130558953655 -0.7534125375824668
vn -0.14712998203024358 -0.7861123048708898 -0.6003167601511367
vn -0.06707263856706513 -0.652568709486756 -0.7547551527180465
vn -0.1704467212996932 -0.7795487532528355 -0.6027036224382051
vn -0.07784649674454912 -0.6491968585649094 -0.7566263025920086
vn -0.02752517369193573 -0.4659383925472829 -0.8843889298061588
vn 0.14906556759523834 -0.6050329745651699 -0.7821218295421322
vn -0.027512404357252253 -0.4663001476518821 -0.8841986427869679
vn 0.13656225841557879 -0.6157223600773238 -0.7760391258675344
vn -0.027027148054880136 -0.47206102581671877 -0.8811514745904286
vn 0.13177031490012364 -0.6194685796938306 -0.7738832359492165
vn -0.026704503848941845 -0.47400627650701455 -0.8801164237225306
vn 0.11977206171275753 -0.6280279159921767 -0.7689184546930832
vn -0.025567955876606978 -0.4782668576790156 -0.8778422936257585
vn 0.10800216923619396 -0.6353043218725901 -0.7646724462475974
vn -0.02406717127888875 -0.48163036234202655 -0.8760439288853734
vn 0.10248906442866003 -0.6383446031796811 -0.7628972140884468
vn -0.023239805952996885 -0.4829414415930252 -0.8753442039628284
vn 0.09118969683803956 -0.6438678464428678 -0.7596832468256821
vn -0.021295048028513716 -0.485125088548251 -0.8741854319253523
vn 0.08007724675204235 -0.6483957245978463 -0.7570803252468304
vn -0.01906224100733418 -0.4866368336756371 -0.8733963722605724
vn 0.07392237428382108 -0.6505196772345715 -0.7558833455705131
vn -0.017739006919588664 -0.4872117846006171 -0.8731036619896796
vn 0.0630887825999916 -0.6536107707858639 -0.7541967686371771
vn -0.015295574498192199 -0.4877897817078068 -0.8728271159068219
vn 0.05230703366437476 -0.6558904254373749 -0.7530416482830238
vn -0.01272526741674457 -0.4878370707225011 -0.8728419444538982
vn 0.04565988852829203 -0.6569086908222879 -0.7525863050187214
vn -0.011073806170594584 -0.4876122705536143 -0.872990059750078
vn 0.034993228149514416 -0.657933603668722 -0.7522624855375716
vn -0.008440693600912355 -0.4868653576527562 -0.8734362473639328
vn 0.02422036071246607 -0.6582287027159065 -0.7524283015994899
vn -0.0058571382864205795 -0.4856502891710139 -0.8741335656289628
vn 0.01720179598857321 -0.6580316949464833 -0.7527937211883652
vn -0.004218995113463053 -0.48461827727518336 -0.8747155682912395
vn 0.006503627230371595 -0.6572221578695209 -0.7536688517102049
vn -0.0015543643609045724 -0.482786572972594 -0.875736666417943
vn -0.004193338055883701 -0.6570758750660202 -0.7538127820103431
vn 0.001171391478697182 -0.4825126020752146 -0.8758882444014242
vn -0.012213346314735387 -0.6577080362384458 -0.7531739329259632
vn 0.0030768153652963887 -0.4837717549271717 -0.8751887923996128
vn -0.023018101073611304 -0.6582165315655041 -0.752476687078638
vn 0.0055739572888204025 -0.48548681080865086 -0.8742262221707765
vn -0.0337145522028017 -0.6580070398524611 -0.7522566480094187
vn 0.008129828607808136 -0.4867449401780538 -0.8735063074173366
vn -0.04432953065466866 -0.6570772404711875 -0.7525186992804273
vn 0.010741805630177282 -0.48754465454866036 -0.8730319715983093
vn -0.05492754918658667 -0.6554082504429838 -0.7532748433285305
vn 0.013362659177928234 -0.4878728999115173 -0.8728123927119855
vn -0.05633381700736718 -0.655130558953655 -0.7534125375824668
vn 0.0137013338323596 -0.48787969949039306 -0.8728033411235191
vn -0.06707263856706513 -0.652568709486756 -0.7547551527180465
vn 0.016210524087811363 -0.48764025330257577 -0.8728941529577332
vn -0.07784649674454912 -0.6491968585649094 -0.7566263025920086
vn 0.018588339431378702 -0.48686637221090706 -0.8732786549821163
vn -0.2029142369602731 -0.2991194114016072 -0.9323912216240489
vn -0.027512404357252253 -0.4663001476518821 -0.8841986427869679
vn -0.20241636114344413 -0.2991947244987135 -0.9324752723657532
vn -0.027027148054880136 -0.47206102581671877 -0.8811514745904286
vn -0.1890368650044051 -0.30080840618904087 -0.9347616629041411
vn -0.026704503848941845 -0.47400627650701455 -0.8801164237225306
vn -0.183642232795347 -0.3012605813942174 -0.9356909705837486
vn -0.025567955876606978 -0.4782668576790156 -0.8778422936257585
vn -0.16949108484024153 -0.3020019276174879 -0.9381191863910467
vn -0.02406717127888875 -0.48163036234202655 -0.8760439288853734
vn -0.1548498378466925 -0.30220767007851784 -0.9405806992834621
vn -0.023239805952996885 -0.4829414415930252 -0.8753442039628284
vn -0.1477462032388222 -0.30213444997418426 -0.941746161960488
vn -0.021295048028513716 -0.485125088548251 -0.8741854319253523
vn -0.13269454499455463 -0.30165902368141134 -0.9441366379715735
vn -0.01906224100733418 -0.4866368336756371 -0.8733963722605724
vn -0.11725768982056764 -0.3007777875458512 -0.9464583227469483
vn -0.017739006919588664 -0.4872117846006171 -0.8731036619896796
vn -0.1085345132711085 -0.30012216712502504 -0.9477061486711914
vn -0.015295574498192199 -0.4877897817078068 -0.8728271159068219
vn -0.0929501127832245 -0.29869443070695106 -0.9498115147745032
vn -0.01272526741674457 -0.4878370707225011 -0.8728419444538982
vn -0.07716173027042388 -0.2969416415896319 -0.9517729397664807
vn -0.011073806170594584 -0.4876122705536143 -0.872990059750078
vn -0.06729393586104881 -0.2957018374541844 -0.9529071043509689
vn -0.008440693600912355 -0.4868653576527562 -0.8734362473639328
vn -0.05148774506793946 -0.2934821615242958 -0.9545769916433384
vn -0.0058571382864205795 -0.4856502891710139 -0.8741335656289628
vn -0.03566813381281779 -0.290974729063234 -0.95606563126016
vn -0.004218995113463053 -0.48461827727518336 -0.8747155682912395
vn -0.025448260683083968 -0.2892050726537242 -0.956928843738948
vn -0.0015543643609045724 -0.482786572972594 -0.875736666417943
vn -0.009541797605050502 -0.28643575771126056 -0.9580519353369318
vn 0.001171391478697182 -0.4825126020752146 -0.8758882444014242
vn 0.006482935797603908 -0.28604149030251375 -0.9581953023100045
vn 0.0030768153652963887 -0.4837717549271717 -0.8751887923996128
vn 0.018227364736004295 -0.28788420349618316 -0.9574917485556462
vn 0.0055739572888204025 -0.48548681080865086 -0.8742262221707765
vn 0.03391253596604267 -0.2906790691665592 -0.9562194406373541
vn 0.008129828607808136 -0.4867449401780538 -0.8735063074173366
vn 0.04960199703356442 -0.2931981316979281 -0.9547641056612501
vn 0.010741805630177282 -0.48754465454866036 -0.8730319715983093
vn 0.06531582055571221 -0.2954399300319396 -0.9531259577452796
vn 0.013362659177928234 -0.4878728999115173 -0.8728123927119855
vn 0.08102454084210675 -0.29739733939946006 -0.9513095428405247
vn 0.0137013338323596 -0.48787969949039306 -0.8728033411235191
vn 0.08309071336727429 -0.2976341185122674 -0.9510572353173825
vn 0.016210524087811363 -0.48764025330257577 -0.8728941529577332
vn 0.09871404392181429 -0.2992591491420785 -0.9490518948863447
vn 0.018588339431378702 -0.48686637221090706 -0.8732786549821163
vn 0.11410753987521792 -0.3005535553453716 -0.9469144785633401
vn 0.11410753987521792 -0.3005535553453716 -0.9469144785633401
vn 0.204005976869229 -0.09943586847127965 -0.9739066020224906
vn 0.09871404392181429 -0.2992591491420785 -0.9490518948863447
vn 0.1823345293509002 -0.08500291499301815 -0.9795553194429989
vn 0.17646999615556105 -0.09648535377885259 -0.9795656777179498
vn 0.23261534662065975 -0.1023524381324079 -0.9671680717046556
vn 0.24389557056661632 -0.06168997165391164 -0.9678374336919007
vn 0.1300704357038911 -0.30153567220947847 -0.94454111617281
vn 0.11410753987521792 -0.3005535553453716 -0.9469144785633401
vn 0.020930751998599725 -0.4854305945582998 -0.8740246229297828
vn 0.018588339431378702 -0.48686637221090706 -0.8732786549821163
vn -0.08927014621794661 -0.6447135319591596 -0.7591938505434381
vn -0.07784649674454912 -0.6491968585649094 -0.7566263025920086
vn -0.19494491528183558 -0.7713085895320977 -0.6058708936066856
vn -0.1704467212996932 -0.7795487532528355 -0.6027036224382051
vn -0.29073571430989203 -0.858797230679166 -0.42182942168904247
vn -0.25465098647991713 -0.871501169122165 -0.41909257605391276
vn -0.37178581943080924 -0.9027436373197675 -0.216400623263515
vn -0.32631149493150424 -0.920524645632818 -0.21483757831939326
vn -0.4339858375183912 -0.9009196927770315 0
vn -0.3818983388879023 -0.9242043382037658 0
vn 0.2624130191465237 -0.10523994781209484 -0.9591996459376503
vn 0.23261534662065975 -0.1023524381324079 -0.9671680717046556
vn 0.14660312401320436 -0.30211314900996206 -0.9419316160023793
vn 0.1300704357038911 -0.30153567220947847 -0.94454111617281
vn 0.023101065560440878 -0.4831346922294264 -0.8752412295672262
vn 0.020930751998599725 -0.4854305945582998 -0.8740246229297828
vn -0.10161308851856515 -0.6388065756902835 -0.762627654295707
vn -0.08927014621794661 -0.6447135319591596 -0.7591938505434381
vn -0.22099567540650694 -0.7609608032496479 -0.6099996453845464
vn -0.19494491528183558 -0.7713085895320977 -0.6058708936066856
vn -0.3287828275247939 -0.8431880496215937 -0.42536544911421115
vn -0.29073571430989203 -0.858797230679166 -0.42182942168904247
vn -0.4193190057690866 -0.881173912805488 -0.21841269833022772
vn -0.37178581943080924 -0.9027436373197675 -0.216400623263515
vn -0.4540699492475203 -0.8903408188020118 -0.033372257420162046
vn -0.4339858375183912 -0.9009196927770315 0
vn -0.4878538463764006 -0.8729253258874733 0
vn -0.535190475425574 -0.8447314099841131 0
vn -0.4193190057690866 -0.881173912805488 -0.21841269833022772
vn -0.46160050862990765 -0.8592311672235757 -0.22056013171972455
vn -0.3287828275247939 -0.8431880496215937 -0.42536544911421115
vn -0.3629583408460465 -0.8270983077357507 -0.4291498947348614
vn -0.22099567540650694 -0.7609608032496479 -0.6099996453845464
vn -0.24461750067488253 -0.7500767518117185 -0.6144486510320903
vn -0.10161308851856515 -0.6388065756902835 -0.762627654295707
vn -0.1130006657407144 -0.632346673782904 -0.7663997218800728
vn 0.023101065560440878 -0.4831346922294264 -0.8752412295672262
vn 0.02474899815750364 -0.4802975433178106 -0.8767563840503677
vn 0.14660312401320436 -0.30211314900996206 -0.9419316160023793
vn 0.16115547385142948 -0.30218147609960627 -0.9395292804111983
vn 0.29962005899712363 -0.06043157291155736 -0.9521427651576183
vn 0.2888156435140172 -0.1076652691318618 -0.9513115756072497
vn 0.3145532654064115 -0.10989878487480888 -0.9428565640144868
vn 0.2888156435140172 -0.1076652691318618 -0.9513115756072497
vn 0.17524215366533075 -0.3017719947461489 -0.9371359830705823
vn 0.16115547385142948 -0.30218147609960627 -0.9395292804111983
vn 0.026072692376204794 -0.47666883925994646 -0.8786962116629563
vn 0.02474899815750364 -0.4802975433178106 -0.8767563840503677
vn -0.12456351206712286 -0.6247503601033467 -0.7708248303033849
vn -0.1130006657407144 -0.632346673782904 -0.7663997218800728
vn -0.2681923167879396 -0.7376861454701479 -0.6195902129612066
vn -0.24461750067488253 -0.7500767518117185 -0.6144486510320903
vn -0.3967338012116138 -0.8091229416047354 -0.433500122658672
vn -0.3629583408460465 -0.8270983077357507 -0.4291498947348614
vn -0.5029567508039451 -0.8350420044576985 -0.22302322213618794
vn -0.46160050862990765 -0.8592311672235757 -0.22056013171972455
vn -0.5684949810702853 -0.8225828488826606 -0.013073378369111547
vn -0.535190475425574 -0.8447314099841131 0
vn 0.3842890831343477 -0.07309760846410128 -0.9203144246509403
vn 0.33959992825999513 -0.11194246712662231 -0.9338847748943182
vn 0.1888225984131906 -0.30082836930058116 -0.9347985443679531
vn 0.3581147428257526 -0.07314281035548664 -0.9308082295855287
vn -0.5808855438420533 -0.8139852486103921 0
vn -0.6249182995691194 -0.7806901554801627 0
vn -0.5029567508039451 -0.8350420044576985 -0.22302322213618794
vn -0.5434120923504842 -0.8085225269170162 -0.22581988697852
vn -0.3967338012116138 -0.8091229416047354 -0.433500122658672
vn -0.43016385506253624 -0.7891270421836621 -0.43844904959664566
vn -0.2681923167879396 -0.7376861454701479 -0.6195902129612066
vn -0.29178864913972896 -0.7236366557213569 -0.6254673250695213
vn -0.12456351206712286 -0.6247503601033467 -0.7708248303033849
vn -0.13636932867033905 -0.6158768353973353 -0.7759504686634092
vn 0.026072692376204794 -0.47666883925994646 -0.8786962116629563
vn 0.027015661454820917 -0.47214209393863127 -0.8811083912705651
vn 0.17524215366533075 -0.3017719947461489 -0.9371359830705823
vn 0.1888225984131906 -0.30082836930058116 -0.9347985443679531
vn 0.3488645873855736 -0.07218899623883847 -0.9343887031050421
vn 0.3581147428257526 -0.07314281035548664 -0.9308082295855287
vn 0.3637671227502813 -0.11379309915329966 -0.9245131751311441
vn 0.3842890831343477 -0.07309760846410128 -0.9203144246509403
vn 0.20175900581705156 -0.29929231894760017 -0.9325864096107571
vn 0.1888225984131906 -0.30082836930058116 -0.9347985443679531
vn 0.027499746082403336 -0.46661799384499364 -0.8840313409520485
vn 0.027015661454820917 -0.47214209393863127 -0.8811083912705651
vn -0.14842934504301353 -0.6056098177846944 -0.7817963149906063
vn -0.13636932867033905 -0.6158768353973353 -0.7759504686634092
vn -0.31534555224928623 -0.7078279182869444 -0.6320892506364615
vn -0.29178864913972896 -0.7236366557213569 -0.6254673250695213
vn -0.46311339552223046 -0.7670654624065982 -0.44400062980903726
vn -0.43016385506253624 -0.7891270421836621 -0.43844904959664566
vn -0.5827602148361865 -0.7797254324368552 -0.22895148397693546
vn -0.5434120923504842 -0.8085225269170162 -0.22581988697852
vn -0.6670207933265597 -0.7450391004974214 0
vn -0.6249182995691194 -0.7806901554801627 0
vn -0.0045682509635380465 -0.0761642325998895 -0.9970848212442128
vn 0 0 -1
vn 0 0 -1
vn 0 0 -1
vn -0.17355333028297543 -0.06945729159488517 -0.9823720915172578
vn -0.13070332737855822 -0.07183413061260194 -0.988815704715143
vn 0 0 -1
vn -0.13070332737855822 -0.07183413061260194 -0.988815704715143
vn 0 0 -1
vn -0.12777145513757557 -0.07638564144222473 -0.9888577698706152
vn 0 0 -1
vn -0.12777145513757557 -0.07638564144222473 -0.9888577698706152
vn -0.11688165307651115 -0.0725409459386322 -0.9904930541585997
vn 0 0 -1
vn -0.08893962100539382 -0.07385729912055364 -0.9932949426942805
vn 0 0 -1
vn -0.1188422598872984 -0.10653216466911032 -0.9871815512638967
vn 0 0 -1
vn -0.05113584307429886 -0.11224484732802985 -0.9923639553114512
vn 0 0 -1
vn 0 0 -1
vn -0.1188422598872984 -0.10653216466911032 -0.9871815512638967
vn -0.06784914570440931 -0.07472449691407103 -0.9948933324674162
vn 0 0 -1
vn -0.06013208611554781 -0.07500720749026814 -0.9953682991957822
vn 0 0 -1
vn -0.08450975435718444 -0.11460679995501616 -0.9898097710280291
vn 0 0 -1
vn -0.04490973672377828 -0.07549377315571604 -0.9961344315714191
vn -0.05113584307429886 -0.11224484732802985 -0.9923639553114512
vn -0.05113584307429886 -0.11224484732802985 -0.9923639553114512
vn -0.03189118862131499 -0.07581856634203013 -0.9966115076027163
vn 0 0 -1
vn -0.026706490700612442 -0.07592156539358862 -0.9967560781167303
vn 0 0 -1
vn -0.021422538900561994 -0.09864513573372033 -0.9948920604885385
vn 0 0 -1
vn -0.015347924688940447 -0.07608809160575321 -0.9969829705283523
vn -0.0045682509635380465 -0.0761642325998895 -0.9970848212442128
vn -0.3655103680461667 -0.11392170740712819 -0.9238095125252829
vn -0.36164166936983394 -0.11271576400617252 -0.9254785030025843
vn -0.3437066971354135 -0.10712596771291254 -0.9329468009408881
vn -0.1842867586827933 -0.05743813526526777 -0.9811927696387897
vn -0.26336693172601955 -0.08208579385812236 -0.9611970566537874
vn -0.18637877483229967 -0.05809024652975914 -0.9807591322797472
vn -0.18637877483229967 -0.05809024652975914 -0.9807591322797472
vn -0.1842867586827933 -0.05743813526526777 -0.9811927696387897
vn -0.13874656282882147 -0.04324431444881811 -0.9893833031596194
vn 0 0 -1
vn 7.571283620129605e-15 2.35972219445968e-15 -1
vn -0.36164166936983394 -0.11271576400617252 -0.9254785030025843
vn -0.3570650241649591 -0.11128915914082495 -0.9274261650265241
vn -0.1842867586827933 -0.05743813526526777 -0.9811927696387897
vn -0.1818626037176252 -0.05668249605343391 -0.9816888957354049
vn 0 0 -1
vn 0 0 -1
vn 0 0 -1
vn 0 0 -1
vn -0.1045196294751477 -0.03389967281165433 -0.9939448974855902
vn -0.17355333028297543 -0.06945729159488517 -0.9823720915172578
vn 0 0 -1
vn -0.18859545913419948 -0.06936482349992405 -0.9796020998623804
vn 0 0 -1
vn -0.18935845734799436 -0.06851920464692324 -0.9795144170584428
vn -0.1045196294751477 -0.03389967281165433 -0.9939448974855902
vn -0.20777350889247986 -0.06738881839807549 -0.9758529172766858
vn -0.3570650241649591 -0.11128915914082495 -0.9274261650265241
vn -0.3257180458238408 -0.10151773709539953 -0.9400010125950544
vn -0.1818626037176252 -0.05668249605343391 -0.9816888957354049
vn -0.16517634307665305 -0.05148110792146353 -0.9849195252481303
vn 0 0 -1
vn -0.24078976025004944 -0.0750434858374063 -0.9676718279417329
vn -0.11599237719695213 -0.03614934238556753 -0.9925920579358324
vn -0.13216364536000275 -0.04119024100682798 -0.9903717155144098
vn -0.3257180458238408 -0.10151773709539953 -0.9400010125950544
vn -0.3253708254841916 -0.10140950454270936 -0.94013293651065
vn -0.16517634307665305 -0.05148110792146353 -0.9849195252481303
vn -0.29349546747458627 -0.0914731370887517 -0.951573999099921
vn -0.1485572608585217 -0.04630054167996475 -0.987819315505804
vn -0.2834046212648367 -0.08832753535797096 -0.9549241159083378
vn -0.13216364536000275 -0.04119024100682798 -0.9903717155144098
vn -0.2617822655458152 -0.08158730182285082 -0.9616722714246092
vn -0.24078976025004944 -0.0750434858374063 -0.9676718279417329
vn -0.24078976025004944 -0.0750434858374063 -0.9676718279417329
vn -0.2302662115276365 -0.07176309765105676 -0.9704779902935639
vn -0.11599237719695213 -0.03614934238556753 -0.9925920579358324
vn -0.2286512959635159 -0.07125969848124027 -0.9708968226472715
vn -0.11516664985379657 -0.03589195032724695 -0.9926975423879922
vn -0.2164341523901854 -0.06745162651614449 -0.9739643400861596
vn -0.1045196294751477 -0.03389967281165433 -0.9939448974855902
vn -0.20777350889247986 -0.06738881839807549 -0.9758529172766858
vn 0 0 -1
vn -0.16517634307665305 -0.05148110792146353 -0.9849195252481303
vn 0 0 -1
vn -0.1485572608585217 -0.04630054167996475 -0.987819315505804
vn 0 0 -1
vn -0.13216364536000275 -0.04119024100682798 -0.9903717155144098
vn 0 0 -1
vn -0.11599237719695213 -0.03614934238556753 -0.9925920579358324
vn 0 0 -1
vn -0.11516664985379657 -0.03589195032724695 -0.9926975423879922
vn 0 0 -1
vn -0.1045196294751477 -0.03389967281165433 -0.9939448974855902
vn 0 0 -1
vn 0.051242001943040655 0.07530424830352987 0.9958431239027108
vn 0.03475338570219921 0.0757550815715374 0.9965206318979672
vn 0.029287106135154596 0.07591177706898197 0.9966843369474899
vn -0.3336628610536804 0.1116328813765876 0.9360593971266102
vn -0.33232006638588324 0.1115146733348329 0.9365510403113692
vn -0.32596377231241974 0.11040724303594472 0.9389131268786579
vn -0.32176584218282017 0.11065936906848096 0.9403303923843715
vn -0.298207641793423 0.10864746612322997 0.9482973850438516
vn -0.27712223132219155 0.10620495753048728 0.9549470016199627
vn 0.02384281961598669 0.07790430079970646 0.9966756944310765
vn 0.08755742629199247 0.07434645185341118 0.9933812471543494
vn 0.06485803301972186 0.07505333280886349 0.995068054349598
vn 0.02509476747186017 0.0780575034467099 0.9966329709583163
vn 0.029202821281884648 0.0785911768540273 0.99647911275143
vn 0.11638479342322618 0.07337360616341289 0.9904902290171315
vn 0.3351989900383467 0.11175653803001746 0.9354956511308952
vn 0.3464262739947399 0.1126467571392844 0.9312891842989074
vn 0.3479046817713594 0.1083022503836898 0.9312534321887882
vn 0.35731133121531655 0.11348419415086541 0.9270652351712187
vn 0.3668447226049738 0.11419826278516274 0.9232462868995092
vn 0.33222652321721735 0.11149839593781495 0.9365861652695356
vn 0.32596377231241974 0.11040724303594472 0.9389131268786579
vn 0.3233797203242884 0.11079305987786033 0.9397608495600815
vn 0.3226208154082407 0.11072122522873674 0.9400301164054105
vn 0.3226208154082407 0.11072122522873674 0.9400301164054105
vn 0.32596377231241974 0.11040724303594472 0.9389131268786579
vn 0.2996211044107638 0.10877137602740763 0.9478375290885979
vn 0.2938090219319037 0.10474081175325503 0.9501082154074278
vn 0.27600852112657587 0.10665024993827238 0.9552198806838268
vn 0.22606037301260473 0.10182491574670711 0.9687767515204823
vn 0.22783659604846732 0.10200960281467032 0.9683411209045296
vn 0.23902302707694162 0.10078593973556134 0.9657692202998578
vn 0.2520310220974674 0.10439055902371305 0.9620722296622132
vn 0.27411213525448264 0.10646486285556513 0.9557864668864976
vn 0.22606037301260473 0.10182491574670711 0.9687767515204823
vn 0.23902302707694162 0.10078593973556134 0.9657692202998578
vn 0.2024002702442939 0.09939791415377477 0.9742454440575616
vn 0.20068899865005674 0.09518699147748763 0.9750196728652721
vn 0.17830681976803905 0.09681343382769624 0.9792006112409745
vn 0.17830681976803905 0.09681343382769624 0.9792006112409745
vn 0.20068899865005674 0.09518699147748763 0.9750196728652721
vn 0.15208549888292658 0.09388625677822705 0.9838980495039638
vn 0.16228357239629823 0.08941651291169055 0.9826844505480937
vn 0.13171134633607823 0.09152815313397855 0.987053553982873
vn 0.13171134633607823 0.09152815313397855 0.987053553982873
vn 0.16228357239629823 0.08941651291169055 0.9826844505480937
vn 0.1279719006887654 0.09109536430194844 0.9875853518743584
vn 0.12386691351702951 0.08348458858036586 0.9887807194749157
vn 0.10113347111294597 0.08787368055111143 0.9909844788325638
vn 0.04034019236623287 0.08008921096808228 0.9959710774748257
vn 0.050847224349212065 0.08148565801550384 0.9953766359091222
vn 0.08562117289543372 0.07739846606862966 0.9933169142837716
vn 0.07699764417043334 0.08486284202189825 0.9934131370362332
vn 0.12386691351702951 0.08348458858036586 0.9887807194749157
vn 0.08558211661833769 0.08593807556468183 0.9926179267388657
vn 0.10113347111294597 0.08787368055111143 0.9909844788325638
vn 0.02384281961598669 0.07790430079970646 0.9966756944310765
vn 0.06485803301972186 0.07505333280886349 0.995068054349598
vn 0.018666757167343687 0.0773166041265832 0.9968318287972093
vn 0.04569790617153217 0.07557217205077946 0.9960926403618616
vn 0.013916294714682195 0.07682762870530616 0.9969472665135973
vn 0.029287106135154596 0.07591177706898197 0.9966843369474899
vn 0.009314532450460534 0.07646478015716193 0.9970287743494398
vn 0.013916294714682195 0.07682762870530616 0.9969472665135973
vn 0.014225823900501026 0.07610897771094845 0.9969980187774428
vn 1.7737392892984526e-7 0.07617163431518333 0.9970947207390692
vn 0.004640397952811021 0.07624556657999179 0.9970782718943061
vn 0.00019422586786155648 0.07617177073776521 0.9970946914004636
vn 0.00019422586786155648 0.07617177073776521 0.9970946914004636
vn 1.7737392892984526e-7 0.07617163431518333 0.9970947207390692
vn -0.002792593292818077 0.07619900169792318 0.9970887190029485
vn -0.014225841575915322 0.07610899250663485 0.996998017395763
vn -0.004637002868414304 0.07624562703892361 0.9970782830659987
vn -0.029287783573003438 0.07591176815395809 0.9966843177200696
vn -0.009312398922429063 0.07646485574683448 0.9970287884820203
vn -0.004637002868414304 0.07624562703892361 0.9970782830659987
vn -0.009312398922429063 0.07646485574683448 0.9970287884820203
vn -0.04569868697742668 0.07557213230890766 0.9960926075555547
vn -0.013916785442544103 0.0768276133673408 0.9969472608454394
vn -0.06485780302330434 0.07505333393317018 0.9950680692558205
vn -0.018670132439121294 0.07731644832195306 0.9968317776704274
vn -0.029193859636248112 0.07859168225609706 0.9964793354805185
vn -0.026860790614978477 0.07828101599640418 0.996569405742575
vn -0.0875561142375258 0.07434651826983428 0.9933813578282907
vn -0.023849690518190057 0.07790393442799497 0.9966755586763554
vn -0.018670132439121294 0.07731644832195306 0.9968317776704274
vn -0.10472543987075286 0.08045945834505173 0.9912410694713462
vn -0.06286223134978916 0.08304313441107213 0.9945612991147957
vn -0.08562117289543372 0.07739846606862966 0.9933169142837716
vn -0.05207125538920974 0.08164632428404067 0.9953001869250788
vn -0.12757192350074706 0.09104830627506197 0.9876414381033037
vn -0.12386691351702951 0.08348458858036586 0.9887807194749157
vn -0.1317145219791851 0.09152794569615491 0.9870531494587494
vn -0.16228357239629823 0.08941651291169055 0.9826844505480937
vn -0.15194905951436247 0.09387072708957375 0.9839206115883414
vn -0.12757192350074706 0.09104830627506197 0.9876414381033037
vn -0.10342590287554335 0.08815414268193303 0.9907229328840593
vn -0.12386691351702951 0.08348458858036586 0.9887807194749157
vn -0.08557793515727007 0.08593833464264937 0.9926182648193947
vn -0.10472543987075286 0.08045945834505173 0.9912410694713462
vn -0.07895597248680546 0.08511101646614978 0.9932381734935289
vn -0.06286223134978916 0.08304313441107213 0.9945612991147957
vn -0.23902302707694162 0.10078593973556134 0.9657692202998578
vn -0.226076963153344 0.10182359931281565 0.9687730184900614
vn -0.20068899865005674 0.09518699147748763 0.9750196728652721
vn -0.22377376826871054 0.10160026957420308 0.969331050703149
vn -0.22377376826871054 0.10160026957420308 0.969331050703149
vn -0.2000939831586778 0.09915512728600634 0.9747464586427542
vn -0.20068899865005674 0.09518699147748763 0.9750196728652721
vn -0.1785544741034341 0.09683401072293192 0.9791534477011032
vn -0.16228357239629823 0.08941651291169055 0.9826844505480937
vn -0.1758723699292799 0.09654655270673189 0.9796671233923822
vn -0.15194905951436247 0.09387072708957375 0.9839206115883414
vn -0.298207641793423 0.10864746612322997 0.9482973850438516
vn -0.27432537673150226 0.10649492822327894 0.9557219354727807
vn -0.27712223132219155 0.10620495753048728 0.9549470016199627
vn -0.27406319285890185 0.1064690771717114 0.9558000323949506
vn -0.23902302707694162 0.10078593973556134 0.9657692202998578
vn -0.24852026717802486 0.1040513429193466 0.9630218039268081
vn -0.226076963153344 0.10182359931281565 0.9687730184900614
vn -0.32260333888769305 0.11072286011458668 0.9400359216469114
vn -0.32176584218282017 0.11065936906848096 0.9403303923843715
vn -0.2938090219319037 0.10474081175325503 0.9501082154074278
vn -0.3479046817713594 0.1083022503836898 0.9312534321887882
vn -0.3668447226049738 0.11419826278516274 0.9232462868995092
vn -0.35684744331030954 0.11344900238913291 0.9272482008932699
vn -0.3336628610536804 0.1116328813765876 0.9360593971266102
vn -0.32596377231241974 0.11040724303594472 0.9389131268786579
vn -0.3449859099382116 0.11253395925463126 0.9318373409338032
vn 0.27600852112657587 0.10665024993827238 0.9552198806838268
vn 0.2938090219319037 0.10474081175325503 0.9501082154074278
vn 0.27411213525448264 0.10646486285556513 0.9557864668864976
vn 0.2614386094627532 0.09893850286070727 0.9601359414863417
vn 0.23902302707694162 0.10078593973556134 0.9657692202998578
vn 0.22891665940077627 0.09300447978067986 0.9689929462021455
vn 0.20068899865005674 0.09518699147748763 0.9750196728652721
vn 0.19637209057074898 0.08694735861362098 0.976666861767608
vn 0.16228357239629823 0.08941651291169055 0.9826844505480937
vn 0.1638596391061534 0.08077544147179011 0.9831710668683444
vn 0.12386691351702951 0.08348458858036586 0.9887807194749157
vn 0.13151733762976814 0.07449632988273688 0.988510741841878
vn 0.08562117289543372 0.07739846606862966 0.9933169142837716
vn -0.32176584218282017 0.11065936906848096 0.9403303923843715
vn -0.27712223132219155 0.10620495753048728 0.9549470016199627
vn -0.2938090219319037 0.10474081175325503 0.9501082154074278
vn -0.23902302707694162 0.10078593973556134 0.9657692202998578
vn -0.2614386094627532 0.09893850286070727 0.9601359414863417
vn -0.20068899865005674 0.09518699147748763 0.9750196728652721
vn -0.22891665940077627 0.09300447978067986 0.9689929462021455
vn -0.16228357239629823 0.08941651291169055 0.9826844505480937
vn -0.19637209057074898 0.08694735861362098 0.976666861767608
vn -0.12386691351702951 0.08348458858036586 0.9887807194749157
vn -0.1638596391061534 0.08077544147179011 0.9831710668683444
vn -0.10472543987075286 0.08045945834505173 0.9912410694713462
vn -0.13151733762976814 0.07449632988273688 0.988510741841878
vn -0.08562117289543372 0.07739846606862966 0.9933169142837716
vn -0.1163840365050876 0.0733736527841143 0.9904903145028218
vn -0.029287783573003438 0.07591176815395809 0.9966843177200696
vn -0.034753393104549994 0.07575509636756772 0.9965206305150242
vn -0.035706899171908585 0.07573292216015035 0.9964886059823322
vn -0.009312398922429063 0.07646485574683448 0.9970287884820203
vn -0.029287783573003438 0.07591176815395809 0.9966843177200696
vn -0.04569868697742668 0.07557213230890766 0.9960926075555547
vn -0.035706899171908585 0.07573292216015035 0.9964886059823322
vn -0.055857014778902404 0.07515431312270572 0.9956062590798853
vn -0.004637002868414304 0.07624562703892361 0.9970782830659987
vn -0.014225841575915322 0.07610899250663485 0.996998017395763
vn -0.029287783573003438 0.07591176815395809 0.9966843177200696
vn -0.01702462738847356 0.0760689620653066 0.9969572082454645
vn -0.034753393104549994 0.07575509636756772 0.9965206305150242
vn -0.018670132439121294 0.07731644832195306 0.9968317776704274
vn -0.06485780302330434 0.07505333393317018 0.9950680692558205
vn -0.0875561142375258 0.07434651826983428 0.9933813578282907
vn -0.09284779177867533 0.07368337163361886 0.9929501741308705
vn -0.12247413942599646 0.07225866498190693 0.9898377495867159
vn -0.12247413942599646 0.07225866498190693 0.9898377495867159
vn -0.14225414644978612 0.07121902829223405 0.9872647101091747
vn -0.0875561142375258 0.07434651826983428 0.9933813578282907
vn -0.1163840365050876 0.0733736527841143 0.9904903145028218
vn -0.029193859636248112 0.07859168225609706 0.9964793354805185
vn -0.08562117289543372 0.07739846606862966 0.9933169142837716
vn -0.04033962692320277 0.08008924981145185 0.9959710972534974
vn -0.05207125538920974 0.08164632428404067 0.9953001869250788
vn -0.055857014778902404 0.07515431312270572 0.9956062590798853
vn -0.05781506359479541 0.07508785258125227 0.995499489108993
vn -0.04569868697742668 0.07557213230890766 0.9960926075555547
vn -0.061253406617674096 0.0749673924134471 0.9953029238641159
vn -0.06485780302330434 0.07505333393317018 0.9950680692558205
vn -0.08345502385687947 0.07409466599503804 0.9937531079016213
vn -0.09284779177867533 0.07368337163361886 0.9929501741308705
vn -0.17630681834421766 0.07149192123760342 0.9817356115589855
vn -0.19027991996026591 0.06846247013422126 0.9793397991723995
vn -0.21501010377285887 0.06693234952836603 0.9743155114551943
vn -0.32678852303016664 0.1017288218563542 0.9396065708686164
vn -0.2836197034748825 0.09704602564913473 0.9540135914684482
vn -0.3055336752664819 0.09511221880751349 0.9474190409273332
vn -0.2567621833186182 0.09075970434796511 0.9622036464720585
vn -0.2841636522927165 0.08845975201510413 0.9546862788314758
vn -0.22988678719415773 0.08439974561891897 0.9695507970256172
vn -0.2627238932443806 0.08178558955530553 0.9613986026927678
vn -0.20303809145717647 0.07797402697641882 0.9760612606463325
vn -0.24124285755569272 0.07509856726145424 0.9675546955462727
vn -0.17630681834421766 0.07149192123760342 0.9817356115589855
vn -0.21976016903942552 0.06841103870208956 0.9731522994308056
vn -0.21501010377285887 0.06693234952836603 0.9743155114551943
vn -0.35684744331030954 0.11344900238913291 0.9272482008932699
vn -0.3449859099382116 0.11253395925463126 0.9318373409338032
vn -0.3479046817713594 0.1083022503836898 0.9312534321887882
vn -0.32596377231241974 0.11040724303594472 0.9389131268786579
vn -0.32678852303016664 0.1017288218563542 0.9396065708686164
vn -0.14225414644978612 0.07121902829223405 0.9872647101091747
vn -0.19027991996026591 0.06846247013422126 0.9793397991723995
vn -0.1163840365050876 0.0733736527841143 0.9904903145028218
vn -0.17630681834421766 0.07149192123760342 0.9817356115589855
vn -0.13151733762976814 0.07449632988273688 0.988510741841878
vn -0.20303809145717647 0.07797402697641882 0.9760612606463325
vn -0.1638596391061534 0.08077544147179011 0.9831710668683444
vn -0.22988678719415773 0.08439974561891897 0.9695507970256172
vn -0.19637209057074898 0.08694735861362098 0.976666861767608
vn -0.2567621833186182 0.09075970434796511 0.9622036464720585
vn -0.22891665940077627 0.09300447978067986 0.9689929462021455
vn -0.2836197034748825 0.09704602564913473 0.9540135914684482
vn -0.2614386094627532 0.09893850286070727 0.9601359414863417
vn -0.32678852303016664 0.1017288218563542 0.9396065708686164
vn -0.2938090219319037 0.10474081175325503 0.9501082154074278
vn -0.32596377231241974 0.11040724303594472 0.9389131268786579
vn -0.32260333888769305 0.11072286011458668 0.9400359216469114
vn -0.33232006638588324 0.1115146733348329 0.9365510403113692
vn 0.33222652321721735 0.11149839593781495 0.9365861652695356
vn 0.3351989900383467 0.11175653803001746 0.9354956511308952
vn 0.32596377231241974 0.11040724303594472 0.9389131268786579
vn 0.3479046817713594 0.1083022503836898 0.9312534321887882
vn 0.2938090219319037 0.10474081175325503 0.9501082154074278
vn 0.32678852303016664 0.1017288218563542 0.9396065708686164
vn 0.2614386094627532 0.09893850286070727 0.9601359414863417
vn 0.02384281961598669 0.07790430079970646 0.9966756944310765
vn 0.02509476747186017 0.0780575034467099 0.9966329709583163
vn 0.08755742629199247 0.07434645185341118 0.9933812471543494
vn 0.11638479342322618 0.07337360616341289 0.9904902290171315
vn 0.19027993432190926 0.06846246994010333 0.9793397963955874
vn 0.17630681834421766 0.07149192123760342 0.9817356115589855
vn 0.03475338570219921 0.0757550815715374 0.9965206318979672
vn 0.029722814716269117 0.07586353847976714 0.996675111465452
vn 0.029287106135154596 0.07591177706898197 0.9966843369474899
vn 0.014225823900501026 0.07610897771094845 0.9969980187774428
vn 0.009314532450460534 0.07646478015716193 0.9970287743494398
vn 0.004640397952811021 0.07624556657999179 0.9970782718943061
vn 0.013916294714682195 0.07682762870530616 0.9969472665135973
vn 0.04569790617153217 0.07557217205077946 0.9960926403618616
vn 0.029287106135154596 0.07591177706898197 0.9966843369474899
vn 0.05585701846129306 0.07515432051556589 0.9956062583152329
vn 0.051242001943040655 0.07530424830352987 0.9958431239027108
vn 0.19027993432190926 0.06846246994010333 0.9793397963955874
vn 0.12487410261795989 0.07213596400673253 0.9895467958576687
vn 0.08755742629199247 0.07434645185341118 0.9933812471543494
vn 0.12247417592229932 0.0722586868872613 0.9898377434718696
vn 0.06485803301972186 0.07505333280886349 0.995068054349598
vn 0.08345505825665676 0.07409469242858174 0.9937531030418431
vn 0.04569790617153217 0.07557217205077946 0.9960926403618616
vn 0.07957495779120465 0.07425788818098475 0.9940591492136817
vn 0.05585701846129306 0.07515432051556589 0.9956062583152329
vn 0.3055336752664819 0.09511221880751349 0.9474190409273332
vn 0.2841636522927165 0.08845975201510413 0.9546862788314758
vn 0.2567621833186182 0.09075970434796511 0.9622036464720585
vn 0.2627238932443806 0.08178558955530553 0.9613986026927678
vn 0.22988678719415773 0.08439974561891897 0.9695507970256172
vn 0.24124285755569272 0.07509856726145424 0.9675546955462727
vn 0.20303809145717647 0.07797402697641882 0.9760612606463325
vn 0.21976016903942552 0.06841103870208956 0.9731522994308056
vn 0.17630681834421766 0.07149192123760342 0.9817356115589855
vn 0.21501010377285887 0.06693234952836603 0.9743155114551943
vn 0.19027993432190926 0.06846246994010333 0.9793397963955874
vn 0.32678852303016664 0.1017288218563542 0.9396065708686164
vn 0.3055336752664819 0.09511221880751349 0.9474190409273332
vn 0.2614386094627532 0.09893850286070727 0.9601359414863417
vn 0.2567621833186182 0.09075970434796511 0.9622036464720585
vn 0.22891665940077627 0.09300447978067986 0.9689929462021455
vn 0.22988678719415773 0.08439974561891897 0.9695507970256172
vn 0.19637209057074898 0.08694735861362098 0.976666861767608
vn 0.20303809145717647 0.07797402697641882 0.9760612606463325
vn 0.1638596391061534 0.08077544147179011 0.9831710668683444
vn 0.17630681834421766 0.07149192123760342 0.9817356115589855
vn 0.13151733762976814 0.07449632988273688 0.988510741841878
vn 0.11638479342322618 0.07337360616341289 0.9904902290171315
vn 0.08562117289543372 0.07739846606862966 0.9933169142837716
vn 0.029202821281884648 0.0785911768540273 0.99647911275143
vn 0.04034019236623287 0.08008921096808228 0.9959710774748257
vn 0.029722814716269117 0.07586353847976714 0.996675111465452
vn 0.016628345129021282 0.07607363751382495 0.996963539861757
vn 0.014225823900501026 0.07610897771094845 0.9969980187774428
vn 0.011369241276364357 0.07612573271612887 0.9970334062463666
vn 1.7737392892984526e-7 0.07617163431518333 0.9970947207390692
vn 9.369967122213988e-16 0.07617163431518452 0.997094720739085
vn -0.014225841575915322 0.07610899250663485 0.996998017395763
vn -0.01662834882500697 0.07607365973149986 0.9969635381047844
vn -0.01702462738847356 0.0760689620653066 0.9969572082454645
vn 0.7553312166146935 0.0000016014495224271313 -0.6553432331265825
vn 0.7416547592158297 0.0000015724528001495499 -0.6707817962124771
vn 0.7416521261952955 0.0000015724472074102013 -0.6707847074192469
vn -0.7850664226924546 -0.0000016644939867137518 0.6194115852630635
vn -0.7847996191440494 -0.0000016639282531108948 0.6197495928103433
vn -0.7847993826175995 -0.000001663927802375226 0.6197498923277566
vn 0.03341592939943214 7.084828917990827e-8 0.9994415318878673
vn 0.033414978520495214 7.084626926694638e-8 0.999441563679673
vn -0.000021959302097619575 -4.655800743812341e-11 0.9999999997588946
vn -0.03326644028474924 -7.05313430760225e-8 0.9994465188046714
vn -0.23182547017805172 -4.915152642390066e-7 0.9727573959505441
vn -0.18021513847947987 -3.8209126510636864e-7 0.983627217935065
vn -0.10009568765165562 -2.1222239971853408e-7 0.9949778154881128
vn -0.18021513847947987 -3.8209126510636864e-7 0.983627217935065
vn -0.1186760284524521 -2.516163405142596e-7 0.9929330290964692
vn -0.10009568765165562 -2.1222239971853408e-7 0.9949778154881128
vn -0.10010067557493162 -2.1223296577216376e-7 0.9949773136857932
vn -0.03326644028474924 -7.05313430760225e-8 0.9994465188046714
vn -0.056838596815804186 -1.205089121193625e-7 0.9983833802262516
vn -0.000021959302097619575 -4.655800743812341e-11 0.9999999997588946
vn -0.35940662278158303 -7.620121262960425e-7 0.9331810539762133
vn -0.3582019296905129 -7.594579940736098e-7 0.9336441386124672
vn -0.23182015408741719 -4.915039600820532e-7 0.9727586628545873
vn -0.3013837011615074 -6.389922132315053e-7 0.9535029442397035
vn -0.10009568765165562 -2.1222239971853408e-7 0.9949778154881128
vn -0.16659402858851122 -3.532118457947122e-7 0.9860255725073896
vn -0.23182547017805172 -4.915152642390066e-7 0.9727573959505441
vn -0.23182015408741719 -4.915039600820532e-7 0.9727586628545873
vn -0.2411980767500571 -5.113869838690466e-7 0.9704759078780947
vn -0.3013837011615074 -6.389922132315053e-7 0.9535029442397035
vn -0.48057718380078884 -0.000001018917401045927 0.8769524333788375
vn -0.47163990682784956 -9.999686314169534e-7 0.8817912441652034
vn -0.3594077748713755 -7.620146057788273e-7 0.9331806102579641
vn -0.23182015408741719 -4.915039600820532e-7 0.9727586628545873
vn -0.29633760567926193 -6.282935511955122e-7 0.9550832547269832
vn -0.35940662278158303 -7.620121262960425e-7 0.9331810539762133
vn -0.3594077748713755 -7.620146057788273e-7 0.9331806102579641
vn -0.417336641389097 -8.848351143076568e-7 0.908751961622799
vn -0.47163990682784956 -9.999686314169534e-7 0.8817912441652034
vn -0.5931785229435192 -0.0000012576541881765887 0.8050709533432212
vn -0.574558963582875 -0.0000012181770692393783 0.8184631924314548
vn -0.480581768412438 -0.0000010189270539406503 0.8769499209581672
vn -0.3594077748713755 -7.620146057788273e-7 0.9331806102579641
vn -0.42143059238853203 -8.935151170317072e-7 0.9068606595272796
vn -0.48057718380078884 -0.000001018917401045927 0.8769524333788375
vn -0.480581768412438 -0.0000010189270539406503 0.8769499209581672
vn -0.5245359371083329 -0.0000011121184894599016 0.8513883078129779
vn -0.574558963582875 -0.0000012181770692393783 0.8184631924314548
vn -0.6951960241522717 -0.0000014739511975528763 0.718820205615216
vn -0.6616338121178088 -0.0000014027928524542094 0.7498271125136037
vn -0.5931797611807936 -0.000001257656774435467 0.8050700410050763
vn -0.480581768412438 -0.0000010189270539406503 0.8769499209581672
vn -0.5382389496048278 -0.0000011411716662001434 0.8427922834999082
vn -0.5931785229435192 -0.0000012576541881765887 0.8050709533432212
vn -0.5931797611807936 -0.000001257656774435467 0.8050700410050763
vn -0.6181817285554242 -0.000001310665928763181 0.7860352094394436
vn -0.6616338121178088 -0.0000014027928524542094 0.7498271125136037
vn -0.7474167244105298 -0.0000015846693268249903 0.6643555072917834
vn -0.6951924487016155 -0.0000014739435822903353 0.7188236635407039
vn -0.7847996191440494 -0.0000016639282531108948 0.6197495928103433
vn -0.7417239096392811 -0.0000015725994753272604 0.6707053316225736
vn -0.7847993826175995 -0.000001663927802375226 0.6197498923277566
vn -0.5931797611807936 -0.000001257656774435467 0.8050700410050763
vn -0.6456886635018972 -0.0000013689859993063465 0.7636007790876459
vn -0.6951960241522717 -0.0000014739511975528763 0.718820205615216
vn -0.6951924487016155 -0.0000014739435822903353 0.7188236635407039
vn -0.7050795607759113 -0.0000014949063254537994 0.7091282063025086
vn -0.7474167244105298 -0.0000015846693268249903 0.6643555072917834
vn -0.920649890736899 -0.0000019519573113361797 0.39038926558286163
vn -0.9206481598435167 -0.000001951953668356503 0.3903933475008722
vn -0.8924352549269531 -0.0000018921368839706548 0.45117548222380666
vn -0.91330051564373 -0.0000019363753866093183 0.4072863465930908
vn -0.8604015898659043 -0.0000018242192658845954 0.5096166246826103
vn -0.91330051564373 -0.0000019363753866093183 0.4072863465930908
vn -0.8866011748047526 -0.0000018797675763751014 0.46253470878551284
vn -0.8604015898659043 -0.0000018242192658845954 0.5096166246826103
vn -0.860399438339146 -0.0000018242147061997243 0.509620257154633
vn -0.824262802039261 -0.0000017475980574151798 0.5662074117947696
vn -0.8569873682971754 -0.0000018169804670927418 0.5153374142984188
vn -0.7847993826175995 -0.000001663927802375226 0.6197498923277566
vn -0.8244967862176691 -0.0000017480940229307458 0.5658666358018287
vn -0.7850664226924546 -0.0000016644939867137518 0.6194115852630635
vn -0.991077488372907 -0.000002101277698988044 0.1332869537352971
vn -0.9910775347051574 -0.0000021012776708479784 0.13328660922362892
vn -0.9799345272513823 -0.0000020776524542237617 0.19931964854547837
vn -0.9861900009016069 -0.0000020909150890095894 0.16561787982375725
vn -0.9644691737213855 -0.0000020448628236098837 0.26419540672957625
vn -0.9861900009016069 -0.0000020909150890095894 0.16561787982375725
vn -0.9735286311569052 -0.0000020640707295214727 0.2285650986338508
vn -0.9644691737213855 -0.0000020448628236098837 0.26419540672957625
vn -0.964468558413837 -0.0000020448615449040166 0.2641976529550432
vn -0.9444677598253163 -0.000002002455808938709 0.32860409408061053
vn -0.9568140926282854 -0.0000020286324423548925 0.2907005196827062
vn -0.920649890736899 -0.0000019519573113361797 0.39038926558286163
vn -0.9360974908806419 -0.0000019847093175733744 0.3517406538389148
vn -0.9206481598435167 -0.000001951953668356503 0.3903933475008722
vn -0.9644691737213855 -0.0000020448628236098837 -0.26419540672957625
vn -0.9892284095469714 -0.0000020973572721757462 -0.14638016853648753
vn -0.9799314813189696 -0.000002077645847463461 -0.19933462297276228
vn -0.9910767285640214 -0.000002101276139284427 -0.13329260329973916
vn -0.991077488372907 -0.000002101277698988044 -0.1332869537352971
vn -0.9963857609888316 -0.0000021125322457579726 -0.0849436006668195
vn -0.9977340942923771 -0.0000021153910502468208 -0.0672805847336003
vn -0.9997260941569927 -0.000002119614416685955 -0.023403774420192633
vn -0.9999999999977525 -0.000002120195176753223 0
vn -0.9999999999918372 -0.000002120195176740682 -0.000003439551164746381
vn -0.9977352166006839 -0.000002115393302400105 0.06726393944983926
vn -0.9992543172710842 -0.000002118613959533092 0.03861100116042828
vn -0.991077488372907 -0.000002101277698988044 0.1332869537352971
vn -0.9947690867093786 -0.000002109104550498926 0.10214922477894973
vn -0.9910775347051574 -0.0000021012776708479784 0.13328660922362892
vn -0.9448661907687514 -0.000002003300800538434 -0.3274566865069886
vn -0.963449601924237 -0.000002042701235625897 -0.2678896499453769
vn -0.920649890736899 -0.0000019519573113361797 -0.39038926558286163
vn -0.920649890736899 -0.0000019519573113361797 -0.39038926558286163
vn -0.963449601924237 -0.000002042701235625897 -0.2678896499453769
vn -0.9444334164826879 -0.000002002383152271338 -0.32870278646039547
vn -0.9644683712716983 -0.0000020448610724992462 -0.26419833612711496
vn -0.9644691737213855 -0.0000020448628236098837 -0.26419540672957625
vn -0.9782456966484766 -0.000002074071789276906 -0.20744964927527657
vn -0.9892284095469714 -0.0000020973572721757462 -0.14638016853648753
vn -0.8604015898659043 -0.0000018242192658845954 -0.5096166246826103
vn -0.8988470580514505 -0.0000019057311273070945 -0.4382624399017337
vn -0.892378217372366 -0.0000018920159298478987 -0.45128828608300786
vn -0.9206515589723192 -0.0000019519609478422286 -0.3903853313817367
vn -0.920649890736899 -0.0000019519573113361797 -0.39038926558286163
vn -0.9234341413470032 -0.0000019578606107713243 -0.3837569368635438
vn -0.9448661907687514 -0.000002003300800538434 -0.3274566865069886
vn -0.7847993826175995 -0.000001663927802375226 -0.6197498923277566
vn -0.8388951507495267 -0.0000017786214995921471 -0.5442930516236316
vn -0.8245074136314633 -0.0000017481165706365758 -0.5658511508017804
vn -0.8604037152423316 -0.0000018242237701256619 -0.5096130363264514
vn -0.8604015898659043 -0.0000018242192658845954 -0.5096166246826103
vn -0.8707985948900132 -0.0000018462630046362889 -0.4916399161318881
vn -0.8988470580514505 -0.0000019057311273070945 -0.4382624399017337
vn -0.6951924487016155 -0.0000014739435822903353 -0.7188236635407039
vn -0.7668885202075756 -0.0000016259532902337664 -0.6417803343599672
vn -0.7415931887615475 -0.000001572322176398024 -0.6708498657523958
vn -0.7847984365106456 -0.000001663925772056432 -0.6197510903965218
vn -0.7847993826175995 -0.000001663927802375226 -0.6197498923277566
vn -0.8058562120952001 -0.0000017085723931950526 -0.5921112779069966
vn -0.8388951507495267 -0.0000017786214995921471 -0.5442930516236316
vn -0.5931797611807936 -0.000001257656774435467 -0.8050700410050763
vn -0.6833998386489898 -0.0000014489409835192495 -0.7300442866925508
vn -0.6458745695679963 -0.0000013693801498321415 -0.763443541058198
vn -0.6951886914813392 -0.0000014739356197006503 -0.7188272972239512
vn -0.6951924487016155 -0.0000014739435822903353 -0.7188236635407039
vn -0.7268035335830796 -0.00000154096526992555 -0.6868454146085381
vn -0.7668885202075756 -0.0000016259532902337664 -0.6417803343599672
vn -0.48607337695576236 -0.0000010305703928189846 -0.8739180008523452
vn -0.5381276451068137 -0.0000011409356043530346 -0.8428633564051137
vn -0.480581768412438 -0.0000010189270539406503 -0.8769499209581672
vn -0.5909121768984598 -0.0000012528491031837717 -0.8067358918453758
vn -0.5381765327029538 -0.000001141039198053839 -0.8428321420345359
vn -0.5931779760046783 -0.0000012576531427392811 -0.8050713563289977
vn -0.5931797611807936 -0.000001257656774435467 -0.8050700410050763
vn -0.6383133480304789 -0.0000013533487965754634 -0.7697766362551473
vn -0.6833998386489898 -0.0000014489409835192495 -0.7300442866925508
vn -0.48607337695576236 -0.0000010305703928189846 -0.8739180008523452
vn -0.480581768412438 -0.0000010189270539406503 -0.8769499209581672
vn -0.48058611941755536 -0.0000010189363759773422 -0.8769475365277771
vn -0.4213193704998928 -8.932792744893718e-7 -0.9069123375722573
vn -0.42746526859075 -9.06309783167079e-7 -0.9040317716473335
vn -0.3594077748713755 -7.620146057788273e-7 -0.9331806102579641
vn -0.3746543023127191 -7.943402434366736e-7 -0.9271645774930892
vn -0.3746543023127191 -7.943402434366736e-7 -0.9271645774930892
vn -0.3594077748713755 -7.620146057788273e-7 -0.9331806102579641
vn -0.35941356933227164 -7.620269111177491e-7 -0.9331783785425248
vn -0.296324578576812 -6.282659178996244e-7 -0.9550872966021902
vn -0.31420398186784954 -6.661737279359522e-7 -0.9493554959960702
vn -0.23182015408741719 -4.915039600820532e-7 -0.9727586628545873
vn -0.25253841147811473 -5.354307262647132e-7 -0.967586869861215
vn -0.25253841147811473 -5.354307262647132e-7 -0.967586869861215
vn -0.23182015408741719 -4.915039600820532e-7 -0.9727586628545873
vn -0.23182493568334908 -4.915140746554431e-7 -0.9727575233300277
vn -0.16660982601983618 -3.532453312338246e-7 -0.98602290332097
vn -0.1899305313726065 -4.0268978470908243e-7 -0.9817975317000738
vn -0.10009568765165562 -2.1222239971853408e-7 -0.9949778154881128
vn -0.1266578151203982 -2.685392843043856e-7 -0.9919464692557027
vn 0.033414978520495214 7.084626926694638e-8 -0.999441563679673
vn -2.832769343193999e-16 -6.006023930118637e-22 -1
vn -0.03318311195073353 -7.035467152388629e-8 -0.9994492888992719
vn -0.06300693070151321 -1.335869952856727e-7 -0.9980130894349817
vn -0.10009568765165562 -2.1222239971853408e-7 -0.9949778154881128
vn -0.10009828415677541 -2.1222790717054465e-7 -0.9949775542738761
vn -0.1266578151203982 -2.685392843043856e-7 -0.9919464692557027
vn 0.16633402245729048 3.526605872879812e-7 -0.9860694666062089
vn 0.12440421610536878 2.637611979990017e-7 -0.9922316216565258
vn 0.033414978520495214 7.084626926694638e-8 -0.999441563679673
vn 0.12440421610536878 2.637611979990017e-7 -0.9922316216565258
vn 0.06258381092258423 1.326898896784775e-7 -0.9980397119405562
vn 0.033414978520495214 7.084626926694638e-8 -0.999441563679673
vn 0.033416007543175495 7.084845241953223e-8 -0.9994415292751594
vn -2.832769343193999e-16 -6.006023930118637e-22 -1
vn 0.2962810751299816 6.28173734716757e-7 -0.9551007928587577
vn 0.24682061168448383 5.233078424715617e-7 -0.9690611877726935
vn 0.16632935056637652 3.526506799373561e-7 -0.9860702546675075
vn 0.033414978520495214 7.084626926694638e-8 -0.999441563679673
vn 0.10018425539203338 2.1241015923185897e-7 -0.99496890150974
vn 0.16633402245729048 3.526605872879812e-7 -0.9860694666062089
vn 0.16632935056637652 3.526506799373561e-7 -0.9860702546675075
vn 0.18590240372895994 3.941493714458125e-7 -0.9825682145722195
vn 0.24682061168448383 5.233078424715617e-7 -0.9690611877726935
vn 0.42093583501107845 8.924661094484782e-7 -0.9070904160020267
vn 0.36363458335987037 7.709762649630994e-7 -0.9315416736701044
vn 0.2962755837263932 6.281620084852633e-7 -0.9551024963254942
vn 0.16632935056637652 3.526506799373561e-7 -0.9860702546675075
vn 0.23188432478374543 4.916400249826674e-7 -0.9727433679647189
vn 0.2962810751299816 6.28173734716757e-7 -0.9551007928587577
vn 0.2962755837263932 6.281620084852633e-7 -0.9551024963254942
vn 0.30691783994817384 6.507256538672932e-7 -0.9517360135673776
vn 0.36363458335987037 7.709762649630994e-7 -0.9315416736701044
vn 0.5380774032456576 0.0000011408290900783423 -0.8428954313051581
vn 0.5290637116645303 0.0000011217182631236298 -0.8485821050425778
vn 0.4209347701589406 8.924638527400035e-7 -0.9070909101465208
vn 0.47627010299167793 0.000001009785578413319 -0.8792990327501087
vn 0.2962755837263932 6.281620084852633e-7 -0.9551024963254942
vn 0.3597772139760132 7.627978714237651e-7 -0.9330382394645335
vn 0.42093583501107845 8.924661094484782e-7 -0.9070904160020267
vn 0.4209347701589406 8.924638527400035e-7 -0.9070909101465208
vn 0.42207196405992287 8.94874916586418e-7 -0.9065623294367566
vn 0.47627010299167793 0.000001009785578413319 -0.8792990327501087
vn 0.6456272672078892 0.0000013688557067486657 -0.7636526905837492
vn 0.6254876199260682 0.0000013261558131267475 -0.7802340913581409
vn 0.5380823508398146 0.0000011408395501338114 -0.8428922728993291
vn 0.4209347701589406 8.924638527400035e-7 -0.9070909101465208
vn 0.48065641172004964 0.0000010190853953022162 -0.8769090111701258
vn 0.5380774032456576 0.0000011408290900783423 -0.8428954313051581
vn 0.5380823508398146 0.0000011408395501338114 -0.8428922728993291
vn 0.5817633908929938 0.0000012334519485312966 -0.813358074291492
vn 0.6254876199260682 0.0000013261558131267475 -0.7802340913581409
vn 0.7143201252283365 0.0000015144980850332657 -0.6998190899736015
vn 0.6456278498987876 0.0000013688570426743485 -0.7636521979495605
vn 0.7416547592158297 0.0000015724528001495499 -0.6707817962124771
vn 0.6952153859133042 0.0000014739922178325316 -0.7188014796779725
vn 0.7416521261952955 0.0000015724472074102013 -0.6707847074192469
vn 0.5380823508398146 0.0000011408395501338114 -0.8428922728993291
vn 0.5935266175830167 0.0000012583922505774636 -0.8048143600973332
vn 0.6456272672078892 0.0000013688557067486657 -0.7636526905837492
vn 0.6456278498987876 0.0000013688570426743485 -0.7636521979495605
vn 0.6683505195703319 0.000001417033449110038 -0.7438464781042252
vn 0.7143201252283365 0.0000015144980850332657 -0.6998190899736015
vn 0.8925188368196397 0.0000018923141560569301 -0.45101011731283397
vn 0.892516324177929 0.000001892308793170896 -0.451015089628204
vn 0.8603102492743597 0.000001824025601490241 -0.5097708063337502
vn 0.8863712367219245 0.0000018792798824277184 -0.4629751944850979
vn 0.8244415478798937 0.0000017479769576468657 -0.5659471124816784
vn 0.8863712367219245 0.0000018792798824277184 -0.4629751944850979
vn 0.8567302754112973 0.000001816435300430065 -0.5157647091362332
vn 0.8244415478798937 0.0000017479769576468657 -0.5659471124816784
vn 0.8244414731668511 0.0000017479766982404413 -0.5659472213196358
vn 0.7848308640186267 0.0000016639945580659502 -0.6197100248350086
vn 0.824345751182578 0.000001747773773755208 -0.5660866386907364
vn 0.7416521261952955 0.0000015724472074102013 -0.6707847074192469
vn 0.7923872102867314 0.0000016800155919230937 -0.610018449697375
vn 0.7553312166146935 0.0000016014495224271313 -0.6553432331265825
vn 0.9799617051065125 0.000002077709975813963 -0.19918598474897758
vn 0.9799615351286008 0.0000020777097671743825 -0.19918682101002347
vn 0.964393760757375 0.0000020447030785396303 -0.2644705545199053
vn 0.9734436606730483 0.0000020638903503963316 -0.22892671205255996
vn 0.9446690870807631 0.0000020028829065339433 -0.3280248708710756
vn 0.9734436606730483 0.0000020638903503963316 -0.22892671205255996
vn 0.9567062327774264 0.0000020284039838749724 -0.29105529399189894
vn 0.9446690870807631 0.0000020028829065339433 -0.3280248708710756
vn 0.9446680111937436 0.000002002880626429366 -0.32802796926976463
vn 0.9204049287356115 0.000001951438017612149 -0.390966452723742
vn 0.935967288849244 0.00000198443335826701 -0.35208696965417263
vn 0.8925188368196397 0.0000018923141560569301 -0.45101011731283397
vn 0.9131715200545447 0.0000019361018324632566 -0.40757548375426556
vn 0.892516324177929 0.000001892308793170896 -0.451015089628204
vn 0.9977668782796072 0.0000021154606296289073 0.06679263884360861
vn 0.9997372500411933 0.000002119638084359247 0.02292227902236947
vn 0.9999999912490928 0.0000021201951582043573 0.00013227743213725535
vn 0.999239769473842 0.000002118583381420046 -0.03898567810587507
vn 0.9977668782796072 0.0000021154606296289073 -0.06679263884360861
vn 0.9977670121460828 0.0000021154607617051958 -0.0667906390791684
vn 0.991024171872264 0.000002101164630775291 -0.1336827990448967
vn 0.9947310097129495 0.0000021090238548339217 -0.10251935578712948
vn 0.9799617051065125 0.000002077709975813963 -0.19918598474897758
vn 0.9861283394616974 0.0000020907844114108943 -0.16598463213847153
vn 0.9799615351286008 0.0000020777097671743825 -0.19918682101002347
vn 0.9635767420758075 0.0000020429706807338097 0.26743197663405743
vn 0.9783443489629876 0.0000020742809871097123 0.206983899972644
vn 0.9446690870807631 0.0000020028829065339433 0.3280248708710756
vn 0.9446690870807631 0.0000020028829065339433 0.3280248708710756
vn 0.9783443489629876 0.0000020742809871097123 0.206983899972644
vn 0.9643264192574366 0.0000020445601864074174 0.2647159933172731
vn 0.9799607161364264 0.0000020777078546169677 0.19919085025438563
vn 0.9799617051065125 0.000002077709975813963 0.19918598474897758
vn 0.9892981892338966 0.000002097505154648409 0.14590782286818496
vn 0.9910868525174958 0.000002101297493675581 0.133217306542911
vn 0.9964263584686901 0.000002112618434621823 0.08446604136789002
vn 0.9977668782796072 0.0000021154606296289073 0.06679263884360861
vn 0.9977665383018699 0.0000021154596311824485 0.06679771733096919
vn 0.9997372500411933 0.000002119638084359247 0.02292227902236947
vn 0.8925188368196397 0.0000018923141560569301 0.45101011731283397
vn 0.9236169575147016 0.0000019582483013806637 0.38331673037770086
vn 0.9205849722915466 0.000001951819731207936 0.39054232649888676
vn 0.9446693869625744 0.0000020028835925955392 0.32802400724907665
vn 0.9446690870807631 0.0000020028829065339433 0.3280248708710756
vn 0.9450213731741304 0.0000020036297506913312 0.32700856906213716
vn 0.9635767420758075 0.0000020429706807338097 0.26743197663405743
vn 0.8244415478798937 0.0000017479769576468657 0.5659471124816784
vn 0.8710168133202456 0.000001846725608730619 0.4912532044781326
vn 0.8602067357302687 0.0000018238061140250827 0.5099454596336251
vn 0.8925211571089126 0.0000018923190354913422 0.4510055255863134
vn 0.8925188368196397 0.0000018923141560569301 0.45101011731283397
vn 0.8990402763583639 0.00000190614081236928 0.4378659400796583
vn 0.9236169575147016 0.0000019582483013806637 0.38331673037770086
vn 0.7671623166274326 0.0000016265338309940092 0.6414530223985115
vn 0.8060964933196647 0.0000017090818555087055 0.5917841189613143
vn 0.7416521261952955 0.0000015724472074102013 0.6707847074192469
vn 0.7416521261952955 0.0000015724472074102013 0.6707847074192469
vn 0.8060964933196647 0.0000017090818555087055 0.5917841189613143
vn 0.7848404632229287 0.0000016640149140662252 0.6196978677430235
vn 0.8244421559550447 0.0000017479782337052788 0.5659462266692323
vn 0.8244415478798937 0.0000017479769576468657 0.5659471124816784
vn 0.8391382098063782 0.000001779136709927776 0.5439182519825763
vn 0.8710168133202456 0.000001846725608730619 0.4912532044781326
vn 0.7671623166274326 0.0000016265338309940092 0.6414530223985115
vn 0.7416521261952955 0.0000015724472074102013 0.6707847074192469
vn 0.7416496922324762 0.0000015724421123389687 0.6707873985168482
vn 0.6952180515169224 0.0000014739979933412147 0.7187989015314653
vn 0.7270631087479091 0.0000015415156214124479 0.6865706343089905
vn 0.6456278498987876 0.0000013688570426743485 0.7636521979495605
vn 0.6836824299929168 0.0000014495401252880188 0.7297796481931235
vn 0.6836824299929168 0.0000014495401252880188 0.7297796481931235
vn 0.6456278498987876 0.0000013688570426743485 0.7636521979495605
vn 0.645624166679637 0.0000013688492242948498 0.7636553119027919
vn 0.5933969412446101 0.0000012581172789764198 0.8049099764072739
vn 0.6386073740106275 0.0000013539722472798397 0.7695327295556813
vn 0.5380823508398146 0.0000011408395501338114 0.8428922728993291
vn 0.5912050142463272 0.0000012534700601148985 0.8065213147390642
vn 0.4209347701589406 8.924638527400035e-7 0.9070909101465208
vn 0.4864226862982316 0.0000010313110547681609 0.8737236234950664
vn 0.48087305115943624 0.0000010195447036067073 0.8767902307094753
vn 0.5380827130563604 0.000001140840241983729 0.842892041668804
vn 0.5380823508398146 0.0000011408395501338114 0.8428922728993291
vn 0.5384656136469247 0.000001141652194126162 0.842647484372046
vn 0.5912050142463272 0.0000012534700601148985 0.8065213147390642
vn 0.2962755837263932 6.281620084852633e-7 0.9551024963254942
vn 0.37461590068803746 7.942588092427906e-7 0.9271800941300775
vn 0.35968566506600164 7.626038161001714e-7 0.9330735353365491
vn 0.4209383990520169 8.924715117808454e-7 0.9070892261529341
vn 0.4209347701589406 8.924638527400035e-7 0.9070909101465208
vn 0.42762767288198966 9.066541016595149e-7 0.9039549620333482
vn 0.4864226862982316 0.0000010313110547681609 0.8737236234950664
vn 0.16632935056637652 3.526506799373561e-7 0.9860702546675075
vn 0.25250690938007075 5.353639330355943e-7 0.9675950913037118
vn 0.2320686306003901 4.920307841461259e-7 0.9726994143572915
vn 0.29628103107696135 6.281735908156585e-7 0.9551008065244098
vn 0.2962755837263932 6.281620084852633e-7 0.9551024963254942
vn 0.3141689271489036 6.660994183479249e-7 0.9493670971829934
vn 0.37461590068803746 7.942588092427906e-7 0.9271800941300775
vn 0.03341592939943214 7.084828917990827e-8 0.9994415318878673
vn 0.0629854719941925 1.3354148993404525e-7 0.9980144439423966
vn 0.033414978520495214 7.084626926694638e-8 0.999441563679673
vn 0.12663331367172917 2.684873210666857e-7 0.9919495974435623
vn 0.10016407232122788 2.1236737151872613e-7 0.9949709335533289
vn 0.16633318175085518 3.5265881190899257e-7 0.9860696084194628
vn 0.16632935056637652 3.526506799373561e-7 0.9860702546675075
vn 0.1899026024316952 4.026305734580782e-7 0.9818029341927571
vn 0.25250690938007075 5.353639330355943e-7 0.9675950913037118
f 1//1 2//2 3//3
f 2//2 4//4 3//3
f 3//3 4//4 5//5
f 4//4 6//6 5//5
f 5//5 6//6 7//7
f 6//6 8//8 7//7
f 7//7 8//8 9//9
f 8//8 10//10 9//9
f 9//9 10//10 11//11
f 10//10 12//12 11//11
f 11//11 12//12 13//13
f 12//12 14//14 13//13
f 13//13 14//14 15//15
f 14//14 16//16 15//15
f 15//15 16//16 17//17
f 16//16 18//18 17//17
f 17//17 18//18 19//19
f 18//18 20//20 19//19
f 19//19 20//20 21//21
f 20//20 22//22 21//21
f 21//21 22//22 23//23
f 22//22 24//24 23//23
f 23//23 24//24 25//25
f 24//24 26//26 25//25
f 25//25 26//26 27//27
f 26//26 28//28 27//27
f 27//27 28//28 29//29
f 28//28 30//30 29//29
f 29//29 30//30 31//31
f 30//30 32//32 31//31
f 31//31 32//32 33//33
f 32//32 34//34 33//33
f 33//33 34//34 35//35
f 34//34 36//36 35//35
f 35//35 36//36 37//37
f 36//36 38//38 37//37
f 37//37 38//38 39//39
f 38//38 40//40 39//39
f 39//39 40//40 41//41
f 40//40 42//42 41//41
f 41//41 42//42 43//43
f 42//42 44//44 43//43
f 43//43 44//44 45//45
f 44//44 46//46 45//45
f 45//45 46//46 47//47
f 46//46 48//48 47//47
f 47//47 48//48 49//49
f 48//48 50//50 49//49
f 49//49 50//50 51//51
f 50//50 52//52 51//51
f 51//51 52//52 53//53
f 52//52 54//54 53//53
f 55//55 56//56 57//57
f 58//58 59//59 60//60
f 61//61 62//62 63//63
f 62//62 64//64 63//63
f 63//63 64//64 65//65
f 66//66 67//67 68//68
f 67//67 69//69 68//68
f 68//68 69//69 70//70
f 69//69 71//71 70//70
f 70//70 71//71 72//72
f 73//73 74//74 75//75
f 74//74 76//76 75//75
f 75//75 76//76 77//77
f 76//76 78//78 77//77
f 77//77 78//78 79//79
f 78//78 80//80 79//79
f 79//79 80//80 81//81
f 82//82 83//83 84//84
f 83//83 85//85 84//84
f 84//84 85//85 86//86
f 87//87 88//88 89//89
f 88//88 90//90 89//89
f 89//89 90//90 91//91
f 90//90 92//92 91//91
f 91//91 92//92 93//93
f 94//94 95//95 96//96
f 95//95 97//97 96//96
f 96//96 97//97 98//98
f 97//97 99//99 98//98
f 98//98 99//99 100//100
f 101//101 102//102 103//103
f 102//102 104//104 103//103
f 103//103 104//104 105//105
f 104//104 106//106 105//105
f 105//105 106//106 107//107
f 106//106 108//108 107//107
f 107//107 108//108 109//109
f 108//108 110//110 109//109
f 109//109 110//110 111//111
f 112//112 113//113 114//114
f 113//113 115//115 114//114
f 114//114 115//115 116//116
f 117//117 118//118 119//119
f 118//118 120//120 119//119
f 119//119 120//120 121//121
f 122//122 123//123 124//124
f 123//123 125//125 124//124
f 124//124 125//125 126//126
f 125//125 127//127 126//126
f 126//126 127//127 128//128
f 129//129 130//130 131//131
f 130//130 132//132 131//131
f 131//131 132//132 133//133
f 134//134 135//135 136//136
f 135//135 137//137 136//136
f 136//136 137//137 138//138
f 139//139 140//140 141//141
f 140//140 142//142 141//141
f 141//141 142//142 143//143
f 142//142 144//144 143//143
f 143//143 144//144 145//145
f 146//146 147//147 148//148
f 149//149 150//150 151//151
f 150//150 152//152 151//151
f 151//151 152//152 153//153
f 152//152 154//154 153//153
f 153//153 154//154 155//155
f 156//156 157//157 158//158
f 157//157 159//159 158//158
f 158//158 159//159 160//160
f 159//159 161//161 160//160
f 162//162 163//163 164//164
f 163//163 165//165 164//164
f 164//164 165//165 166//166
f 165//165 167//167 166//166
f 166//166 167//167 168//168
f 169//169 170//170 171//171
f 170//170 172//172 171//171
f 171//171 172//172 173//173
f 172//172 174//174 173//173
f 173//173 174//174 175//175
f 174//174 176//176 175//175
f 175//175 176//176 177//177
f 176//176 178//178 177//177
f 177//177 178//178 179//179
f 178//178 180//180 179//179
f 179//179 180//180 181//181
f 180//180 182//182 181//181
f 181//181 182//182 183//183
f 182//182 184//184 183//183
f 183//183 184//184 185//185
f 184//184 186//186 185//185
f 185//185 186//186 187//187
f 188//188 189//189 190//190
f 189//189 191//191 190//190
f 190//190 191//191 192//192
f 193//193 194//194 195//195
f 194//194 196//196 195//195
f 195//195 196//196 197//197
f 196//196 198//198 197//197
f 197//197 198//198 199//199
f 200//200 201//201 202//202
f 203//203 204//204 205//205
f 206//206 207//207 208//208
f 207//207 209//209 208//208
f 208//208 209//209 210//210
f 209//209 211//211 210//210
f 210//210 211//211 212//212
f 211//211 213//213 212//212
f 214//214 215//215 216//216
f 215//215 217//217 216//216
f 216//216 217//217 218//218
f 219//219 220//220 221//221
f 222//222 223//223 224//224
f 223//223 225//225 224//224
f 224//224 225//225 226//226
f 227//227 228//228 229//229
f 228//228 230//230 229//229
f 229//229 230//230 231//231
f 232//232 233//233 234//234
f 233//233 235//235 234//234
f 234//234 235//235 236//236
f 237//237 238//238 239//239
f 240//240 241//241 242//242
f 241//241 243//243 242//242
f 242//242 243//243 244//244
f 245//245 246//246 247//247
f 246//246 248//248 247//247
f 247//247 248//248 249//249
f 250//250 251//251 252//252
f 251//251 253//253 252//252
f 252//252 253//253 254//254
f 255//255 256//256 257//257
f 256//256 258//258 257//257
f 257//257 258//258 259//259
f 260//260 261//261 262//262
f 261//261 263//263 262//262
f 262//262 263//263 264//264
f 265//265 266//266 267//267
f 266//266 268//268 267//267
f 269//269 270//270 271//271
f 270//270 272//272 271//271
f 271//271 272//272 273//273
f 274//274 275//275 276//276
f 275//275 277//277 276//276
f 276//276 277//277 278//278
f 279//279 280//280 281//281
f 280//280 282//282 281//281
f 281//281 282//282 283//283
f 284//284 285//285 286//286
f 285//285 287//287 286//286
f 286//286 287//287 288//288
f 289//289 290//290 291//291
f 292//292 293//293 294//294
f 293//293 295//295 294//294
f 294//294 295//295 296//296
f 295//295 297//297 296//296
f 296//296 297//297 298//298
f 299//299 300//300 301//301
f 300//300 302//302 301//301
f 301//301 302//302 303//303
f 304//304 305//305 306//306
f 305//305 307//307 306//306
f 306//306 307//307 308//308
f 309//309 310//310 311//311
f 312//312 313//313 314//314
f 313//313 315//315 314//314
f 314//314 315//315 316//316
f 315//315 317//317 316//316
f 316//316 317//317 318//318
f 319//319 320//320 321//321
f 322//322 323//323 324//324
f 325//325 326//326 327//327
f 326//326 328//328 327//327
f 327//327 328//328 329//329
f 328//328 330//330 329//329
f 329//329 330//330 331//331
f 332//332 333//333 334//334
f 335//335 336//336 337//337
f 336//336 338//338 337//337
f 337//337 338//338 339//339
f 338//338 340//340 339//339
f 339//339 340//340 341//341
f 342//342 343//343 344//344
f 343//343 345//345 344//344
f 344//344 345//345 346//346
f 345//345 347//347 346//346
f 346//346 347//347 348//348
f 349//349 350//350 351//351
f 350//350 352//352 351//351
f 353//353 354//354 355//355
f 354//354 356//356 355//355
f 355//355 356//356 357//357
f 356//356 358//358 357//357
f 357//357 358//358 359//359
f 360//360 361//361 362//362
f 361//361 363//363 362//362
f 362//362 363//363 364//364
f 365//365 366//366 367//367
f 368//368 369//369 370//370
f 371//371 372//372 373//373
f 372//372 374//374 373//373
f 373//373 374//374 375//375
f 376//376 377//377 378//378
f 379//379 380//380 381//381
f 380//380 382//382 381//381
f 381//381 382//382 383//383
f 384//384 385//385 386//386
f 385//385 387//387 386//386
f 386//386 387//387 388//388
f 389//389 390//390 391//391
f 390//390 392//392 391//391
f 391//391 392//392 393//393
f 392//392 394//394 393//393
f 393//393 394//394 395//395
f 396//396 397//397 398//398
f 397//397 399//399 398//398
f 398//398 399//399 400//400
f 399//399 401//401 400//400
f 400//400 401//401 402//402
f 403//403 404//404 405//405
f 404//404 406//406 405//405
f 405//405 406//406 407//407
f 408//408 409//409 410//410
f 409//409 411//411 410//410
f 410//410 411//411 412//412
f 413//413 414//414 415//415
f 414//414 416//416 415//415
f 415//415 416//416 417//417
f 418//418 419//419 420//420
f 419//419 421//421 420//420
f 420//420 421//421 422//422
f 423//423 424//424 425//425
f 426//426 427//427 428//428
f 429//429 430//430 431//431
f 430//430 432//432 431//431
f 431//431 432//432 433//433
f 432//432 434//434 433//433
f 433//433 434//434 435//435
f 436//436 437//437 438//438
f 437//437 439//439 438//438
f 438//438 439//439 440//440
f 441//441 442//442 443//443
f 442//442 444//444 443//443
f 443//443 444//444 445//445
f 446//446 447//447 448//448
f 447//447 449//449 448//448
f 448//448 449//449 450//450
f 451//451 452//452 453//453
f 452//452 454//454 453//453
f 453//453 454//454 455//455
f 456//456 457//457 458//458
f 457//457 459//459 458//458
f 458//458 459//459 460//460
f 459//459 461//461 460//460
f 460//460 461//461 462//462
f 463//463 464//464 465//465
f 466//466 467//467 468//468
f 467//467 469//469 468//468
f 468//468 469//469 470//470
f 471//471 472//472 473//473
f 472//472 474//474 473//473
f 473//473 474//474 475//475
f 474//474 476//476 475//475
f 475//475 476//476 477//477
f 476//476 478//478 477//477
f 479//479 480//480 481//481
f 480//480 482//482 481//481
f 481//481 482//482 483//483
f 482//482 484//484 483//483
f 483//483 484//484 485//485
f 486//486 487//487 488//488
f 487//487 489//489 488//488
f 488//488 489//489 490//490
f 489//489 491//491 490//490
f 490//490 491//491 492//492
f 491//491 493//493 492//492
f 494//494 495//495 496//496
f 495//495 497//497 496//496
f 496//496 497//497 498//498
f 497//497 499//499 498//498
f 498//498 499//499 500//500
f 499//499 501//501 500//500
f 500//500 501//501 502//502
f 501//501 503//503 502//502
f 502//502 503//503 504//504
f 503//503 505//505 504//504
f 504//504 505//505 506//506
f 505//505 507//507 506//506
f 506//506 507//507 508//508
f 507//507 509//509 508//508
f 508//508 509//509 510//510
f 509//509 511//511 510//510
f 510//510 511//511 512//512
f 511//511 513//513 512//512
f 512//512 513//513 514//514
f 513//513 515//515 514//514
f 514//514 515//515 516//516
f 515//515 517//517 516//516
f 516//516 517//517 518//518
f 517//517 519//519 518//518
f 518//518 519//519 520//520
f 519//519 521//521 520//520
f 520//520 521//521 522//522
f 521//521 523//523 522//522
f 522//522 523//523 524//524
f 523//523 525//525 524//524
f 526//526 527//527 528//528
f 527//527 529//529 528//528
f 528//528 529//529 530//530
f 529//529 531//531 530//530
f 530//530 531//531 532//532
f 531//531 533//533 532//532
f 532//532 533//533 534//534
f 533//533 535//535 534//534
f 534//534 535//535 536//536
f 535//535 537//537 536//536
f 536//536 537//537 538//538
f 537//537 539//539 538//538
f 538//538 539//539 540//540
f 539//539 541//541 540//540
f 540//540 541//541 542//542
f 541//541 543//543 542//542
f 542//542 543//543 544//544
f 543//543 545//545 544//544
f 544//544 545//545 546//546
f 545//545 547//547 546//546
f 546//546 547//547 548//548
f 547//547 549//549 548//548
f 548//548 549//549 550//550
f 549//549 551//551 550//550
f 550//550 551//551 552//552
f 551//551 553//553 552//552
f 552//552 553//553 554//554
f 553//553 555//555 554//554
f 554//554 555//555 556//556
f 557//557 558//558 559//559
f 560//560 561//561 562//562
f 563//563 564//564 565//565
f 566//566 567//567 568//568
f 569//569 570//570 571//571
f 570//570 572//572 571//571
f 571//571 572//572 573//573
f 574//574 575//575 576//576
f 577//577 578//578 579//579
f 580//580 581//581 582//582
f 581//581 583//583 582//582
f 582//582 583//583 584//584
f 585//585 586//586 587//587
f 586//586 588//588 587//587
f 589//589 590//590 591//591
f 590//590 592//592 591//591
f 591//591 592//592 593//593
f 592//592 594//594 593//593
f 593//593 594//594 595//595
f 596//596 597//597 598//598
f 597//597 599//599 598//598
f 598//598 599//599 600//600
f 601//601 602//602 603//603
f 602//602 604//604 603//603
f 603//603 604//604 605//605
f 606//606 607//607 608//608
f 607//607 609//609 608//608
f 610//610 611//611 612//612
f 611//611 613//613 612//612
f 612//612 613//613 614//614
f 615//615 616//616 617//617
f 616//616 618//618 617//617
f 617//617 618//618 619//619
f 620//620 621//621 622//622
f 621//621 623//623 622//622
f 622//622 623//623 624//624
f 623//623 625//625 624//624
f 624//624 625//625 626//626
f 627//627 628//628 629//629
f 630//630 631//631 632//632
f 631//631 633//633 632//632
f 632//632 633//633 634//634
f 635//635 636//636 637//637
f 636//636 638//638 637//637
f 637//637 638//638 639//639
f 638//638 640//640 639//639
f 639//639 640//640 641//641
f 642//642 643//643 644//644
f 643//643 645//645 644//644
f 646//646 647//647 648//648
f 647//647 649//649 648//648
f 648//648 649//649 650//650
f 649//649 651//651 650//650
f 650//650 651//651 652//652
f 653//653 654//654 655//655
f 654//654 656//656 655//655
f 655//655 656//656 657//657
f 656//656 658//658 657//657
f 657//657 658//658 659//659
f 660//660 661//661 662//662
f 663//663 664//664 665//665
f 664//664 666//666 665//665
f 665//665 666//666 667//667
f 668//668 669//669 670//670
f 669//669 671//671 670//670
f 670//670 671//671 672//672
f 671//671 673//673 672//672
f 672//672 673//673 674//674
f 675//675 676//676 677//677
f 676//676 678//678 677//677
f 677//677 678//678 679//679
f 678//678 680//680 679//679
f 679//679 680//680 681//681
f 682//682 683//683 684//684
f 685//685 686//686 687//687
f 686//686 688//688 687//687
f 687//687 688//688 689//689
f 688//688 690//690 689//689
f 689//689 690//690 691//691
f 692//692 693//693 694//694
f 693//693 695//695 694//694
f 694//694 695//695 696//696
f 695//695 697//697 696//696
f 696//696 697//697 698//698
f 699//699 700//700 701//701
f 700//700 702//702 701//701
f 701//701 702//702 703//703
f 702//702 704//704 703//703
f 703//703 704//704 705//705
f 706//706 707//707 708//708
f 709//709 710//710 711//711
f 710//710 712//712 711//711
f 711//711 712//712 713//713
f 712//712 714//714 713//713
f 713//713 714//714 715//715
f 716//716 717//717 718//718
f 717//717 719//719 718//718
f 718//718 719//719 720//720
f 719//719 721//721 720//720
f 720//720 721//721 722//722
f 723//723 724//724 725//725
f 724//724 726//726 725//725
f 725//725 726//726 727//727
f 728//728 729//729 730//730
f 729//729 731//731 730//730
f 730//730 731//731 732//732
f 733//733 734//734 735//735
f 734//734 736//736 735//735
f 735//735 736//736 737//737
f 738//738 739//739 740//740
f 741//741 742//742 743//743
f 742//742 744//744 743//743
f 743//743 744//744 745//745
f 746//746 747//747 748//748
f 747//747 749//749 748//748
f 748//748 749//749 750//750
f 749//749 751//751 750//750
f 750//750 751//751 752//752
f 753//753 754//754 755//755
f 754//754 756//756 755//755
f 755//755 756//756 757//757
f 758//758 759//759 760//760
f 759//759 761//761 760//760
f 760//760 761//761 762//762
f 763//763 764//764 765//765
f 764//764 766//766 765//765
f 765//765 766//766 767//767
f 768//768 769//769 770//770
f 771//771 772//772 773//773
f 772//772 774//774 773//773
f 773//773 774//774 775//775
f 774//774 776//776 775//775
f 775//775 776//776 777//777
f 778//778 779//779 780//780
f 779//779 781//781 780//780
f 780//780 781//781 782//782
f 783//783 784//784 785//785
f 784//784 786//786 785//785
f 785//785 786//786 787//787
f 786//786 788//788 787//787
f 787//787 788//788 789//789
f 790//790 791//791 792//792
f 793//793 794//794 795//795
f 796//796 797//797 798//798
f 797//797 799//799 798//798
f 798//798 799//799 800//800
f 801//801 802//802 803//803
f 802//802 804//804 803//803
f 803//803 804//804 805//805
f 806//806 807//807 808//808
f 807//807 809//809 808//808
f 810//810 811//811 812//812
f 811//811 813//813 812//812
f 812//812 813//813 814//814
f 815//815 816//816 817//817
f 816//816 818//818 817//817
f 817//817 818//818 819//819
f 818//818 820//820 819//819
f 819//819 820//820 821//821
f 820//820 822//822 821//821
f 821//821 822//822 823//823
f 824//824 825//825 826//826
f 825//825 827//827 826//826
f 826//826 827//827 828//828
f 827//827 829//829 828//828
f 830//830 831//831 832//832
f 831//831 833//833 832//832
f 832//832 833//833 834//834
f 833//833 835//835 834//834
f 834//834 835//835 836//836
f 837//837 838//838 839//839
f 838//838 840//840 839//839
f 839//839 840//840 841//841
f 840//840 842//842 841//841
f 841//841 842//842 843//843
f 842//842 844//844 843//843
f 843//843 844//844 845//845
f 846//846 847//847 848//848
f 847//847 849//849 848//848
f 848//848 849//849 850//850
f 849//849 851//851 850//850
f 850//850 851//851 852//852
f 851//851 853//853 852//852
f 852//852 853//853 854//854
f 853//853 855//855 854//854
f 854//854 855//855 856//856
f 857//857 858//858 859//859
f 858//858 860//860 859//859
f 859//859 860//860 861//861
f 862//862 863//863 864//864
f 863//863 865//865 864//864
f 866//866 867//867 868//868
f 867//867 869//869 868//868
f 868//868 869//869 870//870
f 869//869 871//871 870//870
f 870//870 871//871 872//872
f 873//873 874//874 875//875
f 876//876 877//877 878//878
f 877//877 879//879 878//878
f 878//878 879//879 880//880
f 879//879 881//881 880//880
f 880//880 881//881 882//882
f 883//883 884//884 885//885
f 884//884 886//886 885//885
f 885//885 886//886 887//887
f 888//888 889//889 890//890
f 889//889 891//891 890//890
f 890//890 891//891 892//892
f 891//891 893//893 892//892
f 892//892 893//893 894//894
f 893//893 895//895 894//894
f 894//894 895//895 896//896
f 895//895 897//897 896//896
f 896//896 897//897 898//898
f 897//897 899//899 898//898
f 900//900 901//901 902//902
f 901//901 903//903 902//902
f 902//902 903//903 904//904
f 905//905 906//906 907//907
f 906//906 908//908 907//907
f 907//907 908//908 909//909
f 908//908 910//910 909//909
f 911//911 912//912 913//913
f 912//912 914//914 913//913
f 913//913 914//914 915//915
f 916//916 917//917 918//918
f 917//917 919//919 918//918
f 918//918 919//919 920//920
f 921//921 922//922 923//923
f 922//922 924//924 923//923
f 923//923 924//924 925//925
f 926//926 927//927 928//928
f 927//927 929//929 928//928
f 928//928 929//929 930//930
f 931//931 932//932 933//933
f 932//932 934//934 933//933
f 933//933 934//934 935//935
f 936//936 937//937 938//938
f 937//937 939//939 938//938
f 938//938 939//939 940//940
f 939//939 941//941 940//940
f 940//940 941//941 942//942
f 941//941 943//943 942//942
f 944//944 945//945 946//946
f 947//947 948//948 949//949
f 948//948 950//950 949//949
f 949//949 950//950 951//951
f 950//950 952//952 951//951
f 951//951 952//952 953//953
f 954//954 955//955 956//956
f 955//955 957//957 956//956
f 956//956 957//957 958//958
f 959//959 960//960 961//961
f 962//962 963//963 964//964
f 965//965 966//966 967//967
f 968//968 969//969 970//970
f 971//971 972//972 973//973
f 974//974 975//975 976//976
f 977//977 978//978 979//979
f 978//978 980//980 979//979
f 981//981 982//982 983//983
f 982//982 984//984 983//983
f 983//983 984//984 985//985
f 986//986 987//987 988//988
f 989//989 990//990 991//991
f 990//990 992//992 991//991
f 991//991 992//992 993//993
f 992//992 994//994 993//993
f 993//993 994//994 995//995
f 996//996 997//997 998//998
f 997//997 999//999 998//998
f 998//998 999//999 1000//1000
f 999//999 1001//1001 1000//1000
f 1000//1000 1001//1001 1002//1002
f 1003//1003 1004//1004 1005//1005
f 1006//1006 1007//1007 1008//1008
f 1007//1007 1009//1009 1008//1008
f 1008//1008 1009//1009 1010//1010
f 1009//1009 1011//1011 1010//1010
f 1010//1010 1011//1011 1012//1012
f 1013//1013 1014//1014 1015//1015
f 1014//1014 1016//1016 1015//1015
f 1015//1015 1016//1016 1017//1017
f 1018//1018 1019//1019 1020//1020
f 1019//1019 1021//1021 1020//1020
f 1022//1022 1023//1023 1024//1024
f 1023//1023 1025//1025 1024//1024
f 1024//1024 1025//1025 1026//1026
f 1025//1025 1027//1027 1026//1026
f 1026//1026 1027//1027 1028//1028
f 1029//1029 1030//1030 1031//1031
f 1030//1030 1032//1032 1031//1031
f 1031//1031 1032//1032 1033//1033
f 1032//1032 1034//1034 1033//1033
f 1035//1035 1036//1036 1037//1037
f 1036//1036 1038//1038 1037//1037
f 1037//1037 1038//1038 1039//1039
f 1040//1040 1041//1041 1042//1042
f 1041//1041 1043//1043 1042//1042
f 1042//1042 1043//1043 1044//1044
f 1045//1045 1046//1046 1047//1047
f 1048//1048 1049//1049 1050//1050
f 1049//1049 1051//1051 1050//1050
f 1050//1050 1051//1051 1052//1052
f 1051//1051 1053//1053 1052//1052
f 1052//1052 1053//1053 1054//1054
f 1055//1055 1056//1056 1057//1057
f 1056//1056 1058//1058 1057//1057
f 1057//1057 1058//1058 1059//1059
f 1058//1058 1060//1060 1059//1059
f 1059//1059 1060//1060 1061//1061
f 1060//1060 1062//1062 1061//1061
f 1061//1061 1062//1062 1063//1063
f 1062//1062 1064//1064 1063//1063
f 1063//1063 1064//1064 1065//1065
f 1064//1064 1066//1066 1065//1065
f 1065//1065 1066//1066 1067//1067
f 1068//1068 1069//1069 1070//1070
f 1069//1069 1071//1071 1070//1070
f 1070//1070 1071//1071 1072//1072
f 1071//1071 1073//1073 1072//1072
f 1072//1072 1073//1073 1074//1074
f 1073//1073 1075//1075 1074//1074
f 1074//1074 1075//1075 1076//1076
f 1075//1075 1077//1077 1076//1076
f 1078//1078 1079//1079 1080//1080
f 1079//1079 1081//1081 1080//1080
f 1080//1080 1081//1081 1082//1082
f 1083//1083 1084//1084 1085//1085
f 1084//1084 1086//1086 1085//1085
f 1085//1085 1086//1086 1087//1087
f 1086//1086 1088//1088 1087//1087
f 1087//1087 1088//1088 1089//1089
f 1088//1088 1090//1090 1089//1089
f 1089//1089 1090//1090 1091//1091
f 1092//1092 1093//1093 1094//1094
f 1093//1093 1095//1095 1094//1094
f 1094//1094 1095//1095 1096//1096
f 1095//1095 1097//1097 1096//1096
f 1096//1096 1097//1097 1098//1098
f 1099//1099 1100//1100 1101//1101
f 1100//1100 1102//1102 1101//1101
f 1101//1101 1102//1102 1103//1103
f 1102//1102 1104//1104 1103//1103
f 1103//1103 1104//1104 1105//1105
f 1104//1104 1106//1106 1105//1105
f 1105//1105 1106//1106 1107//1107
f 1108//1108 1109//1109 1110//1110
f 1109//1109 1111//1111 1110//1110
f 1110//1110 1111//1111 1112//1112
f 1113//1113 1114//1114 1115//1115
f 1114//1114 1116//1116 1115//1115
f 1115//1115 1116//1116 1117//1117
f 1118//1118 1119//1119 1120//1120
f 1121//1121 1122//1122 1123//1123
f 1122//1122 1124//1124 1123//1123
f 1123//1123 1124//1124 1125//1125
f 1126//1126 1127//1127 1128//1128
f 1127//1127 1129//1129 1128//1128
f 1128//1128 1129//1129 1130//1130
f 1129//1129 1131//1131 1130//1130
f 1130//1130 1131//1131 1132//1132
f 1133//1133 1134//1134 1135//1135
f 1136//1136 1137//1137 1138//1138
f 1137//1137 1139//1139 1138//1138
f 1138//1138 1139//1139 1140//1140
f 1139//1139 1141//1141 1140//1140
f 1142//1142 1143//1143 1144//1144
f 1143//1143 1145//1145 1144//1144
f 1144//1144 1145//1145 1146//1146
f 1147//1147 1148//1148 1149//1149
f 1148//1148 1150//1150 1149//1149
f 1149//1149 1150//1150 1151//1151
f 1152//1152 1153//1153 1154//1154
f 1153//1153 1155//1155 1154//1154
f 1154//1154 1155//1155 1156//1156
f 1155//1155 1157//1157 1156//1156
f 1156//1156 1157//1157 1158//1158
f 1159//1159 1160//1160 1161//1161
f 1160//1160 1162//1162 1161//1161
f 1161//1161 1162//1162 1163//1163
f 1162//1162 1164//1164 1163//1163
f 1163//1163 1164//1164 1165//1165
f 1166//1166 1167//1167 1168//1168
f 1167//1167 1169//1169 1168//1168
f 1168//1168 1169//1169 1170//1170
f 1171//1171 1172//1172 1173//1173
f 1172//1172 1174//1174 1173//1173
f 1173//1173 1174//1174 1175//1175
f 1174//1174 1176//1176 1175//1175
f 1175//1175 1176//1176 1177//1177
f 1178//1178 1179//1179 1180//1180
f 1179//1179 1181//1181 1180//1180
f 1180//1180 1181//1181 1182//1182
f 1181//1181 1183//1183 1182//1182
f 1182//1182 1183//1183 1184//1184
f 1185//1185 1186//1186 1187//1187
f 1186//1186 1188//1188 1187//1187
f 1187//1187 1188//1188 1189//1189
f 1188//1188 1190//1190 1189//1189
f 1189//1189 1190//1190 1191//1191
f 1192//1192 1193//1193 1194//1194
f 1193//1193 1195//1195 1194//1194
f 1194//1194 1195//1195 1196//1196
f 1197//1197 1198//1198 1199//1199
f 1198//1198 1200//1200 1199//1199
f 1199//1199 1200//1200 1201//1201
f 1202//1202 1203//1203 1204//1204
f 1203//1203 1205//1205 1204//1204
f 1204//1204 1205//1205 1206//1206
f 1207//1207 1208//1208 1209//1209
f 1208//1208 1210//1210 1209//1209
f 1209//1209 1210//1210 1211//1211
f 1212//1212 1213//1213 1214//1214
f 1213//1213 1215//1215 1214//1214
f 1214//1214 1215//1215 1216//1216
f 1217//1217 1218//1218 1219//1219
f 1218//1218 1220//1220 1219//1219
f 1219//1219 1220//1220 1221//1221
f 1220//1220 1222//1222 1221//1221
f 1221//1221 1222//1222 1223//1223
f 1224//1224 1225//1225 1226//1226
f 1225//1225 1227//1227 1226//1226
f 1226//1226 1227//1227 1228//1228
f 1227//1227 1229//1229 1228//1228
f 1228//1228 1229//1229 1230//1230
f 1231//1231 1232//1232 1233//1233
f 1232//1232 1234//1234 1233//1233
f 1233//1233 1234//1234 1235//1235
f 1234//1234 1236//1236 1235//1235
f 1235//1235 1236//1236 1237//1237
f 1238//1238 1239//1239 1240//1240
f 1239//1239 1241//1241 1240//1240
f 1240//1240 1241//1241 1242//1242
f 1243//1243 1244//1244 1245//1245
f 1244//1244 1246//1246 1245//1245
f 1245//1245 1246//1246 1247//1247
f 1248//1248 1249//1249 1250//1250
f 1249//1249 1251//1251 1250//1250
f 1250//1250 1251//1251 1252//1252
f 1251//1251 1253//1253 1252//1252
f 1252//1252 1253//1253 1254//1254
f 1253//1253 1255//1255 1254//1254
f 1254//1254 1255//1255 1256//1256
f 1255//1255 1257//1257 1256//1256
f 1256//1256 1257//1257 1258//1258
f 1259//1259 1260//1260 1261//1261
f 1262//1262 1263//1263 1264//1264
f 1263//1263 1265//1265 1264//1264
f 1266//1266 1267//1267 1268//1268
f 1267//1267 1269//1269 1268//1268
f 1268//1268 1269//1269 1270//1270
f 1269//1269 1271//1271 1270//1270
f 1272//1272 1273//1273 1274//1274
f 1273//1273 1275//1275 1274//1274
f 1274//1274 1275//1275 1276//1276
f 1275//1275 1277//1277 1276//1276
f 1276//1276 1277//1277 1278//1278
f 1279//1279 1280//1280 1281//1281
f 1282//1282 1283//1283 1284//1284
f 1283//1283 1285//1285 1284//1284
f 1284//1284 1285//1285 1286//1286
f 1287//1287 1288//1288 1289//1289
f 1290//1290 1291//1291 1292//1292
f 1291//1291 1293//1293 1292//1292
f 1292//1292 1293//1293 1294//1294
f 1295//1295 1296//1296 1297//1297
f 1298//1298 1299//1299 1300//1300
f 1299//1299 1301//1301 1300//1300
f 1300//1300 1301//1301 1302//1302
f 1303//1303 1304//1304 1305//1305
f 1304//1304 1306//1306 1305//1305
f 1305//1305 1306//1306 1307//1307
f 1308//1308 1309//1309 1310//1310
f 1309//1309 1311//1311 1310//1310
f 1310//1310 1311//1311 1312//1312
f 1313//1313 1314//1314 1315//1315
f 1314//1314 1316//1316 1315//1315
f 1315//1315 1316//1316 1317//1317
f 1316//1316 1318//1318 1317//1317
f 1319//1319 1320//1320 1321//1321
f 1320//1320 1322//1322 1321//1321
f 1321//1321 1322//1322 1323//1323
f 1322//1322 1324//1324 1323//1323
f 1323//1323 1324//1324 1325//1325
f 1326//1326 1327//1327 1328//1328
f 1327//1327 1329//1329 1328//1328
f 1328//1328 1329//1329 1330//1330
f 1329//1329 1331//1331 1330//1330
f 1330//1330 1331//1331 1332//1332
f 1331//1331 1333//1333 1332//1332
f 1332//1332 1333//1333 1334//1334
f 1333//1333 1335//1335 1334//1334
f 1336//1336 1337//1337 1338//1338
f 1337//1337 1339//1339 1338//1338
f 1340//1340 1341//1341 1342//1342
f 1341//1341 1343//1343 1342//1342
f 1342//1342 1343//1343 1344//1344
f 1345//1345 1346//1346 1347//1347
f 1346//1346 1348//1348 1347//1347
f 1347//1347 1348//1348 1349//1349
f 1350//1350 1351//1351 1352//1352
f 1351//1351 1353//1353 1352//1352
f 1352//1352 1353//1353 1354//1354
f 1353//1353 1355//1355 1354//1354
f 1354//1354 1355//1355 1356//1356
f 1357//1357 1358//1358 1359//1359
f 1358//1358 1360//1360 1359//1359
f 1359//1359 1360//1360 1361//1361
f 1360//1360 1362//1362 1361//1361
f 1361//1361 1362//1362 1363//1363
f 1364//1364 1365//1365 1366//1366
f 1365//1365 1367//1367 1366//1366
f 1368//1368 1369//1369 1370//1370
f 1369//1369 1371//1371 1370//1370
f 1372//1372 1373//1373 1374//1374
f 1373//1373 1375//1375 1374//1374
f 1374//1374 1375//1375 1376//1376
f 1377//1377 1378//1378 1379//1379
f 1380//1380 1381//1381 1382//1382
f 1381//1381 1383//1383 1382//1382
f 1382//1382 1383//1383 1384//1384
f 1385//1385 1386//1386 1387//1387
f 1386//1386 1388//1388 1387//1387
f 1387//1387 1388//1388 1389//1389
f 1390//1390 1391//1391 1392//1392
f 1391//1391 1393//1393 1392//1392
f 1392//1392 1393//1393 1394//1394
f 1395//1395 1396//1396 1397//1397
f 1396//1396 1398//1398 1397//1397
f 1397//1397 1398//1398 1399//1399
f 1400//1400 1401//1401 1402//1402
f 1401//1401 1403//1403 1402//1402
f 1402//1402 1403//1403 1404//1404
f 1405//1405 1406//1406 1407//1407
f 1406//1406 1408//1408 1407//1407
f 1407//1407 1408//1408 1409//1409
f 1408//1408 1410//1410 1409//1409
f 1409//1409 1410//1410 1411//1411
f 1412//1412 1413//1413 1414//1414
f 1413//1413 1415//1415 1414//1414
f 1414//1414 1415//1415 1416//1416
f 1417//1417 1418//1418 1419//1419
f 1418//1418 1420//1420 1419//1419
f 1419//1419 1420//1420 1421//1421
f 1420//1420 1422//1422 1421//1421
f 1421//1421 1422//1422 1423//1423
f 1422//1422 1424//1424 1423//1423
f 1423//1423 1424//1424 1425//1425
f 1424//1424 1426//1426 1425//1425
f 1425//1425 1426//1426 1427//1427
f 1426//1426 1428//1428 1427//1427
f 1427//1427 1428//1428 1429//1429
f 1428//1428 1430//1430 1429//1429
f 1429//1429 1430//1430 1431//1431
f 1430//1430 1432//1432 1431//1431
f 1431//1431 1432//1432 1433//1433
f 1432//1432 1434//1434 1433//1433
f 1433//1433 1434//1434 1435//1435
f 1434//1434 1436//1436 1435//1435
f 1435//1435 1436//1436 1437//1437
f 1436//1436 1438//1438 1437//1437
f 1437//1437 1438//1438 1439//1439
f 1438//1438 1440//1440 1439//1439
f 1439//1439 1440//1440 1441//1441
f 1440//1440 1442//1442 1441//1441
f 1441//1441 1442//1442 1443//1443
f 1442//1442 1444//1444 1443//1443
f 1443//1443 1444//1444 1445//1445
f 1444//1444 1446//1446 1445//1445
f 1445//1445 1446//1446 1447//1447
f 1446//1446 1448//1448 1447//1447
f 1447//1447 1448//1448 1449//1449
f 1448//1448 1450//1450 1449//1449
f 1449//1449 1450//1450 1451//1451
f 1450//1450 1452//1452 1451//1451
f 1451//1451 1452//1452 1453//1453
f 1452//1452 1454//1454 1453//1453
f 1453//1453 1454//1454 1455//1455
f 1454//1454 1456//1456 1455//1455
f 1455//1455 1456//1456 1457//1457
f 1456//1456 1458//1458 1457//1457
f 1457//1457 1458//1458 1459//1459
f 1458//1458 1460//1460 1459//1459
f 1459//1459 1460//1460 1461//1461
f 1460//1460 1462//1462 1461//1461
f 1461//1461 1462//1462 1463//1463
f 1464//1464 1465//1465 1466//1466
f 1465//1465 1467//1467 1466//1466
f 1466//1466 1467//1467 1468//1468
f 1467//1467 1469//1469 1468//1468
f 1468//1468 1469//1469 1470//1470
f 1469//1469 1471//1471 1470//1470
f 1470//1470 1471//1471 1472//1472
f 1471//1471 1473//1473 1472//1472
f 1472//1472 1473//1473 1474//1474
f 1473//1473 1475//1475 1474//1474
f 1474//1474 1475//1475 1476//1476
f 1475//1475 1477//1477 1476//1476
f 1476//1476 1477//1477 1478//1478
f 1477//1477 1479//1479 1478//1478
f 1478//1478 1479//1479 1480//1480
f 1479//1479 1481//1481 1480//1480
f 1480//1480 1481//1481 1482//1482
f 1481//1481 1483//1483 1482//1482
f 1482//1482 1483//1483 1484//1484
f 1483//1483 1485//1485 1484//1484
f 1484//1484 1485//1485 1486//1486
f 1485//1485 1487//1487 1486//1486
f 1486//1486 1487//1487 1488//1488
f 1487//1487 1489//1489 1488//1488
f 1488//1488 1489//1489 1490//1490
f 1489//1489 1491//1491 1490//1490
f 1490//1490 1491//1491 1492//1492
f 1491//1491 1493//1493 1492//1492
f 1492//1492 1493//1493 1494//1494
f 1493//1493 1495//1495 1494//1494
f 1494//1494 1495//1495 1496//1496
f 1495//1495 1497//1497 1496//1496
f 1496//1496 1497//1497 1498//1498
f 1497//1497 1499//1499 1498//1498
f 1498//1498 1499//1499 1500//1500
f 1499//1499 1501//1501 1500//1500
f 1500//1500 1501//1501 1502//1502
f 1501//1501 1503//1503 1502//1502
f 1502//1502 1503//1503 1504//1504
f 1503//1503 1505//1505 1504//1504
f 1504//1504 1505//1505 1506//1506
f 1505//1505 1507//1507 1506//1506
f 1506//1506 1507//1507 1508//1508
f 1507//1507 1509//1509 1508//1508
f 1508//1508 1509//1509 1510//1510
f 1509//1509 1511//1511 1510//1510
f 1510//1510 1511//1511 1512//1512
f 1511//1511 1513//1513 1512//1512
f 1512//1512 1513//1513 1514//1514
f 1513//1513 1515//1515 1514//1514
f 1514//1514 1515//1515 1516//1516
f 1517//1517 1518//1518 1519//1519
f 1520//1520 1521//1521 1522//1522
f 1523//1523 1524//1524 1525//1525
f 1526//1526 1527//1527 1528//1528
f 1529//1529 1530//1530 1531//1531
f 1532//1532 1533//1533 1534//1534
f 1533//1533 1535//1535 1534//1534
f 1534//1534 1535//1535 1536//1536
f 1537//1537 1538//1538 1539//1539
f 1538//1538 1540//1540 1539//1539
f 1539//1539 1540//1540 1541//1541
f 1540//1540 1542//1542 1541//1541
f 1541//1541 1542//1542 1543//1543
f 1544//1544 1545//1545 1546//1546
f 1545//1545 1547//1547 1546//1546
f 1546//1546 1547//1547 1548//1548
f 1547//1547 1549//1549 1548//1548
f 1548//1548 1549//1549 1550//1550
f 1551//1551 1552//1552 1553//1553
f 1552//1552 1554//1554 1553//1553
f 1553//1553 1554//1554 1555//1555
f 1556//1556 1557//1557 1558//1558
f 1557//1557 1559//1559 1558//1558
f 1558//1558 1559//1559 1560//1560
f 1559//1559 1561//1561 1560//1560
f 1560//1560 1561//1561 1562//1562
f 1563//1563 1564//1564 1565//1565
f 1564//1564 1566//1566 1565//1565
f 1565//1565 1566//1566 1567//1567
f 1568//1568 1569//1569 1570//1570
f 1569//1569 1571//1571 1570//1570
f 1570//1570 1571//1571 1572//1572
f 1571//1571 1573//1573 1572//1572
f 1572//1572 1573//1573 1574//1574
f 1575//1575 1576//1576 1577//1577
f 1576//1576 1578//1578 1577//1577
f 1577//1577 1578//1578 1579//1579
f 1578//1578 1580//1580 1579//1579
f 1579//1579 1580//1580 1581//1581
f 1582//1582 1583//1583 1584//1584
f 1583//1583 1585//1585 1584//1584
f 1584//1584 1585//1585 1586//1586
f 1585//1585 1587//1587 1586//1586
f 1586//1586 1587//1587 1588//1588
f 1589//1589 1590//1590 1591//1591
f 1590//1590 1592//1592 1591//1591
f 1591//1591 1592//1592 1593//1593
f 1592//1592 1594//1594 1593//1593
f 1593//1593 1594//1594 1595//1595
f 1596//1596 1597//1597 1598//1598
f 1597//1597 1599//1599 1598//1598
f 1598//1598 1599//1599 1600//1600
f 1601//1601 1602//1602 1603//1603
f 1602//1602 1604//1604 1603//1603
f 1603//1603 1604//1604 1605//1605
f 1604//1604 1606//1606 1605//1605
f 1605//1605 1606//1606 1607//1607
f 1608//1608 1609//1609 1610//1610
f 1611//1611 1612//1612 1613//1613
f 1612//1612 1614//1614 1613//1613
f 1615//1615 1616//1616 1617//1617
f 1616//1616 1618//1618 1617//1617
f 1617//1617 1618//1618 1619//1619
f 1620//1620 1621//1621 1622//1622
f 1621//1621 1623//1623 1622//1622
f 1622//1622 1623//1623 1624//1624
f 1625//1625 1626//1626 1627//1627
f 1626//1626 1628//1628 1627//1627
f 1629//1629 1630//1630 1631//1631
f 1630//1630 1632//1632 1631//1631
f 1631//1631 1632//1632 1633//1633
f 1634//1634 1635//1635 1636//1636
f 1635//1635 1637//1637 1636//1636
f 1636//1636 1637//1637 1638//1638
f 1639//1639 1640//1640 1641//1641
f 1640//1640 1642//1642 1641//1641
f 1641//1641 1642//1642 1643//1643
f 1644//1644 1645//1645 1646//1646
f 1645//1645 1647//1647 1646//1646
f 1646//1646 1647//1647 1648//1648
f 1649//1649 1650//1650 1651//1651
f 1650//1650 1652//1652 1651//1651
f 1651//1651 1652//1652 1653//1653
f 1652//1652 1654//1654 1653//1653
f 1653//1653 1654//1654 1655//1655
f 1656//1656 1657//1657 1658//1658
f 1659//1659 1660//1660 1661//1661
f 1660//1660 1662//1662 1661//1661
f 1661//1661 1662//1662 1663//1663
f 1662//1662 1664//1664 1663//1663
f 1663//1663 1664//1664 1665//1665
f 1666//1666 1667//1667 1668//1668
f 1667//1667 1669//1669 1668//1668
f 1668//1668 1669//1669 1670//1670
f 1671//1671 1672//1672 1673//1673
f 1672//1672 1674//1674 1673//1673
f 1673//1673 1674//1674 1675//1675
f 1676//1676 1677//1677 1678//1678
f 1679//1679 1680//1680 1681//1681
f 1680//1680 1682//1682 1681//1681
f 1681//1681 1682//1682 1683//1683
f 1682//1682 1684//1684 1683//1683
f 1683//1683 1684//1684 1685//1685
f 1686//1686 1687//1687 1688//1688
f 1687//1687 1689//1689 1688//1688
f 1690//1690 1691//1691 1692//1692
f 1691//1691 1693//1693 1692//1692
f 1692//1692 1693//1693 1694//1694
f 1695//1695 1696//1696 1697//1697
f 1696//1696 1698//1698 1697//1697
f 1697//1697 1698//1698 1699//1699
f 1700//1700 1701//1701 1702//1702
f 1703//1703 1704//1704 1705//1705
f 1704//1704 1706//1706 1705//1705
f 1705//1705 1706//1706 1707//1707
f 1706//1706 1708//1708 1707//1707
f 1709//1709 1710//1710 1711//1711
f 1710//1710 1712//1712 1711//1711
f 1711//1711 1712//1712 1713//1713
f 1712//1712 1714//1714 1713//1713
f 1713//1713 1714//1714 1715//1715
f 1716//1716 1717//1717 1718//1718
f 1717//1717 1719//1719 1718//1718
f 1718//1718 1719//1719 1720//1720
f 1721//1721 1722//1722 1723//1723
f 1724//1724 1725//1725 1726//1726
f 1725//1725 1727//1727 1726//1726
f 1726//1726 1727//1727 1728//1728
f 1727//1727 1729//1729 1728//1728
f 1728//1728 1729//1729 1730//1730
f 1731//1731 1732//1732 1733//1733
f 1732//1732 1734//1734 1733//1733
f 1733//1733 1734//1734 1735//1735
f 1734//1734 1736//1736 1735//1735
f 1735//1735 1736//1736 1737//1737
f 1738//1738 1739//1739 1740//1740
f 1739//1739 1741//1741 1740//1740
f 1740//1740 1741//1741 1742//1742
f 1741//1741 1743//1743 1742//1742
f 1742//1742 1743//1743 1744//1744
f 1743//1743 1745//1745 1744//1744
f 1744//1744 1745//1745 1746//1746
f 1745//1745 1747//1747 1746//1746
f 1746//1746 1747//1747 1748//1748
f 1747//1747 1749//1749 1748//1748
f 1748//1748 1749//1749 1750//1750
f 1749//1749 1751//1751 1750//1750
f 1750//1750 1751//1751 1752//1752
f 1751//1751 1753//1753 1752//1752
f 1752//1752 1753//1753 1754//1754
f 1753//1753 1755//1755 1754//1754
f 1754//1754 1755//1755 1756//1756
f 1755//1755 1757//1757 1756//1756
f 1756//1756 1757//1757 1758//1758
f 1757//1757 1759//1759 1758//1758
f 1758//1758 1759//1759 1760//1760
f 1759//1759 1761//1761 1760//1760
f 1760//1760 1761//1761 1762//1762
f 1761//1761 1763//1763 1762//1762
f 1762//1762 1763//1763 1764//1764
f 1763//1763 1765//1765 1764//1764
f 1764//1764 1765//1765 1766//1766
f 1765//1765 1767//1767 1766//1766
f 1766//1766 1767//1767 1768//1768
f 1767//1767 1769//1769 1768//1768
f 1768//1768 1769//1769 1770//1770
f 1769//1769 1771//1771 1770//1770
f 1770//1770 1771//1771 1772//1772
f 1771//1771 1773//1773 1772//1772
f 1772//1772 1773//1773 1774//1774
f 1775//1775 1776//1776 1777//1777
f 1776//1776 1778//1778 1777//1777
f 1777//1777 1778//1778 1779//1779
f 1778//1778 1780//1780 1779//1779
f 1779//1779 1780//1780 1781//1781
f 1780//1780 1782//1782 1781//1781
f 1781//1781 1782//1782 1783//1783
f 1782//1782 1784//1784 1783//1783
f 1783//1783 1784//1784 1785//1785
f 1784//1784 1786//1786 1785//1785
f 1785//1785 1786//1786 1787//1787
f 1786//1786 1788//1788 1787//1787
f 1787//1787 1788//1788 1789//1789
f 1788//1788 1790//1790 1789//1789
f 1789//1789 1790//1790 1791//1791
f 1790//1790 1792//1792 1791//1791
f 1791//1791 1792//1792 1793//1793
f 1792//1792 1794//1794 1793//1793
f 1793//1793 1794//1794 1795//1795
f 1794//1794 1796//1796 1795//1795
f 1795//1795 1796//1796 1797//1797
f 1796//1796 1798//1798 1797//1797
f 1797//1797 1798//1798 1799//1799
f 1798//1798 1800//1800 1799//1799
f 1799//1799 1800//1800 1801//1801
f 1800//1800 1802//1802 1801//1801
f 1801//1801 1802//1802 1803//1803
f 1802//1802 1804//1804 1803//1803
f 1803//1803 1804//1804 1805//1805
f 1804//1804 1806//1806 1805//1805
f 1805//1805 1806//1806 1807//1807
f 1806//1806 1808//1808 1807//1807
f 1807//1807 1808//1808 1809//1809
f 1810//1810 1811//1811 1812//1812
f 1813//1813 1814//1814 1815//1815
f 1816//1816 1817//1817 1818//1818
f 1819//1819 1820//1820 1821//1821
f 1822//1822 1823//1823 1824//1824
f 1823//1823 1825//1825 1824//1824
f 1826//1826 1827//1827 1828//1828
f 1829//1829 1830//1830 1831//1831
f 1832//1832 1833//1833 1834//1834
f 1833//1833 1835//1835 1834//1834
f 1834//1834 1835//1835 1836//1836
f 1835//1835 1837//1837 1836//1836
f 1836//1836 1837//1837 1838//1838
f 1839//1839 1840//1840 1841//1841
f 1842//1842 1843//1843 1844//1844
f 1843//1843 1845//1845 1844//1844
f 1844//1844 1845//1845 1846//1846
f 1845//1845 1847//1847 1846//1846
f 1846//1846 1847//1847 1848//1848
f 1849//1849 1850//1850 1851//1851
f 1852//1852 1853//1853 1854//1854
f 1853//1853 1855//1855 1854//1854
f 1854//1854 1855//1855 1856//1856
f 1855//1855 1857//1857 1856//1856
f 1856//1856 1857//1857 1858//1858
f 1859//1859 1860//1860 1861//1861
f 1862//1862 1863//1863 1864//1864
f 1865//1865 1866//1866 1867//1867
f 1866//1866 1868//1868 1867//1867
f 1867//1867 1868//1868 1869//1869
f 1868//1868 1870//1870 1869//1869
f 1869//1869 1870//1870 1871//1871
f 1872//1872 1873//1873 1874//1874
f 1873//1873 1875//1875 1874//1874
f 1874//1874 1875//1875 1876//1876
f 1877//1877 1878//1878 1879//1879
f 1880//1880 1881//1881 1882//1882
f 1881//1881 1883//1883 1882//1882
f 1882//1882 1883//1883 1884//1884
f 1883//1883 1885//1885 1884//1884
f 1884//1884 1885//1885 1886//1886
f 1887//1887 1888//1888 1889//1889
f 1888//1888 1890//1890 1889//1889
f 1889//1889 1890//1890 1891//1891
f 1890//1890 1892//1892 1891//1891
f 1891//1891 1892//1892 1893//1893
f 1892//1892 1894//1894 1893//1893
f 1893//1893 1894//1894 1895//1895
f 1896//1896 1897//1897 1898//1898
f 1897//1897 1899//1899 1898//1898
f 1898//1898 1899//1899 1900//1900
f 1899//1899 1901//1901 1900//1900
f 1900//1900 1901//1901 1902//1902
f 1903//1903 1904//1904 1905//1905
f 1904//1904 1906//1906 1905//1905
f 1905//1905 1906//1906 1907//1907
f 1908//1908 1909//1909 1910//1910
f 1909//1909 1911//1911 1910//1910
f 1910//1910 1911//1911 1912//1912
f 1913//1913 1914//1914 1915//1915
f 1916//1916 1917//1917 1918//1918
f 1917//1917 1919//1919 1918//1918
f 1918//1918 1919//1919 1920//1920
f 1919//1919 1921//1921 1920//1920
f 1920//1920 1921//1921 1922//1922
f 1923//1923 1924//1924 1925//1925
f 1924//1924 1926//1926 1925//1925
f 1925//1925 1926//1926 1927//1927
f 1928//1928 1929//1929 1930//1930
f 1929//1929 1931//1931 1930//1930
f 1930//1930 1931//1931 1932//1932
f 1933//1933 1934//1934 1935//1935
f 1934//1934 1936//1936 1935//1935
f 1935//1935 1936//1936 1937//1937
f 1938//1938 1939//1939 1940//1940
f 1939//1939 1941//1941 1940//1940
f 1940//1940 1941//1941 1942//1942
f 1943//1943 1944//1944 1945//1945
f 1944//1944 1946//1946 1945//1945
f 1945//1945 1946//1946 1947//1947
f 1946//1946 1948//1948 1947//1947
f 1947//1947 1948//1948 1949//1949
f 1950//1950 1951//1951 1952//1952
f 1951//1951 1953//1953 1952//1952
f 1952//1952 1953//1953 1954//1954
f 1953//1953 1955//1955 1954//1954
f 1954//1954 1955//1955 1956//1956
f 1955//1955 1957//1957 1956//1956
f 1956//1956 1957//1957 1958//1958
f 1959//1959 1960//1960 1961//1961
f 1960//1960 1962//1962 1961//1961
f 1961//1961 1962//1962 1963//1963
f 1964//1964 1965//1965 1966//1966
f 1965//1965 1967//1967 1966//1966
f 1966//1966 1967//1967 1968//1968
f 1969//1969 1970//1970 1971//1971
f 1972//1972 1973//1973 1974//1974
f 1973//1973 1975//1975 1974//1974
f 1974//1974 1975//1975 1976//1976
f 1975//1975 1977//1977 1976//1976
f 1976//1976 1977//1977 1978//1978
f 1979//1979 1980//1980 1981//1981
f 1980//1980 1982//1982 1981//1981
f 1981//1981 1982//1982 1983//1983
f 1984//1984 1985//1985 1986//1986
f 1985//1985 1987//1987 1986//1986
f 1986//1986 1987//1987 1988//1988
f 1989//1989 1990//1990 1991//1991
f 1990//1990 1992//1992 1991//1991
f 1991//1991 1992//1992 1993//1993
f 1992//1992 1994//1994 1993//1993
f 1993//1993 1994//1994 1995//1995
f 1996//1996 1997//1997 1998//1998
f 1997//1997 1999//1999 1998//1998
f 1998//1998 1999//1999 2000//2000
f 2001//2001 2002//2002 2003//2003
f 2002//2002 2004//2004 2003//2003
f 2003//2003 2004//2004 2005//2005
f 2006//2006 2007//2007 2008//2008
f 2007//2007 2009//2009 2008//2008
f 2008//2008 2009//2009 2010//2010
f 2011//2011 2012//2012 2013//2013
f 2012//2012 2014//2014 2013//2013
f 2015//2015 2016//2016 2017//2017
f 2016//2016 2018//2018 2017//2017
f 2017//2017 2018//2018 2019//2019
f 2018//2018 2020//2020 2019//2019
f 2019//2019 2020//2020 2021//2021
f 2020//2020 2022//2022 2021//2021
f 2021//2021 2022//2022 2023//2023
f 2024//2024 2025//2025 2026//2026
f 2025//2025 2027//2027 2026//2026
f 2026//2026 2027//2027 2028//2028
f 2027//2027 2029//2029 2028//2028
f 2028//2028 2029//2029 2030//2030
f 2031//2031 2032//2032 2033//2033
f 2032//2032 2034//2034 2033//2033
f 2033//2033 2034//2034 2035//2035
f 2036//2036 2037//2037 2038//2038
f 2037//2037 2039//2039 2038//2038
f 2038//2038 2039//2039 2040//2040
f 2039//2039 2041//2041 2040//2040
f 2040//2040 2041//2041 2042//2042
f 2043//2043 2044//2044 2045//2045
f 2046//2046 2047//2047 2048//2048
f 2047//2047 2049//2049 2048//2048
f 2048//2048 2049//2049 2050//2050
f 2051//2051 2052//2052 2053//2053
f 2052//2052 2054//2054 2053//2053
f 2053//2053 2054//2054 2055//2055
f 2054//2054 2056//2056 2055//2055
f 2055//2055 2056//2056 2057//2057
f 2058//2058 2059//2059 2060//2060
f 2059//2059 2061//2061 2060//2060
f 2060//2060 2061//2061 2062//2062
f 2063//2063 2064//2064 2065//2065
f 2064//2064 2066//2066 2065//2065
f 2065//2065 2066//2066 2067//2067
f 2066//2066 2068//2068 2067//2067
f 2067//2067 2068//2068 2069//2069
f 2070//2070 2071//2071 2072//2072
f 2071//2071 2073//2073 2072//2072
f 2072//2072 2073//2073 2074//2074
f 2073//2073 2075//2075 2074//2074
f 2076//2076 2077//2077 2078//2078
f 2077//2077 2079//2079 2078//2078
f 2078//2078 2079//2079 2080//2080
f 2079//2079 2081//2081 2080//2080
f 2080//2080 2081//2081 2082//2082
f 2081//2081 2083//2083 2082//2082
f 2082//2082 2083//2083 2084//2084
f 2083//2083 2085//2085 2084//2084
f 2084//2084 2085//2085 2086//2086
f 2085//2085 2087//2087 2086//2086
f 2088//2088 2089//2089 2090//2090
f 2089//2089 2091//2091 2090//2090
f 2090//2090 2091//2091 2092//2092
f 2091//2091 2093//2093 2092//2092
f 2092//2092 2093//2093 2094//2094
f 2093//2093 2095//2095 2094//2094
f 2094//2094 2095//2095 2096//2096
f 2095//2095 2097//2097 2096//2096
f 2096//2096 2097//2097 2098//2098
f 2097//2097 2099//2099 2098//2098
f 2098//2098 2099//2099 2100//2100
f 2099//2099 2101//2101 2100//2100
f 2100//2100 2101//2101 2102//2102
f 2101//2101 2103//2103 2102//2102
f 2102//2102 2103//2103 2104//2104
f 2105//2105 2106//2106 2107//2107
f 2106//2106 2108//2108 2107//2107
f 2107//2107 2108//2108 2109//2109
f 2108//2108 2110//2110 2109//2109
f 2109//2109 2110//2110 2111//2111
f 2110//2110 2112//2112 2111//2111
f 2111//2111 2112//2112 2113//2113
f 2112//2112 2114//2114 2113//2113
f 2113//2113 2114//2114 2115//2115
f 2114//2114 2116//2116 2115//2115
f 2115//2115 2116//2116 2117//2117
f 2116//2116 2118//2118 2117//2117
f 2117//2117 2118//2118 2119//2119
f 2118//2118 2120//2120 2119//2119
f 2119//2119 2120//2120 2121//2121
f 2120//2120 2122//2122 2121//2121
f 2121//2121 2122//2122 2123//2123
f 2122//2122 2124//2124 2123//2123
f 2123//2123 2124//2124 2125//2125
f 2124//2124 2126//2126 2125//2125
f 2125//2125 2126//2126 2127//2127
f 2126//2126 2128//2128 2127//2127
f 2129//2129 2130//2130 2131//2131
f 2130//2130 2132//2132 2131//2131
f 2131//2131 2132//2132 2133//2133
f 2132//2132 2134//2134 2133//2133
f 2133//2133 2134//2134 2135//2135
f 2134//2134 2136//2136 2135//2135
f 2135//2135 2136//2136 2137//2137
f 2136//2136 2138//2138 2137//2137
f 2137//2137 2138//2138 2139//2139
f 2138//2138 2140//2140 2139//2139
f 2139//2139 2140//2140 2141//2141
f 2140//2140 2142//2142 2141//2141
f 2141//2141 2142//2142 2143//2143
f 2142//2142 2144//2144 2143//2143
f 2143//2143 2144//2144 2145//2145
f 2144//2144 2146//2146 2145//2145
f 2145//2145 2146//2146 2147//2147
f 2146//2146 2148//2148 2147//2147
f 2147//2147 2148//2148 2149//2149
f 2148//2148 2150//2150 2149//2149
f 2149//2149 2150//2150 2151//2151
f 2150//2150 2152//2152 2151//2151
f 2151//2151 2152//2152 2153//2153
f 2152//2152 2154//2154 2153//2153
f 2153//2153 2154//2154 2155//2155
f 2154//2154 2156//2156 2155//2155
f 2155//2155 2156//2156 2157//2157
f 2156//2156 2158//2158 2157//2157
f 2157//2157 2158//2158 2159//2159
f 2158//2158 2160//2160 2159//2159
f 2159//2159 2160//2160 2161//2161
f 2162//2162 2163//2163 2164//2164
f 2163//2163 2165//2165 2164//2164
f 2164//2164 2165//2165 2166//2166
f 2165//2165 2167//2167 2166//2166
f 2166//2166 2167//2167 2168//2168
f 2167//2167 2169//2169 2168//2168
f 2168//2168 2169//2169 2170//2170
f 2169//2169 2171//2171 2170//2170
f 2170//2170 2171//2171 2172//2172
f 2171//2171 2173//2173 2172//2172
f 2172//2172 2173//2173 2174//2174
f 2173//2173 2175//2175 2174//2174
f 2174//2174 2175//2175 2176//2176
f 2175//2175 2177//2177 2176//2176
f 2176//2176 2177//2177 2178//2178
f 2177//2177 2179//2179 2178//2178
f 2178//2178 2179//2179 2180//2180
f 2179//2179 2181//2181 2180//2180
f 2180//2180 2181//2181 2182//2182
f 2181//2181 2183//2183 2182//2182
f 2182//2182 2183//2183 2184//2184
f 2183//2183 2185//2185 2184//2184
f 2184//2184 2185//2185 2186//2186
f 2185//2185 2187//2187 2186//2186
f 2186//2186 2187//2187 2188//2188
f 2187//2187 2189//2189 2188//2188
f 2188//2188 2189//2189 2190//2190
f 2189//2189 2191//2191 2190//2190
f 2190//2190 2191//2191 2192//2192
f 2191//2191 2193//2193 2192//2192
f 2192//2192 2193//2193 2194//2194
f 2193//2193 2195//2195 2194//2194
f 2194//2194 2195//2195 2196//2196
f 2195//2195 2197//2197 2196//2196
f 2196//2196 2197//2197 2198//2198
f 2199//2199 2200//2200 2201//2201
f 2202//2202 2203//2203 2204//2204
f 2205//2205 2206//2206 2207//2207
f 2206//2206 2208//2208 2207//2207
f 2207//2207 2208//2208 2209//2209
f 2208//2208 2210//2210 2209//2209
f 2209//2209 2210//2210 2211//2211
f 2212//2212 2213//2213 2214//2214
f 2213//2213 2215//2215 2214//2214
f 2214//2214 2215//2215 2216//2216
f 2215//2215 2217//2217 2216//2216
f 2216//2216 2217//2217 2218//2218
f 2219//2219 2220//2220 2221//2221
f 2220//2220 2222//2222 2221//2221
f 2221//2221 2222//2222 2223//2223
f 2224//2224 2225//2225 2226//2226
f 2225//2225 2227//2227 2226//2226
f 2226//2226 2227//2227 2228//2228
f 2229//2229 2230//2230 2231//2231
f 2230//2230 2232//2232 2231//2231
f 2231//2231 2232//2232 2233//2233
f 2234//2234 2235//2235 2236//2236
f 2237//2237 2238//2238 2239//2239
f 2238//2238 2240//2240 2239//2239
f 2239//2239 2240//2240 2241//2241
f 2242//2242 2243//2243 2244//2244
f 2243//2243 2245//2245 2244//2244
f 2244//2244 2245//2245 2246//2246
f 2247//2247 2248//2248 2249//2249
f 2250//2250 2251//2251 2252//2252
f 2253//2253 2254//2254 2255//2255
f 2254//2254 2256//2256 2255//2255
f 2255//2255 2256//2256 2257//2257
f 2256//2256 2258//2258 2257//2257
f 2259//2259 2260//2260 2261//2261
f 2260//2260 2262//2262 2261//2261
f 2261//2261 2262//2262 2263//2263
f 2262//2262 2264//2264 2263//2263
f 2263//2263 2264//2264 2265//2265
f 2264//2264 2266//2266 2265//2265
f 2267//2267 2268//2268 2269//2269
f 2270//2270 2271//2271 2272//2272
f 2271//2271 2273//2273 2272//2272
f 2272//2272 2273//2273 2274//2274
f 2273//2273 2275//2275 2274//2274
f 2274//2274 2275//2275 2276//2276
f 2277//2277 2278//2278 2279//2279
f 2278//2278 2280//2280 2279//2279
f 2279//2279 2280//2280 2281//2281
f 2280//2280 2282//2282 2281//2281
f 2281//2281 2282//2282 2283//2283
f 2282//2282 2284//2284 2283//2283
f 2283//2283 2284//2284 2285//2285
f 2286//2286 2287//2287 2288//2288
f 2287//2287 2289//2289 2288//2288
f 2288//2288 2289//2289 2290//2290
f 2291//2291 2292//2292 2293//2293
f 2292//2292 2294//2294 2293//2293
f 2293//2293 2294//2294 2295//2295
f 2294//2294 2296//2296 2295//2295
f 2295//2295 2296//2296 2297//2297
f 2296//2296 2298//2298 2297//2297
f 2297//2297 2298//2298 2299//2299
f 2298//2298 2300//2300 2299//2299
f 2299//2299 2300//2300 2301//2301
f 2302//2302 2303//2303 2304//2304
f 2303//2303 2305//2305 2304//2304
f 2304//2304 2305//2305 2306//2306
f 2307//2307 2308//2308 2309//2309
f 2308//2308 2310//2310 2309//2309
f 2309//2309 2310//2310 2311//2311
f 2310//2310 2312//2312 2311//2311
f 2311//2311 2312//2312 2313//2313
f 2314//2314 2315//2315 2316//2316
f 2315//2315 2317//2317 2316//2316
f 2316//2316 2317//2317 2318//2318
f 2317//2317 2319//2319 2318//2318
f 2318//2318 2319//2319 2320//2320
f 2319//2319 2321//2321 2320//2320
f 2320//2320 2321//2321 2322//2322
f 2323//2323 2324//2324 2325//2325
f 2324//2324 2326//2326 2325//2325
f 2325//2325 2326//2326 2327//2327
f 2326//2326 2328//2328 2327//2327
f 2327//2327 2328//2328 2329//2329
f 2330//2330 2331//2331 2332//2332
f 2333//2333 2334//2334 2335//2335
f 2334//2334 2336//2336 2335//2335
f 2335//2335 2336//2336 2337//2337
f 2338//2338 2339//2339 2340//2340
f 2339//2339 2341//2341 2340//2340
f 2340//2340 2341//2341 2342//2342
f 2341//2341 2343//2343 2342//2342
f 2342//2342 2343//2343 2344//2344
f 2345//2345 2346//2346 2347//2347
f 2346//2346 2348//2348 2347//2347
f 2347//2347 2348//2348 2349//2349
f 2350//2350 2351//2351 2352//2352
f 2353//2353 2354//2354 2355//2355
f 2354//2354 2356//2356 2355//2355
f 2355//2355 2356//2356 2357//2357
f 2356//2356 2358//2358 2357//2357
f 2357//2357 2358//2358 2359//2359
f 2360//2360 2361//2361 2362//2362
f 2363//2363 2364//2364 2365//2365
f 2364//2364 2366//2366 2365//2365
f 2365//2365 2366//2366 2367//2367
f 2368//2368 2369//2369 2370//2370
f 2369//2369 2371//2371 2370//2370
f 2370//2370 2371//2371 2372//2372
f 2371//2371 2373//2373 2372//2372
f 2372//2372 2373//2373 2374//2374
f 2373//2373 2375//2375 2374//2374
f 2374//2374 2375//2375 2376//2376
f 2377//2377 2378//2378 2379//2379
f 2380//2380 2381//2381 2382//2382
f 2381//2381 2383//2383 2382//2382
f 2382//2382 2383//2383 2384//2384
f 2383//2383 2385//2385 2384//2384
f 2384//2384 2385//2385 2386//2386
f 2387//2387 2388//2388 2389//2389
f 2388//2388 2390//2390 2389//2389
f 2389//2389 2390//2390 2391//2391
f 2390//2390 2392//2392 2391//2391
f 2391//2391 2392//2392 2393//2393
f 2392//2392 2394//2394 2393//2393
f 2395//2395 2396//2396 2397//2397
f 2396//2396 2398//2398 2397//2397
f 2397//2397 2398//2398 2399//2399
f 2400//2400 2401//2401 2402//2402
f 2401//2401 2403//2403 2402//2402
f 2402//2402 2403//2403 2404//2404
f 2403//2403 2405//2405 2404//2404
f 2404//2404 2405//2405 2406//2406
f 2407//2407 2408//2408 2409//2409
f 2410//2410 2411//2411 2412//2412
f 2411//2411 2413//2413 2412//2412
f 2412//2412 2413//2413 2414//2414
f 2413//2413 2415//2415 2414//2414
f 2414//2414 2415//2415 2416//2416
f 2415//2415 2417//2417 2416//2416
f 2416//2416 2417//2417 2418//2418
f 2419//2419 2420//2420 2421//2421
f 2420//2420 2422//2422 2421//2421
f 2423//2423 2424//2424 2425//2425
f 2424//2424 2426//2426 2425//2425
f 2425//2425 2426//2426 2427//2427
f 2428//2428 2429//2429 2430//2430
f 2429//2429 2431//2431 2430//2430
f 2430//2430 2431//2431 2432//2432
f 2431//2431 2433//2433 2432//2432
f 2434//2434 2435//2435 2436//2436
f 2437//2437 2438//2438 2439//2439
f 2438//2438 2440//2440 2439//2439
f 2439//2439 2440//2440 2441//2441
f 2440//2440 2442//2442 2441//2441
f 2441//2441 2442//2442 2443//2443
f 2444//2444 2445//2445 2446//2446
f 2445//2445 2447//2447 2446//2446
f 2446//2446 2447//2447 2448//2448
f 2449//2449 2450//2450 2451//2451
f 2450//2450 2452//2452 2451//2451
f 2451//2451 2452//2452 2453//2453
f 2452//2452 2454//2454 2453//2453
f 2453//2453 2454//2454 2455//2455
f 2456//2456 2457//2457 2458//2458
f 2457//2457 2459//2459 2458//2458
f 2458//2458 2459//2459 2460//2460
f 2459//2459 2461//2461 2460//2460
f 2460//2460 2461//2461 2462//2462
f 2461//2461 2463//2463 2462//2462
f 2462//2462 2463//2463 2464//2464
f 2463//2463 2465//2465 2464//2464
f 2464//2464 2465//2465 2466//2466
f 2467//2467 2468//2468 2469//2469
f 2470//2470 2471//2471 2472//2472
f 2471//2471 2473//2473 2472//2472
f 2472//2472 2473//2473 2474//2474
f 2475//2475 2476//2476 2477//2477
f 2476//2476 2478//2478 2477//2477
f 2477//2477 2478//2478 2479//2479
f 2480//2480 2481//2481 2482//2482
f 2481//2481 2483//2483 2482//2482
f 2482//2482 2483//2483 2484//2484
f 2485//2485 2486//2486 2487//2487
f 2486//2486 2488//2488 2487//2487
f 2487//2487 2488//2488 2489//2489
f 2490//2490 2491//2491 2492//2492
f 2491//2491 2493//2493 2492//2492
f 2492//2492 2493//2493 2494//2494
f 2495//2495 2496//2496 2497//2497
f 2496//2496 2498//2498 2497//2497
f 2497//2497 2498//2498 2499//2499
f 2500//2500 2501//2501 2502//2502
f 2501//2501 2503//2503 2502//2502
f 2502//2502 2503//2503 2504//2504
f 2505//2505 2506//2506 2507//2507
f 2506//2506 2508//2508 2507//2507
f 2507//2507 2508//2508 2509//2509
f 2510//2510 2511//2511 2512//2512
f 2511//2511 2513//2513 2512//2512
f 2512//2512 2513//2513 2514//2514
f 2513//2513 2515//2515 2514//2514
f 2514//2514 2515//2515 2516//2516
f 2517//2517 2518//2518 2519//2519
f 2518//2518 2520//2520 2519//2519
f 2519//2519 2520//2520 2521//2521
f 2520//2520 2522//2522 2521//2521
f 2521//2521 2522//2522 2523//2523
f 2522//2522 2524//2524 2523//2523
f 2523//2523 2524//2524 2525//2525
f 2524//2524 2526//2526 2525//2525
f 2525//2525 2526//2526 2527//2527
f 2526//2526 2528//2528 2527//2527
f 2527//2527 2528//2528 2529//2529
f 2530//2530 2531//2531 2532//2532
f 2533//2533 2534//2534 2535//2535
f 2534//2534 2536//2536 2535//2535
f 2535//2535 2536//2536 2537//2537
f 2536//2536 2538//2538 2537//2537
f 2537//2537 2538//2538 2539//2539
f 2538//2538 2540//2540 2539//2539
f 2541//2541 2542//2542 2543//2543
f 2544//2544 2545//2545 2546//2546
f 2545//2545 2547//2547 2546//2546
f 2546//2546 2547//2547 2548//2548
f 2547//2547 2549//2549 2548//2548
f 2548//2548 2549//2549 2550//2550
f 2549//2549 2551//2551 2550//2550
f 2552//2552 2553//2553 2554//2554
f 2553//2553 2555//2555 2554//2554
f 2556//2556 2557//2557 2558//2558
f 2557//2557 2559//2559 2558//2558
f 2558//2558 2559//2559 2560//2560
f 2559//2559 2561//2561 2560//2560
f 2560//2560 2561//2561 2562//2562
f 2561//2561 2563//2563 2562//2562
f 2564//2564 2565//2565 2566//2566
f 2565//2565 2567//2567 2566//2566
f 2566//2566 2567//2567 2568//2568
f 2567//2567 2569//2569 2568//2568
f 2568//2568 2569//2569 2570//2570
f 2571//2571 2572//2572 2573//2573
f 2574//2574 2575//2575 2576//2576
f 2575//2575 2577//2577 2576//2576
f 2576//2576 2577//2577 2578//2578
f 2577//2577 2579//2579 2578//2578
f 2580//2580 2581//2581 2582//2582
f 2583//2583 2584//2584 2585//2585
f 2584//2584 2586//2586 2585//2585
f 2585//2585 2586//2586 2587//2587
f 2586//2586 2588//2588 2587//2587
f 2587//2587 2588//2588 2589//2589
f 2588//2588 2590//2590 2589//2589
f 2591//2591 2592//2592 2593//2593
f 2592//2592 2594//2594 2593//2593
f 2593//2593 2594//2594 2595//2595
f 2594//2594 2596//2596 2595//2595
f 2595//2595 2596//2596 2597//2597
f 2596//2596 2598//2598 2597//2597
f 2599//2599 2600//2600 2601//2601
f 2602//2602 2603//2603 2604//2604
f 2603//2603 2605//2605 2604//2604
f 2604//2604 2605//2605 2606//2606
f 2605//2605 2607//2607 2606//2606
f 2606//2606 2607//2607 2608//2608
f 2607//2607 2609//2609 2608//2608
f 2610//2610 2611//2611 2612//2612
f 2611//2611 2613//2613 2612//2612
f 2612//2612 2613//2613 2614//2614
f 2613//2613 2615//2615 2614//2614
f 2614//2614 2615//2615 2616//2616
f 2615//2615 2617//2617 2616//2616
f 2618//2618 2619//2619 2620//2620
f 2619//2619 2621//2621 2620//2620
f 2620//2620 2621//2621 2622//2622
f 2623//2623 2624//2624 2625//2625
f 2624//2624 2626//2626 2625//2625
f 2625//2625 2626//2626 2627//2627
f 2626//2626 2628//2628 2627//2627
f 2627//2627 2628//2628 2629//2629
f 2628//2628 2630//2630 2629//2629
f 2629//2629 2630//2630 2631//2631
f 2630//2630 2632//2632 2631//2631
f 2633//2633 2634//2634 2635//2635
f 2634//2634 2636//2636 2635//2635
f 2635//2635 2636//2636 2637//2637
f 2638//2638 2639//2639 2640//2640
f 2641//2641 2642//2642 2643//2643
f 2642//2642 2644//2644 2643//2643
f 2643//2643 2644//2644 2645//2645
f 2646//2646 2647//2647 2648//2648
f 2649//2649 2650//2650 2651//2651
f 2650//2650 2652//2652 2651//2651
f 2651//2651 2652//2652 2653//2653
f 2652//2652 2654//2654 2653//2653
f 2653//2653 2654//2654 2655//2655
f 2656//2656 2657//2657 2658//2658
f 2657//2657 2659//2659 2658//2658
f 2658//2658 2659//2659 2660//2660
f 2661//2661 2662//2662 2663//2663
f 2662//2662 2664//2664 2663//2663
f 2663//2663 2664//2664 2665//2665
f 2666//2666 2667//2667 2668//2668
f 2667//2667 2669//2669 2668//2668
f 2668//2668 2669//2669 2670//2670
f 2671//2671 2672//2672 2673//2673
f 2672//2672 2674//2674 2673//2673
f 2673//2673 2674//2674 2675//2675
f 2676//2676 2677//2677 2678//2678
f 2679//2679 2680//2680 2681//2681
f 2680//2680 2682//2682 2681//2681
f 2681//2681 2682//2682 2683//2683
f 2684//2684 2685//2685 2686//2686
f 2685//2685 2687//2687 2686//2686
f 2686//2686 2687//2687 2688//2688
f 2689//2689 2690//2690 2691//2691
f 2690//2690 2692//2692 2691//2691
f 2691//2691 2692//2692 2693//2693
f 2694//2694 2695//2695 2696//2696
f 2695//2695 2697//2697 2696//2696
f 2698//2698 2699//2699 2700//2700
f 2701//2701 2702//2702 2703//2703
f 2702//2702 2704//2704 2703//2703
f 2703//2703 2704//2704 2705//2705
f 2706//2706 2707//2707 2708//2708
f 2707//2707 2709//2709 2708//2708
f 2708//2708 2709//2709 2710//2710
f 2711//2711 2712//2712 2713//2713
f 2712//2712 2714//2714 2713//2713
f 2715//2715 2716//2716 2717//2717
f 2716//2716 2718//2718 2717//2717
f 2717//2717 2718//2718 2719//2719
f 2718//2718 2720//2720 2719//2719
f 2719//2719 2720//2720 2721//2721
f 2722//2722 2723//2723 2724//2724
f 2725//2725 2726//2726 2727//2727
f 2726//2726 2728//2728 2727//2727
f 2727//2727 2728//2728 2729//2729
f 2730//2730 2731//2731 2732//2732
f 2731//2731 2733//2733 2732//2732
f 2732//2732 2733//2733 2734//2734
f 2733//2733 2735//2735 2734//2734
f 2734//2734 2735//2735 2736//2736
f 2737//2737 2738//2738 2739//2739
f 2738//2738 2740//2740 2739//2739
f 2739//2739 2740//2740 2741//2741
f 2742//2742 2743//2743 2744//2744
f 2743//2743 2745//2745 2744//2744
f 2744//2744 2745//2745 2746//2746
f 2747//2747 2748//2748 2749//2749
f 2748//2748 2750//2750 2749//2749
f 2749//2749 2750//2750 2751//2751
f 2752//2752 2753//2753 2754//2754
f 2753//2753 2755//2755 2754//2754
f 2754//2754 2755//2755 2756//2756
f 2757//2757 2758//2758 2759//2759
f 2758//2758 2760//2760 2759//2759
f 2759//2759 2760//2760 2761//2761
f 2760//2760 2762//2762 2761//2761
f 2761//2761 2762//2762 2763//2763
f 2764//2764 2765//2765 2766//2766
f 2765//2765 2767//2767 2766//2766
f 2766//2766 2767//2767 2768//2768
f 2769//2769 2770//2770 2771//2771
f 2770//2770 2772//2772 2771//2771
f 2771//2771 2772//2772 2773//2773
f 2774//2774 2775//2775 2776//2776
f 2777//2777 2778//2778 2779//2779
f 2778//2778 2780//2780 2779//2779
f 2779//2779 2780//2780 2781//2781
f 2780//2780 2782//2782 2781//2781
f 2781//2781 2782//2782 2783//2783
f 2784//2784 2785//2785 2786//2786
f 2785//2785 2787//2787 2786//2786
f 2786//2786 2787//2787 2788//2788
f 2787//2787 2789//2789 2788//2788
f 2788//2788 2789//2789 2790//2790
f 2791//2791 2792//2792 2793//2793
f 2792//2792 2794//2794 2793//2793
f 2793//2793 2794//2794 2795//2795
f 2796//2796 2797//2797 2798//2798
f 2797//2797 2799//2799 2798//2798
f 2798//2798 2799//2799 2800//2800
f 2801//2801 2802//2802 2803//2803
f 2802//2802 2804//2804 2803//2803
f 2803//2803 2804//2804 2805//2805
f 2806//2806 2807//2807 2808//2808
f 2807//2807 2809//2809 2808//2808
f 2808//2808 2809//2809 2810//2810
f 2809//2809 2811//2811 2810//2810
f 2810//2810 2811//2811 2812//2812
f 2813//2813 2814//2814 2815//2815
f 2814//2814 2816//2816 2815//2815
f 2815//2815 2816//2816 2817//2817
f 2818//2818 2819//2819 2820//2820
f 2819//2819 2821//2821 2820//2820
f 2820//2820 2821//2821 2822//2822
f 2823//2823 2824//2824 2825//2825
f 2824//2824 2826//2826 2825//2825
f 2825//2825 2826//2826 2827//2827
f 2828//2828 2829//2829 2830//2830
f 2829//2829 2831//2831 2830//2830
f 2830//2830 2831//2831 2832//2832
f 2833//2833 2834//2834 2835//2835
f 2834//2834 2836//2836 2835//2835
f 2835//2835 2836//2836 2837//2837
f 2836//2836 2838//2838 2837//2837
f 2837//2837 2838//2838 2839//2839
f 2840//2840 2841//2841 2842//2842
f 2841//2841 2843//2843 2842//2842
f 2842//2842 2843//2843 2844//2844
f 2845//2845 2846//2846 2847//2847
f 2848//2848 2849//2849 2850//2850
f 2849//2849 2851//2851 2850//2850
f 2850//2850 2851//2851 2852//2852
f 2851//2851 2853//2853 2852//2852
f 2852//2852 2853//2853 2854//2854
f 2855//2855 2856//2856 2857//2857
f 2856//2856 2858//2858 2857//2857
f 2857//2857 2858//2858 2859//2859
f 2858//2858 2860//2860 2859//2859
f 2859//2859 2860//2860 2861//2861
f 2860//2860 2862//2862 2861//2861
f 2861//2861 2862//2862 2863//2863
f 2864//2864 2865//2865 2866//2866
f 2865//2865 2867//2867 2866//2866
f 2866//2866 2867//2867 2868//2868
f 2867//2867 2869//2869 2868//2868
f 2868//2868 2869//2869 2870//2870
f 2869//2869 2871//2871 2870//2870
f 2870//2870 2871//2871 2872//2872
f 2871//2871 2873//2873 2872//2872
f 2872//2872 2873//2873 2874//2874
f 2873//2873 2875//2875 2874//2874
f 2874//2874 2875//2875 2876//2876
f 2875//2875 2877//2877 2876//2876
f 2876//2876 2877//2877 2878//2878
f 2877//2877 2879//2879 2878//2878
f 2878//2878 2879//2879 2880//2880
f 2879//2879 2881//2881 2880//2880
f 2880//2880 2881//2881 2882//2882
f 2881//2881 2883//2883 2882//2882
f 2882//2882 2883//2883 2884//2884
f 2883//2883 2885//2885 2884//2884
f 2884//2884 2885//2885 2886//2886
f 2885//2885 2887//2887 2886//2886
f 2886//2886 2887//2887 2888//2888
f 2889//2889 2890//2890 2891//2891
f 2890//2890 2892//2892 2891//2891
f 2891//2891 2892//2892 2893//2893
f 2892//2892 2894//2894 2893//2893
f 2893//2893 2894//2894 2895//2895
f 2894//2894 2896//2896 2895//2895
f 2895//2895 2896//2896 2897//2897
f 2896//2896 2898//2898 2897//2897
f 2897//2897 2898//2898 2899//2899
f 2898//2898 2900//2900 2899//2899
f 2899//2899 2900//2900 2901//2901
f 2900//2900 2902//2902 2901//2901
f 2901//2901 2902//2902 2903//2903
f 2902//2902 2904//2904 2903//2903
f 2903//2903 2904//2904 2905//2905
f 2904//2904 2906//2906 2905//2905
f 2905//2905 2906//2906 2907//2907
f 2906//2906 2908//2908 2907//2907
f 2907//2907 2908//2908 2909//2909
f 2908//2908 2910//2910 2909//2909
f 2909//2909 2910//2910 2911//2911
f 2910//2910 2912//2912 2911//2911
f 2911//2911 2912//2912 2913//2913
f 2912//2912 2914//2914 2913//2913
f 2913//2913 2914//2914 2915//2915
f 2914//2914 2916//2916 2915//2915
f 2915//2915 2916//2916 2917//2917
f 2916//2916 2918//2918 2917//2917
f 2917//2917 2918//2918 2919//2919
f 2918//2918 2920//2920 2919//2919
f 2919//2919 2920//2920 2921//2921
f 2922//2922 2923//2923 2924//2924
f 2925//2925 2926//2926 2927//2927
f 2926//2926 2928//2928 2927//2927
f 2927//2927 2928//2928 2929//2929
f 2930//2930 2931//2931 2932//2932
f 2931//2931 2933//2933 2932//2932
f 2932//2932 2933//2933 2934//2934
f 2935//2935 2936//2936 2937//2937
f 2936//2936 2938//2938 2937//2937
f 2937//2937 2938//2938 2939//2939
f 2938//2938 2940//2940 2939//2939
f 2939//2939 2940//2940 2941//2941
f 2942//2942 2943//2943 2944//2944
f 2943//2943 2945//2945 2944//2944
f 2944//2944 2945//2945 2946//2946
f 2947//2947 2948//2948 2949//2949
f 2948//2948 2950//2950 2949//2949
f 2949//2949 2950//2950 2951//2951
f 2952//2952 2953//2953 2954//2954
f 2953//2953 2955//2955 2954//2954
f 2954//2954 2955//2955 2956//2956
f 2957//2957 2958//2958 2959//2959
f 2958//2958 2960//2960 2959//2959
f 2959//2959 2960//2960 2961//2961
f 2960//2960 2962//2962 2961//2961
f 2961//2961 2962//2962 2963//2963
f 2964//2964 2965//2965 2966//2966
f 2965//2965 2967//2967 2966//2966
f 2966//2966 2967//2967 2968//2968
f 2969//2969 2970//2970 2971//2971
f 2970//2970 2972//2972 2971//2971
f 2971//2971 2972//2972 2973//2973
f 2974//2974 2975//2975 2976//2976
f 2975//2975 2977//2977 2976//2976
f 2976//2976 2977//2977 2978//2978
f 2979//2979 2980//2980 2981//2981
f 2980//2980 2982//2982 2981//2981
f 2981//2981 2982//2982 2983//2983
f 2982//2982 2984//2984 2983//2983
f 2983//2983 2984//2984 2985//2985
f 2984//2984 2986//2986 2985//2985
f 2985//2985 2986//2986 2987//2987
f 2988//2988 2989//2989 2990//2990
f 2989//2989 2991//2991 2990//2990
f 2990//2990 2991//2991 2992//2992
f 2993//2993 2994//2994 2995//2995
f 2994//2994 2996//2996 2995//2995
f 2995//2995 2996//2996 2997//2997
f 2998//2998 2999//2999 3000//3000
f 2999//2999 3001//3001 3000//3000
f 3000//3000 3001//3001 3002//3002
f 3003//3003 3004//3004 3005//3005
f 3004//3004 3006//3006 3005//3005
f 3005//3005 3006//3006 3007//3007
f 3006//3006 3008//3008 3007//3007
f 3007//3007 3008//3008 3009//3009
f 3010//3010 3011//3011 3012//3012
f 3011//3011 3013//3013 3012//3012
f 3012//3012 3013//3013 3014//3014
f 3015//3015 3016//3016 3017//3017
f 3016//3016 3018//3018 3017//3017
f 3017//3017 3018//3018 3019//3019
f 3020//3020 3021//3021 3022//3022
f 3021//3021 3023//3023 3022//3022
f 3022//3022 3023//3023 3024//3024
f 3025//3025 3026//3026 3027//3027
f 3026//3026 3028//3028 3027//3027
f 3027//3027 3028//3028 3029//3029
f 3028//3028 3030//3030 3029//3029
f 3029//3029 3030//3030 3031//3031
f 3032//3032 3033//3033 3034//3034
f 3033//3033 3035//3035 3034//3034
f 3034//3034 3035//3035 3036//3036
f 3037//3037 3038//3038 3039//3039
f 3038//3038 3040//3040 3039//3039
f 3039//3039 3040//3040 3041//3041
f 3042//3042 3043//3043 3044//3044
f 3043//3043 3045//3045 3044//3044
f 3044//3044 3045//3045 3046//3046
f 3047//3047 3048//3048 3049//3049
f 3048//3048 3050//3050 3049//3049
f 3049//3049 3050//3050 3051//3051
f 3050//3050 3052//3052 3051//3051
f 3051//3051 3052//3052 3053//3053
f 3052//3052 3054//3054 3053//3053
f 3053//3053 3054//3054 3055//3055
f 3054//3054 3056//3056 3055//3055
f 3055//3055 3056//3056 3057//3057
f 3058//3058 3059//3059 3060//3060
f 3059//3059 3061//3061 3060//3060
f 3060//3060 3061//3061 3062//3062
f 3061//3061 3063//3063 3062//3062
f 3062//3062 3063//3063 3064//3064
f 3063//3063 3065//3065 3064//3064
f 3064//3064 3065//3065 3066//3066
f 3065//3065 3067//3067 3066//3066
f 3066//3066 3067//3067 3068//3068
f 3067//3067 3069//3069 3068//3068
f 3068//3068 3069//3069 3070//3070
f 3069//3069 3071//3071 3070//3070
f 3070//3070 3071//3071 3072//3072
f 3071//3071 3073//3073 3072//3072
f 3072//3072 3073//3073 3074//3074
f 3073//3073 3075//3075 3074//3074
f 3074//3074 3075//3075 3076//3076
f 3075//3075 3077//3077 3076//3076
f 3076//3076 3077//3077 3078//3078
f 3077//3077 3079//3079 3078//3078
f 3078//3078 3079//3079 3080//3080
f 3079//3079 3081//3081 3080//3080
f 3080//3080 3081//3081 3082//3082
f 3081//3081 3083//3083 3082//3082
f 3082//3082 3083//3083 3084//3084
f 3083//3083 3085//3085 3084//3084
f 3084//3084 3085//3085 3086//3086
f 3085//3085 3087//3087 3086//3086
f 3086//3086 3087//3087 3088//3088
f 3087//3087 3089//3089 3088//3088
f 3088//3088 3089//3089 3090//3090
f 3089//3089 3091//3091 3090//3090
f 3090//3090 3091//3091 3092//3092
f 3091//3091 3093//3093 3092//3092
f 3092//3092 3093//3093 3094//3094
f 3093//3093 3095//3095 3094//3094
f 3094//3094 3095//3095 3096//3096
f 3095//3095 3097//3097 3096//3096
f 3096//3096 3097//3097 3098//3098
f 3097//3097 3099//3099 3098//3098
f 3098//3098 3099//3099 3100//3100
f 3099//3099 3101//3101 3100//3100
f 3100//3100 3101//3101 3102//3102
f 3101//3101 3103//3103 3102//3102
f 3102//3102 3103//3103 3104//3104
f 3103//3103 3105//3105 3104//3104
f 3104//3104 3105//3105 3106//3106
f 3105//3105 3107//3107 3106//3106
f 3106//3106 3107//3107 3108//3108
f 3107//3107 3109//3109 3108//3108
f 3108//3108 3109//3109 3110//3110
f 3109//3109 3111//3111 3110//3110
f 3112//3112 3113//3113 3114//3114
f 3113//3113 3115//3115 3114//3114
f 3114//3114 3115//3115 3116//3116
f 3115//3115 3117//3117 3116//3116
f 3116//3116 3117//3117 3118//3118
f 3117//3117 3119//3119 3118//3118
f 3118//3118 3119//3119 3120//3120
f 3119//3119 3121//3121 3120//3120
f 3120//3120 3121//3121 3122//3122
f 3121//3121 3123//3123 3122//3122
f 3122//3122 3123//3123 3124//3124
f 3123//3123 3125//3125 3124//3124
f 3124//3124 3125//3125 3126//3126
f 3125//3125 3127//3127 3126//3126
f 3126//3126 3127//3127 3128//3128
f 3127//3127 3129//3129 3128//3128
f 3128//3128 3129//3129 3130//3130
f 3129//3129 3131//3131 3130//3130
f 3130//3130 3131//3131 3132//3132
f 3131//3131 3133//3133 3132//3132
f 3132//3132 3133//3133 3134//3134
f 3133//3133 3135//3135 3134//3134
f 3134//3134 3135//3135 3136//3136
f 3137//3137 3138//3138 3139//3139
f 3138//3138 3140//3140 3139//3139
f 3139//3139 3140//3140 3141//3141
f 3140//3140 3142//3142 3141//3141
f 3141//3141 3142//3142 3143//3143
f 3142//3142 3144//3144 3143//3143
f 3143//3143 3144//3144 3145//3145
f 3144//3144 3146//3146 3145//3145
f 3145//3145 3146//3146 3147//3147
f 3146//3146 3148//3148 3147//3147
f 3147//3147 3148//3148 3149//3149
f 3148//3148 3150//3150 3149//3149
f 3149//3149 3150//3150 3151//3151
f 3150//3150 3152//3152 3151//3151
f 3151//3151 3152//3152 3153//3153
f 3152//3152 3154//3154 3153//3153
f 3153//3153 3154//3154 3155//3155
f 3154//3154 3156//3156 3155//3155
f 3155//3155 3156//3156 3157//3157
f 3156//3156 3158//3158 3157//3157
f 3157//3157 3158//3158 3159//3159
f 3158//3158 3160//3160 3159//3159
f 3159//3159 3160//3160 3161//3161
f 3160//3160 3162//3162 3161//3161
f 3161//3161 3162//3162 3163//3163
f 3162//3162 3164//3164 3163//3163
f 3163//3163 3164//3164 3165//3165
f 3166//3166 3167//3167 3168//3168
f 3167//3167 3169//3169 3168//3168
f 3168//3168 3169//3169 3170//3170
f 3169//3169 3171//3171 3170//3170
f 3170//3170 3171//3171 3172//3172
f 3171//3171 3173//3173 3172//3172
f 3172//3172 3173//3173 3174//3174
f 3173//3173 3175//3175 3174//3174
f 3174//3174 3175//3175 3176//3176
f 3175//3175 3177//3177 3176//3176
f 3176//3176 3177//3177 3178//3178
f 3177//3177 3179//3179 3178//3178
f 3178//3178 3179//3179 3180//3180
f 3179//3179 3181//3181 3180//3180
f 3180//3180 3181//3181 3182//3182
f 3181//3181 3183//3183 3182//3182
f 3182//3182 3183//3183 3184//3184
f 3183//3183 3185//3185 3184//3184
f 3184//3184 3185//3185 3186//3186
f 3185//3185 3187//3187 3186//3186
f 3186//3186 3187//3187 3188//3188
f 3187//3187 3189//3189 3188//3188
f 3188//3188 3189//3189 3190//3190
f 3189//3189 3191//3191 3190//3190
f 3190//3190 3191//3191 3192//3192
f 3191//3191 3193//3193 3192//3192
f 3192//3192 3193//3193 3194//3194
f 3193//3193 3195//3195 3194//3194
f 3194//3194 3195//3195 3196//3196
f 3195//3195 3197//3197 3196//3196
f 3196//3196 3197//3197 3198//3198
f 3197//3197 3199//3199 3198//3198
f 3198//3198 3199//3199 3200//3200
f 3199//3199 3201//3201 3200//3200
f 3200//3200 3201//3201 3202//3202
f 3201//3201 3203//3203 3202//3202
f 3202//3202 3203//3203 3204//3204
f 3203//3203 3205//3205 3204//3204
f 3204//3204 3205//3205 3206//3206
f 3205//3205 3207//3207 3206//3206
f 3206//3206 3207//3207 3208//3208
f 3207//3207 3209//3209 3208//3208
f 3208//3208 3209//3209 3210//3210
f 3209//3209 3211//3211 3210//3210
f 3210//3210 3211//3211 3212//3212
f 3211//3211 3213//3213 3212//3212
f 3212//3212 3213//3213 3214//3214
f 3213//3213 3215//3215 3214//3214
f 3214//3214 3215//3215 3216//3216
f 3215//3215 3217//3217 3216//3216
f 3216//3216 3217//3217 3218//3218
f 3217//3217 3219//3219 3218//3218
f 3220//3220 3221//3221 3222//3222
f 3223//3223 3224//3224 3225//3225
f 3224//3224 3226//3226 3225//3225
f 3227//3227 3228//3228 3229//3229
f 3228//3228 3230//3230 3229//3229
f 3229//3229 3230//3230 3231//3231
f 3230//3230 3232//3232 3231//3231
f 3231//3231 3232//3232 3233//3233
f 3232//3232 3234//3234 3233//3233
f 3233//3233 3234//3234 3235//3235
f 3236//3236 3237//3237 3238//3238
f 3237//3237 3239//3239 3238//3238
f 3238//3238 3239//3239 3240//3240
f 3241//3241 3242//3242 3243//3243
f 3242//3242 3244//3244 3243//3243
f 3243//3243 3244//3244 3245//3245
f 3244//3244 3246//3246 3245//3245
f 3245//3245 3246//3246 3247//3247
f 3248//3248 3249//3249 3250//3250
f 3249//3249 3251//3251 3250//3250
f 3250//3250 3251//3251 3252//3252
f 3251//3251 3253//3253 3252//3252
f 3252//3252 3253//3253 3254//3254
f 3253//3253 3255//3255 3254//3254
f 3254//3254 3255//3255 3256//3256
f 3257//3257 3258//3258 3259//3259
f 3258//3258 3260//3260 3259//3259
f 3259//3259 3260//3260 3261//3261
f 3262//3262 3263//3263 3264//3264
f 3263//3263 3265//3265 3264//3264
f 3264//3264 3265//3265 3266//3266
f 3267//3267 3268//3268 3269//3269
f 3268//3268 3270//3270 3269//3269
f 3269//3269 3270//3270 3271//3271
f 3272//3272 3273//3273 3274//3274
f 3273//3273 3275//3275 3274//3274
f 3274//3274 3275//3275 3276//3276
f 3275//3275 3277//3277 3276//3276
f 3276//3276 3277//3277 3278//3278
f 3277//3277 3279//3279 3278//3278
f 3278//3278 3279//3279 3280//3280
f 3281//3281 3282//3282 3283//3283
f 3282//3282 3284//3284 3283//3283
f 3283//3283 3284//3284 3285//3285
f 3286//3286 3287//3287 3288//3288
f 3287//3287 3289//3289 3288//3288
f 3288//3288 3289//3289 3290//3290
f 3289//3289 3291//3291 3290//3290
f 3290//3290 3291//3291 3292//3292
f 3293//3293 3294//3294 3295//3295
f 3294//3294 3296//3296 3295//3295
f 3295//3295 3296//3296 3297//3297
f 3296//3296 3298//3298 3297//3297
f 3297//3297 3298//3298 3299//3299
f 3298//3298 3300//3300 3299//3299
f 3299//3299 3300//3300 3301//3301
f 3302//3302 3303//3303 3304//3304
f 3303//3303 3305//3305 3304//3304
f 3304//3304 3305//3305 3306//3306
f 3307//3307 3308//3308 3309//3309
f 3308//3308 3310//3310 3309//3309
f 3309//3309 3310//3310 3311//3311
f 3310//3310 3312//3312 3311//3311
f 3311//3311 3312//3312 3313//3313
f 3314//3314 3315//3315 3316//3316
f 3315//3315 3317//3317 3316//3316
f 3316//3316 3317//3317 3318//3318
f 3317//3317 3319//3319 3318//3318
f 3318//3318 3319//3319 3320//3320
f 3321//3321 3322//3322 3323//3323
f 3322//3322 3324//3324 3323//3323
f 3325//3325 3326//3326 3327//3327
f 3326//3326 3328//3328 3327//3327
f 3327//3327 3328//3328 3329//3329
f 3328//3328 3330//3330 3329//3329
f 3329//3329 3330//3330 3331//3331
f 3332//3332 3333//3333 3334//3334
f 3333//3333 3335//3335 3334//3334
f 3334//3334 3335//3335 3336//3336
f 3335//3335 3337//3337 3336//3336
f 3336//3336 3337//3337 3338//3338
f 3339//3339 3340//3340 3341//3341
f 3340//3340 3342//3342 3341//3341
f 3341//3341 3342//3342 3343//3343
f 3344//3344 3345//3345 3346//3346
f 3345//3345 3347//3347 3346//3346
f 3346//3346 3347//3347 3348//3348
f 3347//3347 3349//3349 3348//3348
f 3348//3348 3349//3349 3350//3350
f 3351//3351 3352//3352 3353//3353
f 3352//3352 3354//3354 3353//3353
f 3353//3353 3354//3354 3355//3355
f 3354//3354 3356//3356 3355//3355
f 3355//3355 3356//3356 3357//3357
f 3358//3358 3359//3359 3360//3360
f 3361//3361 3362//3362 3363//3363
f 3364//3364 3365//3365 3366//3366
f 3365//3365 3367//3367 3366//3366
f 3366//3366 3367//3367 3368//3368
f 3367//3367 3369//3369 3368//3368
f 3370//3370 3371//3371 3372//3372
f 3371//3371 3373//3373 3372//3372
f 3372//3372 3373//3373 3374//3374
f 3375//3375 3376//3376 3377//3377
f 3378//3378 3379//3379 3380//3380
f 3379//3379 3381//3381 3380//3380
f 3380//3380 3381//3381 3382//3382
f 3381//3381 3383//3383 3382//3382
f 3382//3382 3383//3383 3384//3384
f 3385//3385 3386//3386 3387//3387
f 3386//3386 3388//3388 3387//3387
f 3387//3387 3388//3388 3389//3389
f 3390//3390 3391//3391 3392//3392
f 3391//3391 3393//3393 3392//3392
f 3392//3392 3393//3393 3394//3394
f 3393//3393 3395//3395 3394//3394
f 3394//3394 3395//3395 3396//3396
f 3395//3395 3397//3397 3396//3396
f 3398//3398 3399//3399 3400//3400
f 3399//3399 3401//3401 3400//3400
f 3400//3400 3401//3401 3402//3402
f 3401//3401 3403//3403 3402//3402
f 3402//3402 3403//3403 3404//3404
f 3403//3403 3405//3405 3404//3404
f 3404//3404 3405//3405 3406//3406
f 3405//3405 3407//3407 3406//3406
f 3406//3406 3407//3407 3408//3408
f 3407//3407 3409//3409 3408//3408
f 3408//3408 3409//3409 3410//3410
f 3411//3411 3412//3412 3413//3413
f 3412//3412 3414//3414 3413//3413
f 3415//3415 3416//3416 3417//3417
f 3416//3416 3418//3418 3417//3417
f 3417//3417 3418//3418 3419//3419
f 3418//3418 3420//3420 3419//3419
f 3419//3419 3420//3420 3421//3421
f 3422//3422 3423//3423 3424//3424
f 3423//3423 3425//3425 3424//3424
f 3424//3424 3425//3425 3426//3426
f 3425//3425 3427//3427 3426//3426
f 3428//3428 3429//3429 3430//3430
f 3429//3429 3431//3431 3430//3430
f 3430//3430 3431//3431 3432//3432
f 3431//3431 3433//3433 3432//3432
f 3432//3432 3433//3433 3434//3434
f 3435//3435 3436//3436 3437//3437
f 3438//3438 3439//3439 3440//3440
f 3441//3441 3442//3442 3443//3443
f 3444//3444 3445//3445 3446//3446
f 3447//3447 3448//3448 3449//3449
f 3450//3450 3451//3451 3452//3452
f 3453//3453 3454//3454 3455//3455
f 3456//3456 3457//3457 3458//3458
f 3459//3459 3460//3460 3461//3461
f 3462//3462 3463//3463 3464//3464
f 3465//3465 3466//3466 3467//3467
f 3468//3468 3469//3469 3470//3470
f 3469//3469 3471//3471 3470//3470
f 3470//3470 3471//3471 3472//3472
f 3471//3471 3473//3473 3472//3472
f 3472//3472 3473//3473 3474//3474
f 3473//3473 3475//3475 3474//3474
f 3474//3474 3475//3475 3476//3476
f 3475//3475 3477//3477 3476//3476
f 3476//3476 3477//3477 3478//3478
f 3477//3477 3479//3479 3478//3478
f 3478//3478 3479//3479 3480//3480
f 3481//3481 3482//3482 3483//3483
f 3482//3482 3484//3484 3483//3483
f 3483//3483 3484//3484 3485//3485
f 3484//3484 3486//3486 3485//3485
f 3485//3485 3486//3486 3487//3487
f 3488//3488 3489//3489 3490//3490
f 3489//3489 3491//3491 3490//3490
f 3490//3490 3491//3491 3492//3492
f 3491//3491 3493//3493 3492//3492
f 3492//3492 3493//3493 3494//3494
f 3495//3495 3496//3496 3497//3497
f 3498//3498 3499//3499 3500//3500
f 3499//3499 3501//3501 3500//3500
f 3500//3500 3501//3501 3502//3502
f 3503//3503 3504//3504 3505//3505
f 3506//3506 3507//3507 3508//3508
f 3507//3507 3509//3509 3508//3508
f 3508//3508 3509//3509 3510//3510
f 3511//3511 3512//3512 3513//3513
f 3512//3512 3514//3514 3513//3513
f 3513//3513 3514//3514 3515//3515
f 3514//3514 3516//3516 3515//3515
f 3515//3515 3516//3516 3517//3517
f 3518//3518 3519//3519 3520//3520
f 3519//3519 3521//3521 3520//3520
f 3520//3520 3521//3521 3522//3522
f 3521//3521 3523//3523 3522//3522
f 3524//3524 3525//3525 3526//3526
f 3527//3527 3528//3528 3529//3529
f 3528//3528 3530//3530 3529//3529
f 3529//3529 3530//3530 3531//3531
f 3532//3532 3533//3533 3534//3534
f 3533//3533 3535//3535 3534//3534
f 3534//3534 3535//3535 3536//3536
f 3537//3537 3538//3538 3539//3539
f 3538//3538 3540//3540 3539//3539
f 3539//3539 3540//3540 3541//3541
f 3540//3540 3542//3542 3541//3541
f 3541//3541 3542//3542 3543//3543
f 3544//3544 3545//3545 3546//3546
f 3545//3545 3547//3547 3546//3546
f 3546//3546 3547//3547 3548//3548
f 3549//3549 3550//3550 3551//3551
f 3550//3550 3552//3552 3551//3551
f 3551//3551 3552//3552 3553//3553
f 3552//3552 3554//3554 3553//3553
f 3553//3553 3554//3554 3555//3555
f 3556//3556 3557//3557 3558//3558
f 3557//3557 3559//3559 3558//3558
f 3558//3558 3559//3559 3560//3560
f 3559//3559 3561//3561 3560//3560
f 3560//3560 3561//3561 3562//3562
f 3563//3563 3564//3564 3565//3565
f 3564//3564 3566//3566 3565//3565
f 3565//3565 3566//3566 3567//3567
f 3566//3566 3568//3568 3567//3567
f 3567//3567 3568//3568 3569//3569
f 3568//3568 3570//3570 3569//3569
f 3569//3569 3570//3570 3571//3571
f 3572//3572 3573//3573 3574//3574
f 3573//3573 3575//3575 3574//3574
f 3574//3574 3575//3575 3576//3576
f 3575//3575 3577//3577 3576//3576
f 3576//3576 3577//3577 3578//3578
f 3579//3579 3580//3580 3581//3581
f 3580//3580 3582//3582 3581//3581
f 3581//3581 3582//3582 3583//3583
f 3582//3582 3584//3584 3583//3583
f 3583//3583 3584//3584 3585//3585
f 3584//3584 3586//3586 3585//3585
f 3585//3585 3586//3586 3587//3587
f 3588//3588 3589//3589 3590//3590
f 3589//3589 3591//3591 3590//3590
f 3590//3590 3591//3591 3592//3592
f 3591//3591 3593//3593 3592//3592
f 3592//3592 3593//3593 3594//3594
f 3595//3595 3596//3596 3597//3597
f 3596//3596 3598//3598 3597//3597
f 3597//3597 3598//3598 3599//3599
f 3598//3598 3600//3600 3599//3599
f 3599//3599 3600//3600 3601//3601
f 3602//3602 3603//3603 3604//3604
f 3603//3603 3605//3605 3604//3604
f 3604//3604 3605//3605 3606//3606
f 3605//3605 3607//3607 3606//3606
f 3606//3606 3607//3607 3608//3608
f 3607//3607 3609//3609 3608//3608
f 3608//3608 3609//3609 3610//3610
f 3611//3611 3612//3612 3613//3613
f 3612//3612 3614//3614 3613//3613
f 3613//3613 3614//3614 3615//3615
f 3614//3614 3616//3616 3615//3615
f 3615//3615 3616//3616 3617//3617
f 3618//3618 3619//3619 3620//3620
f 3619//3619 3621//3621 3620//3620
f 3620//3620 3621//3621 3622//3622
f 3621//3621 3623//3623 3622//3622
f 3622//3622 3623//3623 3624//3624
f 3625//3625 3626//3626 3627//3627
f 3626//3626 3628//3628 3627//3627
f 3627//3627 3628//3628 3629//3629
f 3628//3628 3630//3630 3629//3629
f 3629//3629 3630//3630 3631//3631
f 3630//3630 3632//3632 3631//3631
f 3631//3631 3632//3632 3633//3633
f 3634//3634 3635//3635 3636//3636
f 3635//3635 3637//3637 3636//3636
f 3638//3638 3639//3639 3640//3640
f 3639//3639 3641//3641 3640//3640
f 3640//3640 3641//3641 3642//3642
f 3641//3641 3643//3643 3642//3642
f 3642//3642 3643//3643 3644//3644
f 3645//3645 3646//3646 3647//3647
f 3646//3646 3648//3648 3647//3647
f 3647//3647 3648//3648 3649//3649
f 3648//3648 3650//3650 3649//3649
f 3649//3649 3650//3650 3651//3651
f 3652//3652 3653//3653 3654//3654
f 3653//3653 3655//3655 3654//3654
f 3654//3654 3655//3655 3656//3656
f 3655//3655 3657//3657 3656//3656
f 3656//3656 3657//3657 3658//3658
f 3659//3659 3660//3660 3661//3661
f 3660//3660 3662//3662 3661//3661
f 3661//3661 3662//3662 3663//3663
f 3664//3664 3665//3665 3666//3666
f 3665//3665 3667//3667 3666//3666
f 3666//3666 3667//3667 3668//3668
f 3667//3667 3669//3669 3668//3668
f 3668//3668 3669//3669 3670//3670
f 3671//3671 3672//3672 3673//3673
f 3672//3672 3674//3674 3673//3673
f 3673//3673 3674//3674 3675//3675
f 3674//3674 3676//3676 3675//3675
f 3675//3675 3676//3676 3677//3677
f 3676//3676 3678//3678 3677//3677
f 3677//3677 3678//3678 3679//3679
f 3680//3680 3681//3681 3682//3682
f 3681//3681 3683//3683 3682//3682
f 3682//3682 3683//3683 3684//3684
f 3683//3683 3685//3685 3684//3684
f 3684//3684 3685//3685 3686//3686
f 3685//3685 3687//3687 3686//3686
f 3686//3686 3687//3687 3688//3688
f 3689//3689 3690//3690 3691//3691
f 3690//3690 3692//3692 3691//3691
f 3691//3691 3692//3692 3693//3693
f 3692//3692 3694//3694 3693//3693
f 3693//3693 3694//3694 3695//3695
f 3694//3694 3696//3696 3695//3695
f 3695//3695 3696//3696 3697//3697
f 3696//3696 3698//3698 3697//3697
f 3699//3699 3700//3700 3701//3701
f 3700//3700 3702//3702 3701//3701
f 3701//3701 3702//3702 3703//3703
f 3702//3702 3704//3704 3703//3703
f 3703//3703 3704//3704 3705//3705
f 3704//3704 3706//3706 3705//3705
f 3705//3705 3706//3706 3707//3707
f 3706//3706 3708//3708 3707//3707
f 3707//3707 3708//3708 3709//3709
f 3708//3708 3710//3710 3709//3709
f 3709//3709 3710//3710 3711//3711
f 3710//3710 3712//3712 3711//3711
f 3711//3711 3712//3712 3713//3713
f 3712//3712 3714//3714 3713//3713
f 3713//3713 3714//3714 3715//3715
f 3714//3714 3716//3716 3715//3715
f 3715//3715 3716//3716 3717//3717
f 3716//3716 3718//3718 3717//3717
f 3717//3717 3718//3718 3719//3719
f 3718//3718 3720//3720 3719//3719
f 3719//3719 3720//3720 3721//3721
f 3720//3720 3722//3722 3721//3721
f 3721//3721 3722//3722 3723//3723
f 3722//3722 3724//3724 3723//3723
f 3723//3723 3724//3724 3725//3725
f 3724//3724 3726//3726 3725//3725
f 3725//3725 3726//3726 3727//3727
f 3726//3726 3728//3728 3727//3727
f 3727//3727 3728//3728 3729//3729
f 3728//3728 3730//3730 3729//3729
f 3729//3729 3730//3730 3731//3731
f 3730//3730 3732//3732 3731//3731
f 3731//3731 3732//3732 3733//3733
f 3732//3732 3734//3734 3733//3733
f 3733//3733 3734//3734 3735//3735
f 3734//3734 3736//3736 3735//3735
f 3735//3735 3736//3736 3737//3737
f 3736//3736 3738//3738 3737//3737
f 3737//3737 3738//3738 3739//3739
f 3738//3738 3740//3740 3739//3739
f 3739//3739 3740//3740 3741//3741
f 3740//3740 3742//3742 3741//3741
f 3741//3741 3742//3742 3743//3743
f 3742//3742 3744//3744 3743//3743
f 3743//3743 3744//3744 3745//3745
f 3744//3744 3746//3746 3745//3745
f 3745//3745 3746//3746 3747//3747
f 3748//3748 3749//3749 3750//3750
f 3749//3749 3751//3751 3750//3750
f 3750//3750 3751//3751 3752//3752
f 3751//3751 3753//3753 3752//3752
f 3752//3752 3753//3753 3754//3754
f 3753//3753 3755//3755 3754//3754
f 3754//3754 3755//3755 3756//3756
f 3755//3755 3757//3757 3756//3756
f 3756//3756 3757//3757 3758//3758
f 3757//3757 3759//3759 3758//3758
f 3758//3758 3759//3759 3760//3760
f 3759//3759 3761//3761 3760//3760
f 3760//3760 3761//3761 3762//3762
f 3761//3761 3763//3763 3762//3762
f 3762//3762 3763//3763 3764//3764
f 3763//3763 3765//3765 3764//3764
f 3764//3764 3765//3765 3766//3766
f 3765//3765 3767//3767 3766//3766
f 3766//3766 3767//3767 3768//3768
f 3767//3767 3769//3769 3768//3768
f 3768//3768 3769//3769 3770//3770
f 3769//3769 3771//3771 3770//3770
f 3770//3770 3771//3771 3772//3772
f 3771//3771 3773//3773 3772//3772
f 3772//3772 3773//3773 3774//3774
f 3773//3773 3775//3775 3774//3774
f 3774//3774 3775//3775 3776//3776
f 3775//3775 3777//3777 3776//3776
f 3776//3776 3777//3777 3778//3778
f 3777//3777 3779//3779 3778//3778
f 3778//3778 3779//3779 3780//3780
f 3779//3779 3781//3781 3780//3780
f 3780//3780 3781//3781 3782//3782
f 3781//3781 3783//3783 3782//3782
f 3782//3782 3783//3783 3784//3784
f 3783//3783 3785//3785 3784//3784
f 3784//3784 3785//3785 3786//3786
f 3785//3785 3787//3787 3786//3786
f 3786//3786 3787//3787 3788//3788
f 3787//3787 3789//3789 3788//3788
f 3788//3788 3789//3789 3790//3790
f 3789//3789 3791//3791 3790//3790
f 3790//3790 3791//3791 3792//3792
f 3791//3791 3793//3793 3792//3792
f 3792//3792 3793//3793 3794//3794
f 3793//3793 3795//3795 3794//3794
f 3794//3794 3795//3795 3796//3796
f 3795//3795 3797//3797 3796//3796
f 3796//3796 3797//3797 3798//3798
f 3797//3797 3799//3799 3798//3798
f 3798//3798 3799//3799 3800//3800
f 3799//3799 3801//3801 3800//3800
f 3800//3800 3801//3801 3802//3802
f 3803//3803 3804//3804 3805//3805
f 3804//3804 3806//3806 3805//3805
f 3805//3805 3806//3806 3807//3807
f 3806//3806 3808//3808 3807//3807
f 3807//3807 3808//3808 3809//3809
f 3808//3808 3810//3810 3809//3809
f 3809//3809 3810//3810 3811//3811
f 3810//3810 3812//3812 3811//3811
f 3811//3811 3812//3812 3813//3813
f 3812//3812 3814//3814 3813//3813
f 3813//3813 3814//3814 3815//3815
f 3814//3814 3816//3816 3815//3815
f 3815//3815 3816//3816 3817//3817
f 3816//3816 3818//3818 3817//3817
f 3817//3817 3818//3818 3819//3819
f 3818//3818 3820//3820 3819//3819
f 3819//3819 3820//3820 3821//3821
f 3820//3820 3822//3822 3821//3821
f 3821//3821 3822//3822 3823//3823
f 3822//3822 3824//3824 3823//3823
f 3823//3823 3824//3824 3825//3825
f 3824//3824 3826//3826 3825//3825
f 3825//3825 3826//3826 3827//3827
f 3826//3826 3828//3828 3827//3827
f 3827//3827 3828//3828 3829//3829
f 3828//3828 3830//3830 3829//3829
f 3829//3829 3830//3830 3831//3831
f 3830//3830 3832//3832 3831//3831
f 3831//3831 3832//3832 3833//3833
f 3832//3832 3834//3834 3833//3833
f 3833//3833 3834//3834 3835//3835
f 3834//3834 3836//3836 3835//3835
f 3835//3835 3836//3836 3837//3837
f 3836//3836 3838//3838 3837//3837
f 3837//3837 3838//3838 3839//3839
f 3838//3838 3840//3840 3839//3839
f 3839//3839 3840//3840 3841//3841
f 3840//3840 3842//3842 3841//3841
f 3841//3841 3842//3842 3843//3843
f 3842//3842 3844//3844 3843//3843
f 3843//3843 3844//3844 3845//3845
f 3844//3844 3846//3846 3845//3845
f 3845//3845 3846//3846 3847//3847
f 3846//3846 3848//3848 3847//3847
f 3847//3847 3848//3848 3849//3849
f 3848//3848 3850//3850 3849//3849
f 3849//3849 3850//3850 3851//3851
f 3850//3850 3852//3852 3851//3851
f 3851//3851 3852//3852 3853//3853
f 3854//3854 3855//3855 3856//3856
f 3855//3855 3857//3857 3856//3856
f 3856//3856 3857//3857 3858//3858
f 3857//3857 3859//3859 3858//3858
f 3858//3858 3859//3859 3860//3860
f 3859//3859 3861//3861 3860//3860
f 3860//3860 3861//3861 3862//3862
f 3861//3861 3863//3863 3862//3862
f 3862//3862 3863//3863 3864//3864
f 3863//3863 3865//3865 3864//3864
f 3864//3864 3865//3865 3866//3866
f 3865//3865 3867//3867 3866//3866
f 3866//3866 3867//3867 3868//3868
f 3867//3867 3869//3869 3868//3868
f 3868//3868 3869//3869 3870//3870
f 3869//3869 3871//3871 3870//3870
f 3870//3870 3871//3871 3872//3872
f 3871//3871 3873//3873 3872//3872
f 3872//3872 3873//3873 3874//3874
f 3873//3873 3875//3875 3874//3874
f 3874//3874 3875//3875 3876//3876
f 3875//3875 3877//3877 3876//3876
f 3876//3876 3877//3877 3878//3878
f 3877//3877 3879//3879 3878//3878
f 3878//3878 3879//3879 3880//3880
f 3879//3879 3881//3881 3880//3880
f 3880//3880 3881//3881 3882//3882
f 3881//3881 3883//3883 3882//3882
f 3882//3882 3883//3883 3884//3884
f 3883//3883 3885//3885 3884//3884
f 3884//3884 3885//3885 3886//3886
f 3885//3885 3887//3887 3886//3886
f 3886//3886 3887//3887 3888//3888
f 3887//3887 3889//3889 3888//3888
f 3888//3888 3889//3889 3890//3890
f 3889//3889 3891//3891 3890//3890
f 3890//3890 3891//3891 3892//3892
f 3891//3891 3893//3893 3892//3892
f 3892//3892 3893//3893 3894//3894
f 3893//3893 3895//3895 3894//3894
f 3894//3894 3895//3895 3896//3896
f 3895//3895 3897//3897 3896//3896
f 3896//3896 3897//3897 3898//3898
f 3897//3897 3899//3899 3898//3898
f 3898//3898 3899//3899 3900//3900
f 3899//3899 3901//3901 3900//3900
f 3900//3900 3901//3901 3902//3902
f 3901//3901 3903//3903 3902//3902
f 3902//3902 3903//3903 3904//3904
f 3905//3905 3906//3906 3907//3907
f 3906//3906 3908//3908 3907//3907
f 3907//3907 3908//3908 3909//3909
f 3908//3908 3910//3910 3909//3909
f 3909//3909 3910//3910 3911//3911
f 3910//3910 3912//3912 3911//3911
f 3911//3911 3912//3912 3913//3913
f 3912//3912 3914//3914 3913//3913
f 3913//3913 3914//3914 3915//3915
f 3914//3914 3916//3916 3915//3915
f 3915//3915 3916//3916 3917//3917
f 3916//3916 3918//3918 3917//3917
f 3917//3917 3918//3918 3919//3919
f 3918//3918 3920//3920 3919//3919
f 3919//3919 3920//3920 3921//3921
f 3920//3920 3922//3922 3921//3921
f 3921//3921 3922//3922 3923//3923
f 3922//3922 3924//3924 3923//3923
f 3923//3923 3924//3924 3925//3925
f 3924//3924 3926//3926 3925//3925
f 3925//3925 3926//3926 3927//3927
f 3926//3926 3928//3928 3927//3927
f 3927//3927 3928//3928 3929//3929
f 3928//3928 3930//3930 3929//3929
f 3929//3929 3930//3930 3931//3931
f 3930//3930 3932//3932 3931//3931
f 3931//3931 3932//3932 3933//3933
f 3932//3932 3934//3934 3933//3933
f 3933//3933 3934//3934 3935//3935
f 3934//3934 3936//3936 3935//3935
f 3935//3935 3936//3936 3937//3937
f 3936//3936 3938//3938 3937//3937
f 3937//3937 3938//3938 3939//3939
f 3938//3938 3940//3940 3939//3939
f 3939//3939 3940//3940 3941//3941
f 3940//3940 3942//3942 3941//3941
f 3941//3941 3942//3942 3943//3943
f 3942//3942 3944//3944 3943//3943
f 3943//3943 3944//3944 3945//3945
f 3944//3944 3946//3946 3945//3945
f 3945//3945 3946//3946 3947//3947
f 3946//3946 3948//3948 3947//3947
f 3947//3947 3948//3948 3949//3949
f 3948//3948 3950//3950 3949//3949
f 3949//3949 3950//3950 3951//3951
f 3950//3950 3952//3952 3951//3951
f 3951//3951 3952//3952 3953//3953
f 3952//3952 3954//3954 3953//3953
f 3953//3953 3954//3954 3955//3955
f 3956//3956 3957//3957 3958//3958
f 3957//3957 3959//3959 3958//3958
f 3958//3958 3959//3959 3960//3960
f 3961//3961 3962//3962 3963//3963
f 3962//3962 3964//3964 3963//3963
f 3963//3963 3964//3964 3965//3965
f 3964//3964 3966//3966 3965//3965
f 3965//3965 3966//3966 3967//3967
f 3966//3966 3968//3968 3967//3967
f 3967//3967 3968//3968 3969//3969
f 3968//3968 3970//3970 3969//3969
f 3969//3969 3970//3970 3971//3971
f 3970//3970 3972//3972 3971//3971
f 3971//3971 3972//3972 3973//3973
f 3972//3972 3974//3974 3973//3973
f 3973//3973 3974//3974 3975//3975
f 3974//3974 3976//3976 3975//3975
f 3977//3977 3978//3978 3979//3979
f 3978//3978 3980//3980 3979//3979
f 3979//3979 3980//3980 3981//3981
f 3980//3980 3982//3982 3981//3981
f 3981//3981 3982//3982 3983//3983
f 3982//3982 3984//3984 3983//3983
f 3983//3983 3984//3984 3985//3985
f 3984//3984 3986//3986 3985//3985
f 3985//3985 3986//3986 3987//3987
f 3986//3986 3988//3988 3987//3987
f 3987//3987 3988//3988 3989//3989
f 3988//3988 3990//3990 3989//3989
f 3989//3989 3990//3990 3991//3991
f 3990//3990 3992//3992 3991//3991
f 3993//3993 3994//3994 3995//3995
f 3994//3994 3996//3996 3995//3995
f 3995//3995 3996//3996 3997//3997
f 3996//3996 3998//3998 3997//3997
f 3997//3997 3998//3998 3999//3999
f 3998//3998 4000//4000 3999//3999
f 3999//3999 4000//4000 4001//4001
f 4000//4000 4002//4002 4001//4001
f 4001//4001 4002//4002 4003//4003
f 4002//4002 4004//4004 4003//4003
f 4003//4003 4004//4004 4005//4005
f 4004//4004 4006//4006 4005//4005
f 4005//4005 4006//4006 4007//4007
f 4006//4006 4008//4008 4007//4007
f 4009//4009 4010//4010 4011//4011
f 4010//4010 4012//4012 4011//4011
f 4011//4011 4012//4012 4013//4013
f 4012//4012 4014//4014 4013//4013
f 4013//4013 4014//4014 4015//4015
f 4014//4014 4016//4016 4015//4015
f 4015//4015 4016//4016 4017//4017
f 4016//4016 4018//4018 4017//4017
f 4017//4017 4018//4018 4019//4019
f 4018//4018 4020//4020 4019//4019
f 4019//4019 4020//4020 4021//4021
f 4020//4020 4022//4022 4021//4021
f 4021//4021 4022//4022 4023//4023
f 4022//4022 4024//4024 4023//4023
f 4025//4025 4026//4026 4027//4027
f 4026//4026 4028//4028 4027//4027
f 4029//4029 4030//4030 4031//4031
f 4030//4030 4032//4032 4031//4031
f 4031//4031 4032//4032 4033//4033
f 4032//4032 4034//4034 4033//4033
f 4033//4033 4034//4034 4035//4035
f 4034//4034 4036//4036 4035//4035
f 4035//4035 4036//4036 4037//4037
f 4036//4036 4038//4038 4037//4037
f 4037//4037 4038//4038 4039//4039
f 4038//4038 4040//4040 4039//4039
f 4039//4039 4040//4040 4041//4041
f 4040//4040 4042//4042 4041//4041
f 4041//4041 4042//4042 4043//4043
f 4042//4042 4044//4044 4043//4043
f 4045//4045 4046//4046 4047//4047
f 4046//4046 4048//4048 4047//4047
f 4047//4047 4048//4048 4049//4049
f 4048//4048 4050//4050 4049//4049
f 4049//4049 4050//4050 4051//4051
f 4050//4050 4052//4052 4051//4051
f 4051//4051 4052//4052 4053//4053
f 4052//4052 4054//4054 4053//4053
f 4053//4053 4054//4054 4055//4055
f 4054//4054 4056//4056 4055//4055
f 4055//4055 4056//4056 4057//4057
f 4056//4056 4058//4058 4057//4057
f 4057//4057 4058//4058 4059//4059
f 4058//4058 4060//4060 4059//4059
f 4061//4061 4062//4062 4063//4063
f 4064//4064 4065//4065 4066//4066
f 4067//4067 4068//4068 4069//4069
f 4068//4068 4070//4070 4069//4069
f 4069//4069 4070//4070 4071//4071
f 4072//4072 4073//4073 4074//4074
f 4073//4073 4075//4075 4074//4074
f 4074//4074 4075//4075 4076//4076
f 4075//4075 4077//4077 4076//4076
f 4076//4076 4077//4077 4078//4078
f 4079//4079 4080//4080 4081//4081
f 4082//4082 4083//4083 4084//4084
f 4083//4083 4085//4085 4084//4084
f 4084//4084 4085//4085 4086//4086
f 4085//4085 4087//4087 4086//4086
f 4086//4086 4087//4087 4088//4088
f 4087//4087 4089//4089 4088//4088
f 4088//4088 4089//4089 4090//4090
f 4091//4091 4092//4092 4093//4093
f 4092//4092 4094//4094 4093//4093
f 4093//4093 4094//4094 4095//4095
f 4094//4094 4096//4096 4095//4095
f 4095//4095 4096//4096 4097//4097
f 4096//4096 4098//4098 4097//4097
f 4097//4097 4098//4098 4099//4099
f 4100//4100 4101//4101 4102//4102
f 4101//4101 4103//4103 4102//4102
f 4102//4102 4103//4103 4104//4104
f 4103//4103 4105//4105 4104//4104
f 4106//4106 4107//4107 4108//4108
f 4107//4107 4109//4109 4108//4108
f 4108//4108 4109//4109 4110//4110
f 4111//4111 4112//4112 4113//4113
f 4112//4112 4114//4114 4113//4113
f 4113//4113 4114//4114 4115//4115
f 4114//4114 4116//4116 4115//4115
f 4117//4117 4118//4118 4119//4119
f 4120//4120 4121//4121 4122//4122
f 4121//4121 4123//4123 4122//4122
f 4122//4122 4123//4123 4124//4124
f 4123//4123 4125//4125 4124//4124
f 4124//4124 4125//4125 4126//4126
f 4127//4127 4128//4128 4129//4129
f 4128//4128 4130//4130 4129//4129
f 4129//4129 4130//4130 4131//4131
f 4132//4132 4133//4133 4134//4134
f 4135//4135 4136//4136 4137//4137
f 4136//4136 4138//4138 4137//4137
f 4137//4137 4138//4138 4139//4139
f 4138//4138 4140//4140 4139//4139
f 4139//4139 4140//4140 4141//4141
f 4140//4140 4142//4142 4141//4141
f 4141//4141 4142//4142 4143//4143
f 4144//4144 4145//4145 4146//4146
f 4145//4145 4147//4147 4146//4146
f 4146//4146 4147//4147 4148//4148
f 4147//4147 4149//4149 4148//4148
f 4148//4148 4149//4149 4150//4150
f 4149//4149 4151//4151 4150//4150
f 4152//4152 4153//4153 4154//4154
f 4153//4153 4155//4155 4154//4154
f 4154//4154 4155//4155 4156//4156
f 4155//4155 4157//4157 4156//4156
f 4156//4156 4157//4157 4158//4158
f 4157//4157 4159//4159 4158//4158
f 4158//4158 4159//4159 4160//4160
f 4159//4159 4161//4161 4160//4160
f 4160//4160 4161//4161 4162//4162
f 4161//4161 4163//4163 4162//4162
f 4162//4162 4163//4163 4164//4164
f 4165//4165 4166//4166 4167//4167
f 4168//4168 4169//4169 4170//4170
f 4171//4171 4172//4172 4173//4173
f 4174//4174 4175//4175 4176//4176
f 4177//4177 4178//4178 4179//4179
f 4180//4180 4181//4181 4182//4182
f 4181//4181 4183//4183 4182//4182
f 4182//4182 4183//4183 4184//4184
f 4185//4185 4186//4186 4187//4187
f 4186//4186 4188//4188 4187//4187
f 4189//4189 4190//4190 4191//4191
f 4190//4190 4192//4192 4191//4191
f 4191//4191 4192//4192 4193//4193
f 4194//4194 4195//4195 4196//4196
f 4195//4195 4197//4197 4196//4196
f 4196//4196 4197//4197 4198//4198
f 4199//4199 4200//4200 4201//4201
f 4200//4200 4202//4202 4201//4201
f 4201//4201 4202//4202 4203//4203
f 4204//4204 4205//4205 4206//4206
f 4205//4205 4207//4207 4206//4206
f 4206//4206 4207//4207 4208//4208
f 4209//4209 4210//4210 4211//4211
f 4210//4210 4212//4212 4211//4211
f 4211//4211 4212//4212 4213//4213
f 4214//4214 4215//4215 4216//4216
f 4215//4215 4217//4217 4216//4216
f 4216//4216 4217//4217 4218//4218
f 4217//4217 4219//4219 4218//4218
f 4218//4218 4219//4219 4220//4220
f 4221//4221 4222//4222 4223//4223
f 4222//4222 4224//4224 4223//4223
f 4223//4223 4224//4224 4225//4225
f 4226//4226 4227//4227 4228//4228
f 4229//4229 4230//4230 4231//4231
f 4230//4230 4232//4232 4231//4231
f 4233//4233 4234//4234 4235//4235
f 4234//4234 4236//4236 4235//4235
f 4235//4235 4236//4236 4237//4237
f 4238//4238 4239//4239 4240//4240
f 4241//4241 4242//4242 4243//4243
f 4242//4242 4244//4244 4243//4243
f 4243//4243 4244//4244 4245//4245
f 4246//4246 4247//4247 4248//4248
f 4247//4247 4249//4249 4248//4248
f 4248//4248 4249//4249 4250//4250
f 4251//4251 4252//4252 4253//4253
f 4252//4252 4254//4254 4253//4253
f 4255//4255 4256//4256 4257//4257
f 4256//4256 4258//4258 4257//4257
f 4257//4257 4258//4258 4259//4259
f 4260//4260 4261//4261 4262//4262
f 4261//4261 4263//4263 4262//4262
f 4262//4262 4263//4263 4264//4264
f 4263//4263 4265//4265 4264//4264
f 4264//4264 4265//4265 4266//4266
f 4267//4267 4268//4268 4269//4269
f 4268//4268 4270//4270 4269//4269
f 4271//4271 4272//4272 4273//4273
f 4272//4272 4274//4274 4273//4273
f 4273//4273 4274//4274 4275//4275
f 4274//4274 4276//4276 4275//4275
f 4275//4275 4276//4276 4277//4277
f 4278//4278 4279//4279 4280//4280
f 4279//4279 4281//4281 4280//4280
f 4280//4280 4281//4281 4282//4282
f 4281//4281 4283//4283 4282//4282
f 4282//4282 4283//4283 4284//4284
f 4285//4285 4286//4286 4287//4287
f 4288//4288 4289//4289 4290//4290
f 4291//4291 4292//4292 4293//4293
f 4294//4294 4295//4295 4296//4296
f 4295//4295 4297//4297 4296//4296
f 4296//4296 4297//4297 4298//4298
f 4297//4297 4299//4299 4298//4298
f 4298//4298 4299//4299 4300//4300
f 4299//4299 4301//4301 4300//4300
f 4300//4300 4301//4301 4302//4302
f 4301//4301 4303//4303 4302//4302
f 4302//4302 4303//4303 4304//4304
f 4303//4303 4305//4305 4304//4304
f 4304//4304 4305//4305 4306//4306
f 4307//4307 4308//4308 4309//4309
f 4308//4308 4310//4310 4309//4309
f 4309//4309 4310//4310 4311//4311
f 4310//4310 4312//4312 4311//4311
f 4311//4311 4312//4312 4313//4313
f 4312//4312 4314//4314 4313//4313
f 4313//4313 4314//4314 4315//4315
f 4314//4314 4316//4316 4315//4315
f 4315//4315 4316//4316 4317//4317
f 4316//4316 4318//4318 4317//4317
f 4317//4317 4318//4318 4319//4319
f 4318//4318 4320//4320 4319//4319
f 4319//4319 4320//4320 4321//4321
f 4322//4322 4323//4323 4324//4324
f 4325//4325 4326//4326 4327//4327
f 4326//4326 4328//4328 4327//4327
f 4327//4327 4328//4328 4329//4329
f 4330//4330 4331//4331 4332//4332
f 4331//4331 4333//4333 4332//4332
f 4332//4332 4333//4333 4334//4334
f 4335//4335 4336//4336 4337//4337
f 4336//4336 4338//4338 4337//4337
f 4337//4337 4338//4338 4339//4339
f 4340//4340 4341//4341 4342//4342
f 4341//4341 4343//4343 4342//4342
f 4342//4342 4343//4343 4344//4344
f 4343//4343 4345//4345 4344//4344
f 4344//4344 4345//4345 4346//4346
f 4345//4345 4347//4347 4346//4346
f 4348//4348 4349//4349 4350//4350
f 4349//4349 4351//4351 4350//4350
f 4350//4350 4351//4351 4352//4352
f 4351//4351 4353//4353 4352//4352
f 4352//4352 4353//4353 4354//4354
f 4355//4355 4356//4356 4357//4357
f 4358//4358 4359//4359 4360//4360
f 4359//4359 4361//4361 4360//4360
f 4360//4360 4361//4361 4362//4362
f 4361//4361 4363//4363 4362//4362
f 4362//4362 4363//4363 4364//4364
f 4363//4363 4365//4365 4364//4364
f 4364//4364 4365//4365 4366//4366
f 4365//4365 4367//4367 4366//4366
f 4366//4366 4367//4367 4368//4368
f 4367//4367 4369//4369 4368//4368
f 4370//4370 4371//4371 4372//4372
f 4371//4371 4373//4373 4372//4372
f 4372//4372 4373//4373 4374//4374
f 4375//4375 4376//4376 4377//4377
f 4376//4376 4378//4378 4377//4377
f 4377//4377 4378//4378 4379//4379
f 4378//4378 4380//4380 4379//4379
f 4379//4379 4380//4380 4381//4381
f 4380//4380 4382//4382 4381//4381
f 4381//4381 4382//4382 4383//4383
f 4382//4382 4384//4384 4383//4383
f 4383//4383 4384//4384 4385//4385
f 4384//4384 4386//4386 4385//4385
f 4385//4385 4386//4386 4387//4387
f 4386//4386 4388//4388 4387//4387
f 4387//4387 4388//4388 4389//4389
f 4388//4388 4390//4390 4389//4389
f 4389//4389 4390//4390 4391//4391
f 4390//4390 4392//4392 4391//4391
f 4393//4393 4394//4394 4395//4395
f 4394//4394 4396//4396 4395//4395
f 4395//4395 4396//4396 4397//4397
f 4396//4396 4398//4398 4397//4397
f 4397//4397 4398//4398 4399//4399
f 4400//4400 4401//4401 4402//4402
f 4401//4401 4403//4403 4402//4402
f 4402//4402 4403//4403 4404//4404
f 4403//4403 4405//4405 4404//4404
f 4406//4406 4407//4407 4408//4408
f 4407//4407 4409//4409 4408//4408
f 4408//4408 4409//4409 4410//4410
f 4409//4409 4411//4411 4410//4410
f 4412//4412 4413//4413 4414//4414
f 4413//4413 4415//4415 4414//4414
f 4414//4414 4415//4415 4416//4416
f 4417//4417 4418//4418 4419//4419
f 4418//4418 4420//4420 4419//4419
f 4419//4419 4420//4420 4421//4421
f 4420//4420 4422//4422 4421//4421
f 4421//4421 4422//4422 4423//4423
f 4422//4422 4424//4424 4423//4423
f 4423//4423 4424//4424 4425//4425
f 4426//4426 4427//4427 4428//4428
f 4427//4427 4429//4429 4428//4428
f 4428//4428 4429//4429 4430//4430
f 4429//4429 4431//4431 4430//4430
f 4430//4430 4431//4431 4432//4432
f 4431//4431 4433//4433 4432//4432
f 4432//4432 4433//4433 4434//4434
f 4433//4433 4435//4435 4434//4434
f 4434//4434 4435//4435 4436//4436
f 4437//4437 4438//4438 4439//4439
f 4438//4438 4440//4440 4439//4439
f 4439//4439 4440//4440 4441//4441
f 4440//4440 4442//4442 4441//4441
f 4441//4441 4442//4442 4443//4443
f 4442//4442 4444//4444 4443//4443
f 4443//4443 4444//4444 4445//4445
f 4444//4444 4446//4446 4445//4445
f 4445//4445 4446//4446 4447//4447
f 4446//4446 4448//4448 4447//4447
f 4447//4447 4448//4448 4449//4449
f 4448//4448 4450//4450 4449//4449
f 4449//4449 4450//4450 4451//4451
f 4452//4452 4453//4453 4454//4454
f 4453//4453 4455//4455 4454//4454
f 4454//4454 4455//4455 4456//4456
f 4455//4455 4457//4457 4456//4456
f 4456//4456 4457//4457 4458//4458
f 4457//4457 4459//4459 4458//4458
f 4458//4458 4459//4459 4460//4460
f 4461//4461 4462//4462 4463//4463
f 4464//4464 4465//4465 4466//4466
f 4467//4467 4468//4468 4469//4469
f 4468//4468 4470//4470 4469//4469
f 4471//4471 4472//4472 4473//4473
f 4474//4474 4475//4475 4476//4476
f 4475//4475 4477//4477 4476//4476
f 4476//4476 4477//4477 4478//4478
f 4477//4477 4479//4479 4478//4478
f 4478//4478 4479//4479 4480//4480
f 4481//4481 4482//4482 4483//4483
f 4482//4482 4484//4484 4483//4483
f 4485//4485 4486//4486 4487//4487
f 4486//4486 4488//4488 4487//4487
f 4487//4487 4488//4488 4489//4489
f 4488//4488 4490//4490 4489//4489
f 4491//4491 4492//4492 4493//4493
f 4494//4494 4495//4495 4496//4496
f 4495//4495 4497//4497 4496//4496
f 4496//4496 4497//4497 4498//4498
f 4497//4497 4499//4499 4498//4498
f 4500//4500 4501//4501 4502//4502
f 4503//4503 4504//4504 4505//4505
f 4504//4504 4506//4506 4505//4505
f 4505//4505 4506//4506 4507//4507
f 4506//4506 4508//4508 4507//4507
f 4509//4509 4510//4510 4511//4511
f 4512//4512 4513//4513 4514//4514
f 4513//4513 4515//4515 4514//4514
f 4514//4514 4515//4515 4516//4516
f 4515//4515 4517//4517 4516//4516
f 4518//4518 4519//4519 4520//4520
f 4519//4519 4521//4521 4520//4520
f 4520//4520 4521//4521 4522//4522
f 4523//4523 4524//4524 4525//4525
f 4524//4524 4526//4526 4525//4525
f 4525//4525 4526//4526 4527//4527
f 4526//4526 4528//4528 4527//4527
f 4529//4529 4530//4530 4531//4531
f 4530//4530 4532//4532 4531//4531
f 4531//4531 4532//4532 4533//4533
f 4534//4534 4535//4535 4536//4536
f 4535//4535 4537//4537 4536//4536
f 4536//4536 4537//4537 4538//4538
f 4537//4537 4539//4539 4538//4538
f 4538//4538 4539//4539 4540//4540
f 4539//4539 4541//4541 4540//4540
f 4540//4540 4541//4541 4542//4542
f 4543//4543 4544//4544 4545//4545
f 4544//4544 4546//4546 4545//4545
f 4545//4545 4546//4546 4547//4547
f 4548//4548 4549//4549 4550//4550
f 4549//4549 4551//4551 4550//4550
f 4550//4550 4551//4551 4552//4552
f 4551//4551 4553//4553 4552//4552
f 4552//4552 4553//4553 4554//4554
f 4553//4553 4555//4555 4554//4554
f 4554//4554 4555//4555 4556//4556
f 4557//4557 4558//4558 4559//4559
f 4558//4558 4560//4560 4559//4559
f 4559//4559 4560//4560 4561//4561
f 4560//4560 4562//4562 4561//4561
f 4561//4561 4562//4562 4563//4563
f 4562//4562 4564//4564 4563//4563
f 4563//4563 4564//4564 4565//4565
f 4564//4564 4566//4566 4565//4565
f 4565//4565 4566//4566 4567//4567
f 4566//4566 4568//4568 4567//4567
f 4567//4567 4568//4568 4569//4569
f 4568//4568 4570//4570 4569//4569
f 4569//4569 4570//4570 4571//4571
f 4572//4572 4573//4573 4574//4574
f 4575//4575 4576//4576 4577//4577
f 4576//4576 4578//4578 4577//4577
f 4577//4577 4578//4578 4579//4579
f 4578//4578 4580//4580 4579//4579
f 4579//4579 4580//4580 4581//4581
f 4582//4582 4583//4583 4584//4584
f 4583//4583 4585//4585 4584//4584
f 4584//4584 4585//4585 4586//4586
f 4585//4585 4587//4587 4586//4586
f 4586//4586 4587//4587 4588//4588
f 4589//4589 4590//4590 4591//4591
f 4590//4590 4592//4592 4591//4591
f 4591//4591 4592//4592 4593//4593
f 4592//4592 4594//4594 4593//4593
f 4593//4593 4594//4594 4595//4595
f 4596//4596 4597//4597 4598//4598
f 4597//4597 4599//4599 4598//4598
f 4598//4598 4599//4599 4600//4600
f 4599//4599 4601//4601 4600//4600
f 4600//4600 4601//4601 4602//4602
f 4603//4603 4604//4604 4605//4605
f 4604//4604 4606//4606 4605//4605
f 4605//4605 4606//4606 4607//4607
f 4606//4606 4608//4608 4607//4607
f 4607//4607 4608//4608 4609//4609
f 4610//4610 4611//4611 4612//4612
f 4611//4611 4613//4613 4612//4612
f 4612//4612 4613//4613 4614//4614
f 4613//4613 4615//4615 4614//4614
f 4614//4614 4615//4615 4616//4616
f 4615//4615 4617//4617 4616//4616
f 4616//4616 4617//4617 4618//4618
f 4619//4619 4620//4620 4621//4621
f 4620//4620 4622//4622 4621//4621
f 4621//4621 4622//4622 4623//4623
f 4622//4622 4624//4624 4623//4623
f 4623//4623 4624//4624 4625//4625
f 4626//4626 4627//4627 4628//4628
f 4627//4627 4629//4629 4628//4628
f 4628//4628 4629//4629 4630//4630
f 4629//4629 4631//4631 4630//4630
f 4630//4630 4631//4631 4632//4632
f 4633//4633 4634//4634 4635//4635
f 4634//4634 4636//4636 4635//4635
f 4635//4635 4636//4636 4637//4637
f 4636//4636 4638//4638 4637//4637
f 4637//4637 4638//4638 4639//4639
f 4640//4640 4641//4641 4642//4642
f 4641//4641 4643//4643 4642//4642
f 4642//4642 4643//4643 4644//4644
f 4643//4643 4645//4645 4644//4644
f 4644//4644 4645//4645 4646//4646
f 4647//4647 4648//4648 4649//4649
f 4650//4650 4651//4651 4652//4652
f 4651//4651 4653//4653 4652//4652
f 4652//4652 4653//4653 4654//4654
f 4655//4655 4656//4656 4657//4657
f 4658//4658 4659//4659 4660//4660
f 4659//4659 4661//4661 4660//4660
f 4660//4660 4661//4661 4662//4662
f 4661//4661 4663//4663 4662//4662
f 4664//4664 4665//4665 4666//4666
f 4667//4667 4668//4668 4669//4669
f 4668//4668 4670//4670 4669//4669
f 4669//4669 4670//4670 4671//4671
f 4670//4670 4672//4672 4671//4671
f 4673//4673 4674//4674 4675//4675
f 4674//4674 4676//4676 4675//4675
f 4677//4677 4678//4678 4679//4679
f 4678//4678 4680//4680 4679//4679
f 4679//4679 4680//4680 4681//4681
f 4680//4680 4682//4682 4681//4681
f 4683//4683 4684//4684 4685//4685
f 4686//4686 4687//4687 4688//4688
f 4687//4687 4689//4689 4688//4688
f 4688//4688 4689//4689 4690//4690
f 4689//4689 4691//4691 4690//4690
f 4692//4692 4693//4693 4694//4694
f 4693//4693 4695//4695 4694//4694
f 4694//4694 4695//4695 4696//4696
f 4697//4697 4698//4698 4699//4699
f 4698//4698 4700//4700 4699//4699
f 4699//4699 4700//4700 4701//4701
f 4700//4700 4702//4702 4701//4701
f 4703//4703 4704//4704 4705//4705
f 4704//4704 4706//4706 4705//4705
f 4705//4705 4706//4706 4707//4707
f 4708//4708 4709//4709 4710//4710
f 4709//4709 4711//4711 4710//4710
f 4710//4710 4711//4711 4712//4712
f 4711//4711 4713//4713 4712//4712
f 4712//4712 4713//4713 4714//4714
f 4713//4713 4715//4715 4714//4714
f 4714//4714 4715//4715 4716//4716
f 4717//4717 4718//4718 4719//4719
f 4718//4718 4720//4720 4719//4719
f 4719//4719 4720//4720 4721//4721
f 4722//4722 4723//4723 4724//4724
f 4723//4723 4725//4725 4724//4724
f 4724//4724 4725//4725 4726//4726
f 4725//4725 4727//4727 4726//4726
f 4726//4726 4727//4727 4728//4728
f 4727//4727 4729//4729 4728//4728
f 4728//4728 4729//4729 4730//4730
f 4731//4731 4732//4732 4733//4733
f 4732//4732 4734//4734 4733//4733
f 4733//4733 4734//4734 4735//4735
f 4734//4734 4736//4736 4735//4735
f 4735//4735 4736//4736 4737//4737
f 4736//4736 4738//4738 4737//4737
f 4737//4737 4738//4738 4739//4739
f 4738//4738 4740//4740 4739//4739
f 4739//4739 4740//4740 4741//4741
f 4742//4742 4743//4743 4744//4744
f 4745//4745 4746//4746 4747//4747
f 4746//4746 4748//4748 4747//4747
f 4747//4747 4748//4748 4749//4749
f 4748//4748 4750//4750 4749//4749
f 4749//4749 4750//4750 4751//4751
f 4750//4750 4752//4752 4751//4751
f 4751//4751 4752//4752 4753//4753
f 4752//4752 4754//4754 4753//4753
f 4753//4753 4754//4754 4755//4755
f 4756//4756 4757//4757 4758//4758
f 4757//4757 4759//4759 4758//4758
f 4758//4758 4759//4759 4760//4760
f 4759//4759 4761//4761 4760//4760
f 4760//4760 4761//4761 4762//4762
f 4763//4763 4764//4764 4765//4765
f 4764//4764 4766//4766 4765//4765
f 4765//4765 4766//4766 4767//4767
f 4766//4766 4768//4768 4767//4767
f 4767//4767 4768//4768 4769//4769
f 4770//4770 4771//4771 4772//4772
f 4773//4773 4774//4774 4775//4775
f 4774//4774 4776//4776 4775//4775
f 4775//4775 4776//4776 4777//4777
f 4776//4776 4778//4778 4777//4777
f 4777//4777 4778//4778 4779//4779
f 4780//4780 4781//4781 4782//4782
f 4781//4781 4783//4783 4782//4782
f 4782//4782 4783//4783 4784//4784
f 4783//4783 4785//4785 4784//4784
f 4784//4784 4785//4785 4786//4786
f 4787//4787 4788//4788 4789//4789
f 4788//4788 4790//4790 4789//4789
f 4789//4789 4790//4790 4791//4791
f 4790//4790 4792//4792 4791//4791
f 4791//4791 4792//4792 4793//4793
f 4794//4794 4795//4795 4796//4796
f 4795//4795 4797//4797 4796//4796
f 4796//4796 4797//4797 4798//4798
f 4797//4797 4799//4799 4798//4798
f 4798//4798 4799//4799 4800//4800
f 4801//4801 4802//4802 4803//4803
f 4802//4802 4804//4804 4803//4803
f 4803//4803 4804//4804 4805//4805
f 4804//4804 4806//4806 4805//4805
f 4805//4805 4806//4806 4807//4807
f 4808//4808 4809//4809 4810//4810
f 4809//4809 4811//4811 4810//4810
f 4810//4810 4811//4811 4812//4812
f 4811//4811 4813//4813 4812//4812
f 4812//4812 4813//4813 4814//4814
f 4815//4815 4816//4816 4817//4817
f 4816//4816 4818//4818 4817//4817
f 4817//4817 4818//4818 4819//4819
f 4818//4818 4820//4820 4819//4819
f 4819//4819 4820//4820 4821//4821
f 4820//4820 4822//4822 4821//4821
f 4821//4821 4822//4822 4823//4823
