# https://github.com/mikedh/trimesh
mtllib material.mtl

o empty_2
usemtl material34
v -0.01004563 0.15300001 -0.00269172
v -0.00900666 0.15300001 -0.00520000
v -0.00935988 0.15131981 -0.00453351
v -0.00646529 0.15114221 -0.00814617
v -0.00730739 0.15118789 -0.00730721
v -0.00735391 0.15300001 -0.00735391
v -0.00812194 0.15123207 -0.00649569
v -0.00895854 0.15129136 -0.00516964
v -0.00516796 0.15108289 -0.00895530
v -0.00520000 0.15300001 -0.00900666
v -0.00447160 0.15105105 -0.00938961
v -0.00269172 0.15300001 -0.01004563
v -0.00267917 0.15097960 -0.01000933
v 0.00268129 0.15077038 -0.01001636
v 0.00237744 0.15078254 -0.01012461
v 0.00269172 0.15300001 -0.01004563
v 0.00004917 0.15087309 -0.01039988
v 0.00000000 0.15300001 -0.01040000
v 0.00000059 0.15087499 -0.01039460
v -0.00228281 0.15096380 -0.01014637
v 0.00455948 0.15069523 -0.00934725
v 0.00520000 0.15300001 -0.00900666
v 0.00516950 0.15066716 -0.00895877
v 0.00654198 0.15060398 -0.00808471
v 0.00735391 0.15300001 -0.00735391
v 0.00730722 0.15056215 -0.00730791
v 0.00818188 0.15051433 -0.00642003
v 0.00900666 0.15300001 -0.00520000
v 0.00895534 0.15045862 -0.00516829
v 0.01040000 0.15300001 -0.00000000
v 0.01016065 0.15033494 -0.00221836
v 0.01004563 0.15300001 -0.00269172
v 0.01000422 0.15035381 -0.00267761
v 0.00940214 0.15042643 -0.00444519
v 0.01001850 0.15014621 0.00268190
v 0.01011698 0.15015747 0.00240971
v 0.01004563 0.15300001 0.00269172
v 0.01039956 0.15024645 0.00009600
v 0.01038976 0.15025008 0.00000106
v 0.00931681 0.15006604 0.00462137
v 0.00900666 0.15300001 0.00520000
v 0.00896247 0.15004132 0.00517154
v 0.00806123 0.14997845 0.00657089
v 0.00735391 0.15300001 0.00735391
v 0.00730821 0.14993792 0.00730717
v 0.00638800 0.14988839 0.00820692
v 0.00520000 0.15300001 0.00900666
v 0.00516698 0.14983292 0.00895259
v 0.00438341 0.14979733 0.00943110
v 0.00269172 0.15300001 0.01004563
v 0.00267746 0.14972955 0.01000311
v -0.00268386 0.14952035 0.01002419
v -0.00247175 0.14952887 0.01010200
v -0.00269172 0.15300001 0.01004563
v -0.00014750 0.14961927 0.01039895
v 0.00000000 0.15300001 0.01040000
v -0.00000154 0.14962495 0.01038447
v 0.00218790 0.14971011 0.01016726
v -0.00464703 0.14944149 0.00930404
v -0.00520000 0.15300001 0.00900666
v -0.00517160 0.14941718 0.00896298
v -0.00661808 0.14935017 0.00802254
v -0.00735391 0.15300001 0.00735391
v -0.00730772 0.14931216 0.00730925
v -0.00824104 0.14926072 0.00634392
v -0.00900666 0.15300001 0.00520000
v -0.00895287 0.14920859 0.00516745
v -0.01004563 0.15300001 0.00269172
v -0.00999834 0.14910383 0.00267611
v -0.00944360 0.14917265 0.00435643
v -0.01001095 0.15139621 -0.00267954
v -0.01013927 0.15141127 -0.00231412
v -0.01040000 0.15300001 0.00000000
v -0.01040000 0.15150001 0.00000000
v -0.01040000 0.15037501 0.00000000
v -0.01018112 0.14908115 0.00212244
v -0.01001095 0.15027121 -0.00267954
v -0.01002688 0.14889621 -0.00268473
v -0.01009378 0.14890366 -0.00250513
v -0.01013927 0.15028627 -0.00231412
v -0.01039822 0.14899288 -0.00019213
v -0.01038038 0.14900014 -0.00000184
v -0.00927295 0.14881228 -0.00470876
v -0.00935988 0.15019481 -0.00453351
v -0.00896712 0.14879126 -0.00517400
v -0.00895854 0.15016636 -0.00516964
v -0.00799974 0.14872480 -0.00664561
v -0.00812194 0.15010707 -0.00649569
v -0.00730966 0.14868795 -0.00730780
v -0.00730739 0.15006289 -0.00730721
v -0.00631013 0.14863457 -0.00826694
v -0.00646529 0.15001721 -0.00814617
v -0.00516651 0.14858295 -0.00895065
v -0.00516796 0.14995789 -0.00895530
v -0.00429491 0.14854361 -0.00947173
v -0.00447160 0.14992605 -0.00938961
v -0.00267615 0.14847951 -0.00999770
v -0.00267917 0.14985460 -0.01000933
v -0.00209269 0.14845640 -0.01018728
v -0.00228281 0.14983880 -0.01014637
v 0.00000222 0.14837492 -0.01037524
v 0.00000059 0.14974998 -0.01039460
v 0.00004917 0.14974809 -0.01039988
v 0.00024582 0.14836545 -0.01039709
v 0.00237744 0.14965754 -0.01012461
v 0.00256574 0.14827521 -0.01007854
v 0.00268688 0.14827033 -0.01003281
v 0.00268129 0.14964538 -0.01001636
v 0.00473423 0.14818774 -0.00925997
v 0.00455948 0.14957023 -0.00934725
v 0.00517429 0.14816721 -0.00896792
v 0.00516950 0.14954215 -0.00895877
v 0.00669356 0.14809636 -0.00795967
v 0.00654198 0.14947898 -0.00808471
v 0.00730890 0.14806217 -0.00731120
v 0.00730722 0.14943715 -0.00730791
v 0.00829941 0.14800714 -0.00626736
v 0.00818188 0.14938932 -0.00642003
v 0.00895116 0.14795858 -0.00516712
v 0.00895534 0.14933362 -0.00516829
v 0.00948424 0.14791887 -0.00426722
v 0.00940214 0.14930143 -0.00444519
v 0.00999330 0.14785385 -0.00267499
v 0.01000422 0.14922881 -0.00267761
v 0.01020067 0.14782736 -0.00202639
v 0.01016065 0.14920994 -0.00221836
v 0.01037187 0.14775017 0.00000237
v 0.01038976 0.14912508 0.00000106
v 0.01039956 0.14912145 0.00009600
v 0.01039600 0.14773929 0.00028838
v 0.01011698 0.14903247 0.00240971
v 0.01006966 0.14764985 0.00260036
v 0.01001850 0.14902121 0.00268190
v 0.01003606 0.14764620 0.00268805
v 0.00922830 0.14755853 0.00479567
v 0.00931681 0.14894104 0.00462137
v 0.00897245 0.14754121 0.00517705
v 0.00896247 0.14891632 0.00517154
v 0.00793749 0.14747115 0.00671984
v 0.00806123 0.14885345 0.00657089
v 0.00731173 0.14743798 0.00730913
v 0.00730821 0.14881292 0.00730717
v 0.00623168 0.14738075 0.00832623
v 0.00638800 0.14876339 0.00820692
v 0.00516655 0.14733298 0.00894950
v 0.00516698 0.14870792 0.00895259
v 0.00420612 0.14728991 0.00951150
v 0.00438341 0.14867233 0.00943110
v 0.00267520 0.14722946 0.00999313
v 0.00267746 0.14860456 0.01000311
v 0.00199721 0.14720269 0.01020643
v 0.00218790 0.14858511 0.01016726
v -0.00000265 0.14712490 0.01036691
v -0.00000154 0.14849995 0.01038447
v -0.00014750 0.14849427 0.01039895
v -0.00034410 0.14711162 0.01039431
v -0.00247175 0.14840387 0.01010200
v -0.00265940 0.14702157 0.01005423
v -0.00268386 0.14839535 0.01002419
v -0.00269039 0.14702031 0.01004220
v -0.00482108 0.14693398 0.00921505
v -0.00464703 0.14831649 0.00930404
v -0.00517760 0.14691724 0.00897358
v -0.00517160 0.14829219 0.00896298
v -0.00676841 0.14684255 0.00789611
v -0.00661808 0.14822517 0.00802254
v -0.00731078 0.14681217 0.00731374
v -0.00730772 0.14818716 0.00730925
v -0.00835699 0.14675356 0.00619037
v -0.00824104 0.14813572 0.00634392
v -0.00895022 0.14670858 0.00516727
v -0.00895287 0.14808359 0.00516745
v -0.00952406 0.14666507 0.00417760
v -0.00944360 0.14804765 0.00435643
v -0.00998914 0.14660387 0.00267424
v -0.00999834 0.14797883 0.00267611
v -0.01021931 0.14657358 0.00193021
v -0.01018112 0.14795615 0.00212244
v -0.01036424 0.14650019 -0.00000268
v -0.01038038 0.14787514 -0.00000184
v -0.01039822 0.14786788 -0.00019213
v -0.01039288 0.14648569 -0.00038473
v -0.01009378 0.14777866 -0.00250513
v -0.01004521 0.14639618 -0.00269165
v -0.01002688 0.14777121 -0.00268473
v -0.01004465 0.14639603 -0.00269538
v -0.00927295 0.14768728 -0.00470876
v -0.00918287 0.14630478 -0.00488209
v -0.00897847 0.14629114 -0.00518071
v -0.00896712 0.14766627 -0.00517400
v -0.00787448 0.14621748 -0.00679356
v -0.00799974 0.14759980 -0.00664561
v -0.00731440 0.14618802 -0.00731116
v -0.00730966 0.14756295 -0.00730780
v -0.00615268 0.14612692 -0.00838478
v -0.00631013 0.14750957 -0.00826694
v -0.00516706 0.14608300 -0.00894915
v -0.00516651 0.14745795 -0.00895065
v -0.00411705 0.14603622 -0.00955039
v -0.00429491 0.14741861 -0.00947173
v -0.00267460 0.14597941 -0.00998939
v -0.00267615 0.14735451 -0.00999770
v -0.00190147 0.14594897 -0.01022470
v -0.00209269 0.14733140 -0.01018728
v 0.00000287 0.14587490 -0.01035948
v 0.00000222 0.14724992 -0.01037524
v 0.00024582 0.14724045 -0.01039709
v 0.00044233 0.14585780 -0.01039059
v 0.00256574 0.14715021 -0.01007854
v 0.00269065 0.14577035 -0.01003880
v 0.00268688 0.14714533 -0.01003281
v 0.00275272 0.14576794 -0.01002908
v 0.00473423 0.14706274 -0.00925997
v 0.00490757 0.14568021 -0.00916928
v 0.00841378 0.14437501 -0.00611297
v 0.00900666 0.13970001 -0.00520000
v 0.00731338 0.14443716 -0.00731686
v 0.00735391 0.13970001 -0.00735391
v 0.00684264 0.14446374 -0.00783188
v 0.00518153 0.14566726 -0.00897994
v 0.00517429 0.14704221 -0.00896792
v 0.00684264 0.14558874 -0.00783188
v 0.00669356 0.14697136 -0.00795967
v 0.00731338 0.14556216 -0.00731686
v 0.00730890 0.14693717 -0.00731120
v 0.00841378 0.14550001 -0.00611297
v 0.00829941 0.14688214 -0.00626736
v 0.00895116 0.14683358 -0.00516712
v 0.00518153 0.14454226 -0.00897994
v 0.00520000 0.13970001 -0.00900666
v 0.00490757 0.14455521 -0.00916928
v 0.00269172 0.13970001 -0.01004563
v 0.00275272 0.14464294 -0.01002908
v 0.00000000 0.13970001 -0.01040000
v 0.00044233 0.14473280 -0.01039059
v 0.00269065 0.14464535 -0.01003880
v -0.00269172 0.13970001 -0.01004563
v -0.00190147 0.14482396 -0.01022470
v 0.00000287 0.14474990 -0.01035948
v -0.00520000 0.13970001 -0.00900666
v -0.00411705 0.14491122 -0.00955039
v -0.00267460 0.14485441 -0.00998939
v -0.00735391 0.13970001 -0.00735391
v -0.00615268 0.14500192 -0.00838478
v -0.00516706 0.14495800 -0.00894915
v -0.00900666 0.13970001 -0.00520000
v -0.00787448 0.14509248 -0.00679356
v -0.00731440 0.14506302 -0.00731116
v -0.01004465 0.14527103 -0.00269538
v -0.00918287 0.14517978 -0.00488209
v -0.00897847 0.14516614 -0.00518071
v -0.01004521 0.14527117 -0.00269165
v -0.01004563 0.13970001 -0.00269172
v -0.01039288 0.14536069 -0.00038473
v -0.01040000 0.13970001 0.00000000
v -0.01036424 0.14537520 -0.00000268
v -0.01021931 0.14544858 0.00193021
v -0.01004563 0.13970001 0.00269172
v -0.00998914 0.14547887 0.00267424
v -0.00952406 0.14554007 0.00417760
v -0.00900666 0.13970001 0.00520000
v -0.00895022 0.14558358 0.00516727
v -0.00835699 0.14562856 0.00619037
v -0.00735391 0.13970001 0.00735391
v -0.00731078 0.14568717 0.00731374
v -0.00269172 0.13970001 0.01004563
v -0.00482108 0.14580898 0.00921505
v -0.00520000 0.13970001 0.00900666
v -0.00517760 0.14579224 0.00897358
v -0.00676841 0.14571755 0.00789611
v -0.00000265 0.14599990 0.01036691
v -0.00034410 0.14598662 0.01039431
v 0.00000000 0.13970001 0.01040000
v -0.00265940 0.14589657 0.01005423
v -0.00269039 0.14589531 0.01004220
v 0.00199721 0.14607769 0.01020643
v 0.00269172 0.13970001 0.01004563
v 0.00267520 0.14610446 0.00999313
v 0.00420612 0.14616491 0.00951150
v 0.00520000 0.13970001 0.00900666
v 0.00516655 0.14620798 0.00894950
v 0.00623168 0.14625574 0.00832623
v 0.00735391 0.13970001 0.00735391
v 0.00731173 0.14631298 0.00730913
v 0.00793749 0.14634615 0.00671984
v 0.00900666 0.13970001 0.00520000
v 0.00897245 0.14641621 0.00517705
v 0.01037187 0.14662517 0.00000237
v 0.01039600 0.14661429 0.00028838
v 0.01040000 0.13970001 -0.00000000
v 0.01006966 0.14652485 0.00260036
v 0.01004563 0.13970001 0.00269172
v 0.01003606 0.14652120 0.00268805
v 0.00922830 0.14643353 0.00479567
v 0.01020067 0.14670236 -0.00202639
v 0.01004563 0.13970001 -0.00269172
v 0.00999330 0.14672885 -0.00267499
v 0.00948424 0.14679386 -0.00426722
v -0.01373104 0.13045001 0.00962666
v -0.01373634 0.13045001 0.00962482
v -0.01545794 0.12795001 0.00888570
v -0.01700000 0.12795001 0.00808275
v -0.01553512 0.13045001 0.00884898
v -0.01700000 0.13045001 0.00808275
v -0.01372995 0.12795001 0.00962413
v -0.01365217 0.12795001 0.00965736
v -0.01169989 0.13045001 0.01033139
v -0.01135390 0.12795001 0.01043594
v -0.00995431 0.13045001 0.01080532
v -0.00995206 0.12795001 0.01079587
v -0.00950374 0.13045001 0.01092765
v -0.00892175 0.12795001 0.01106041
v -0.00722828 0.13045001 0.01139199
v -0.00637687 0.12795001 0.01152956
v -0.00581557 0.13045001 0.01159342
v -0.00581623 0.12795001 0.01159563
v -0.00488131 0.13045001 0.01172663
v -0.00374080 0.12795001 0.01184022
v -0.00246979 0.13045001 0.01193061
v -0.00239889 0.12795001 0.01193455
v -0.00146396 0.13045001 0.01195887
v -0.00146401 0.12795001 0.01196006
v -0.00000000 0.13045001 0.01200000
v -0.00000000 0.12795001 0.01200000
v 0.00057581 0.13045001 0.01199624
v 0.00246976 0.12795001 0.01193062
v 0.00294244 0.13045001 0.01189188
v 0.00294195 0.12795001 0.01189067
v 0.00329121 0.13045001 0.01187651
v 0.00488129 0.12795001 0.01172664
v 0.00595732 0.13045001 0.01159048
v 0.00722825 0.12795001 0.01139200
v 0.00723821 0.13045001 0.01136794
v 0.00724189 0.12795001 0.01138921
v 0.00855076 0.13045001 0.01113989
v 0.00950372 0.12795001 0.01092765
v 0.01060374 0.13045001 0.01064860
v 0.01127175 0.12795001 0.01044763
v 0.01126967 0.13045001 0.01044235
v 0.01169987 0.12795001 0.01033140
v 0.01283985 0.13045001 0.00995604
v 0.01373634 0.12795001 0.00962482
v 0.01489307 0.13045001 0.00914355
v 0.01488662 0.12795001 0.00912869
v 0.01491349 0.13045001 0.00913547
v 0.01553511 0.12795001 0.00884898
v 0.01681122 0.13045001 0.00818952
v 0.01700000 0.12795001 0.00808275
v 0.01700000 0.13045001 0.00808275
v 0.01850643 0.12795001 0.00791587
v 0.01850632 0.13045001 0.00791487
v 0.01851532 0.13045001 0.00791387
v 0.01993981 0.12795001 0.00742332
v 0.01993916 0.13045001 0.00742143
v 0.01995628 0.13045001 0.00741551
v 0.02123063 0.12795001 0.00662898
v 0.02122906 0.13045001 0.00662646
v 0.02125216 0.13045001 0.00661214
v 0.02231630 0.12795001 0.00557139
v 0.02231630 0.13045001 0.00557139
v 0.02320713 0.13321849 0.00432750
v 0.02310713 0.13321895 0.00446840
v 0.02311018 0.12795001 0.00447129
v -0.01960132 0.13095001 -0.00809903
v -0.02020212 0.13090384 -0.00763048
v -0.02020063 0.13321886 -0.00762816
v -0.02231630 0.13045001 -0.00557139
v -0.02231630 0.12795001 -0.00557139
v -0.02241359 0.12795001 -0.00543915
v -0.02034056 0.13321833 -0.00752524
v -0.02040168 0.13088851 -0.00747484
v -0.02121791 0.13321550 -0.00674972
v -0.02147250 0.13067537 -0.00650068
v -0.02225962 0.13321254 -0.00563981
v -0.02186601 0.13057421 -0.00608940
v -0.02230070 0.13045441 -0.00559031
v -0.02240922 0.13321216 -0.00543596
v -0.01871619 0.13095001 -0.00871160
v -0.01882215 0.13322410 -0.00864201
v -0.01779379 0.13095001 -0.00927993
v -0.01728994 0.13323132 -0.00955574
v -0.01728628 0.13095001 -0.00954793
v -0.01711971 0.13323212 -0.00965726
v -0.01607013 0.13095001 -0.01019017
v -0.01523878 0.13324322 -0.01057083
v -0.01423347 0.13095001 -0.01098810
v -0.01442856 0.13324879 -0.01091058
v -0.01378079 0.13095001 -0.01114650
v -0.01377896 0.13325401 -0.01114156
v -0.01199486 0.13095001 -0.01177139
v -0.01209719 0.13326752 -0.01173955
v -0.00980079 0.13095001 -0.01237043
v -0.00979996 0.13328950 -0.01236740
v -0.00973133 0.13095001 -0.01238940
v -0.00964153 0.13329102 -0.01241070
v -0.00739380 0.13095001 -0.01287057
v -0.00707858 0.13331759 -0.01292426
v -0.00547732 0.13095001 -0.01314676
v -0.00547625 0.13333321 -0.01313789
v -0.00498889 0.13095001 -0.01321715
v -0.00442691 0.13334344 -0.01327779
v -0.00252252 0.13095001 -0.01342825
v -0.00295389 0.13335545 -0.01340152
v -0.00096694 0.13095001 -0.01347250
v -0.00096681 0.13336675 -0.01347233
v 0.00000000 0.13095001 -0.01350000
v -0.00020323 0.13337109 -0.01349954
v 0.00055545 0.13095001 -0.01349653
v 0.00254167 0.13337676 -0.01342716
v 0.00330055 0.13095001 -0.01337694
v 0.00323241 0.13337633 -0.01338199
v 0.00357665 0.13095001 -0.01334747
v 0.00357654 0.13337512 -0.01334619
v 0.00600178 0.13095001 -0.01308866
v 0.00584398 0.13336715 -0.01311032
v 0.00799613 0.13095001 -0.01274399
v 0.00799709 0.13335066 -0.01274919
v 0.00863892 0.13095001 -0.01263290
v 0.02156092 0.13322642 -0.00639288
v 0.02156870 0.13065064 -0.00640013
v 0.02147250 0.13067537 -0.00650068
v 0.00840355 0.13334755 -0.01268102
v 0.00935898 0.13333822 -0.01247620
v 0.01107563 0.13095001 -0.01204179
v 0.01145903 0.13331554 -0.01193237
v 0.01213780 0.13095001 -0.01170421
v 0.01213965 0.13330796 -0.01171041
v 0.01337056 0.13095001 -0.01131241
v 0.01346895 0.13329314 -0.01127692
v 0.01551529 0.13095001 -0.01044799
v 0.01538259 0.13327307 -0.01050740
v 0.01586431 0.13095001 -0.01027217
v 0.01586383 0.13326861 -0.01027089
v 0.01749745 0.13095001 -0.00944946
v 0.01719249 0.13325629 -0.00961792
v 0.01806754 0.13095001 -0.00911792
v 0.01796423 0.13324992 -0.00917968
v 0.01903818 0.13095001 -0.00847312
v 0.01904203 0.13324197 -0.00847869
v 0.01960132 0.13095001 -0.00809903
v 0.01938462 0.13323944 -0.00825587
v 0.02040168 0.13088851 -0.00747484
v 0.02067975 0.13323125 -0.00723912
v 0.02132065 0.13322765 -0.00665070
v 0.02287748 0.12795001 -0.00483113
v 0.02231630 0.12795001 -0.00557139
v 0.02231630 0.13045001 -0.00557139
v 0.02186601 0.13057421 -0.00608940
v 0.02223197 0.13322298 -0.00567282
v 0.02230070 0.13045441 -0.00559031
v 0.02300997 0.13321936 -0.00463615
v 0.02332942 0.13321798 -0.00408251
v 0.02230070 0.13045441 0.00559031
v 0.02237816 0.13322227 0.00549553
v 0.02186601 0.13057421 0.00608940
v 0.02305692 0.12795001 0.00456478
v 0.02147250 0.13067537 0.00650068
v 0.02136524 0.13322741 0.00660711
v 0.02120565 0.13072849 0.00674345
v 0.02121027 0.13322829 0.00674831
v 0.02040168 0.13088851 0.00747484
v 0.02054093 0.13323207 0.00735814
v 0.01960132 0.13095001 0.00809903
v 0.01906149 0.13324168 0.00848123
v 0.01871619 0.13095001 0.00871160
v 0.01857172 0.13324547 0.00878266
v 0.01857973 0.13095001 0.00879568
v 0.01779379 0.13095001 0.00927993
v 0.01739725 0.13325455 0.00950547
v 0.01607013 0.13095001 0.01019017
v 0.01555320 0.13327139 0.01043086
v 0.01530035 0.13095001 0.01052460
v 0.01530638 0.13327387 0.01053848
v 0.01484805 0.13327848 0.01073833
v 0.01423347 0.13095001 0.01098810
v 0.01266280 0.13330206 0.01155704
v 0.01199486 0.13095001 0.01177139
v 0.01150134 0.13095001 0.01190614
v 0.01149886 0.13331500 0.01189856
v 0.01033464 0.13332794 0.01224016
v 0.00973133 0.13095001 0.01238940
v 0.00943603 0.13333743 0.01245856
v 0.00739380 0.13095001 0.01287057
v 0.00730298 0.13335652 0.01287398
v 0.00730493 0.13095001 0.01288337
v 0.00686758 0.13336042 0.01295878
v 0.00498889 0.13095001 0.01321715
v 0.00421614 0.13337427 0.01329860
v 0.00384978 0.13337524 0.01333229
v 0.00285293 0.13095001 0.01339997
v 0.00285255 0.13337527 0.01338912
v 0.00252252 0.13095001 0.01342825
v 0.00118356 0.13337532 0.01348424
v -0.00000000 0.13095001 0.01350000
v -0.00055545 0.13095001 0.01349653
v -0.00145077 0.13336518 0.01347631
v -0.00169562 0.13095001 0.01344686
v -0.00169611 0.13336344 0.01346102
v -0.00330055 0.13095001 0.01337694
v -0.00404688 0.13334675 0.01331456
v -0.00600178 0.13095001 0.01308866
v -0.00618682 0.13332643 0.01305174
v -0.00618714 0.13095001 0.01305663
v -0.00659792 0.13332253 0.01300125
v -0.00863892 0.13095001 0.01263290
v -0.00909675 0.13329659 0.01253495
v -0.01046237 0.13095001 0.01219056
v -0.01046532 0.13328284 0.01220271
v -0.01064694 0.13328102 0.01215862
v -0.01107563 0.13095001 0.01204179
v -0.01275035 0.13326188 0.01152777
v -0.01337056 0.13095001 0.01131241
v -0.01437451 0.13095001 0.01090777
v -0.01437891 0.13324937 0.01091792
v -0.01475798 0.13324646 0.01077597
v -0.01551529 0.13095001 0.01044799
v -0.01666180 0.13323459 0.00989744
v -0.01749745 0.13095001 0.00944946
v -0.01699809 0.13323276 0.00972227
v -0.01780224 0.13095001 0.00927221
v -0.01779542 0.13322889 0.00926043
v -0.01806754 0.13095001 0.00911792
v -0.01847032 0.13322561 0.00886950
v -0.01960132 0.13095001 0.00809903
v -0.01982689 0.13322015 0.00793057
v -0.02040168 0.13088851 0.00747484
v -0.02059758 0.13321755 0.00728547
v -0.02060248 0.13084854 0.00729217
v -0.02147250 0.13067537 0.00650068
v -0.02105835 0.13321599 0.00689977
v -0.02159782 0.13321438 0.00637339
v -0.02186601 0.13057421 0.00608940
v -0.02249551 0.13321192 0.00534807
v -0.02230070 0.13045441 0.00559031
v -0.02269163 0.13321144 0.00506444
v -0.02231630 0.13045001 0.00557139
v -0.02380170 0.12795001 -0.00316059
v -0.02374382 0.13320891 -0.00332814
v -0.02365539 0.12795001 -0.00351413
v -0.02311687 0.13321037 -0.00447177
v -0.02305692 0.12795001 -0.00456478
v -0.02443670 0.12795001 0.00082491
v -0.02444950 0.13320731 0.00082559
v -0.02446272 0.13320728 0.00074445
v -0.02449980 0.12795001 0.00005495
v -0.02449345 0.13320721 0.00031209
v -0.02449321 0.12795001 -0.00031782
v -0.02445379 0.13320730 -0.00082880
v -0.02439925 0.12795001 -0.00112587
v -0.02439811 0.13320743 -0.00112456
v -0.02436653 0.12795001 -0.00140725
v -0.02424186 0.13320778 -0.00195453
v -0.02408176 0.12795001 -0.00248382
v -0.02417795 0.13320793 -0.00218170
v -0.02380640 0.13320877 -0.00316289
v -0.02404478 0.12795001 0.00259029
v -0.02393707 0.12795001 0.00283666
v -0.02397817 0.13320838 0.00277143
v -0.02431221 0.13320763 0.00166828
v -0.02440908 0.12795001 0.00116198
v -0.02415577 0.12795001 0.00225508
v -0.02231630 0.12795001 0.00557139
v -0.02269774 0.12795001 0.00506823
v -0.02287748 0.12795001 0.00483113
v -0.02325076 0.13321005 0.00425580
v -0.02354764 0.12795001 0.00372739
v -0.02348757 0.13320950 0.00384074
v -0.02394641 0.13320845 0.00284065
v 0.02412759 0.12795001 0.00231056
v 0.02412227 0.13321464 0.00230773
v 0.02408176 0.12795001 0.00248382
v 0.02381246 0.13321591 0.00317576
v 0.02365539 0.12795001 0.00351413
v 0.02450000 0.13321306 0.00000000
v 0.02448802 0.13321312 0.00032680
v 0.02449215 0.12795001 0.00032690
v 0.02448000 0.13321315 0.00054540
v 0.02436653 0.12795001 0.00140725
v 0.02431121 0.13321386 0.00167270
v 0.02422154 0.13321423 0.00202961
v 0.02449321 0.12795001 0.00031782
v 0.02449883 0.12795001 -0.00000002
v 0.02447615 0.13321317 -0.00059551
v 0.02449980 0.12795001 -0.00005495
v 0.02444311 0.13321331 -0.00091947
v 0.02440908 0.12795001 -0.00116198
v 0.02423241 0.13321418 -0.00197087
v 0.02422221 0.12795001 -0.00196835
v 0.02421829 0.13321424 -0.00204132
v 0.02415577 0.12795001 -0.00225508
v 0.02383031 0.13321584 -0.00313484
v 0.02404478 0.12795001 -0.00259029
v 0.02364405 0.13321662 -0.00353723
v 0.02354764 0.12795001 -0.00372739
v 0.02333155 0.12795001 -0.00408328
v 0.02124499 0.13045001 -0.00661776
v 0.02122993 0.12795001 -0.00662826
v 0.02122344 0.12795001 -0.00663458
v 0.01993981 0.13045001 -0.00742332
v 0.02122958 0.13045001 -0.00662728
v 0.01993877 0.12795001 -0.00742162
v 0.01992332 0.12795001 -0.00743108
v 0.01850578 0.13045001 -0.00791397
v 0.01850547 0.12795001 -0.00791305
v 0.01848864 0.13045001 -0.00791983
v 0.01847974 0.12795001 -0.00792180
v 0.01700000 0.13045001 -0.00808275
v 0.01700000 0.12795001 -0.00808275
v 0.01373104 0.13045001 -0.00962666
v 0.01373634 0.13045001 -0.00962482
v 0.01545794 0.12795001 -0.00888570
v 0.01553512 0.13045001 -0.00884898
v 0.01372995 0.12795001 -0.00962413
v 0.01365217 0.12795001 -0.00965736
v 0.01169989 0.13045001 -0.01033139
v 0.01135390 0.12795001 -0.01043594
v 0.00995431 0.13045001 -0.01080532
v 0.00995206 0.12795001 -0.01079587
v 0.00950374 0.13045001 -0.01092765
v 0.00892175 0.12795001 -0.01106041
v 0.00722828 0.13045001 -0.01139199
v 0.00637687 0.12795001 -0.01152956
v 0.00581557 0.13045001 -0.01159342
v 0.00581623 0.12795001 -0.01159563
v 0.00488131 0.13045001 -0.01172663
v 0.00374080 0.12795001 -0.01184022
v 0.00246979 0.13045001 -0.01193061
v 0.00239889 0.12795001 -0.01193455
v 0.00146396 0.13045001 -0.01195887
v 0.00146401 0.12795001 -0.01196006
v 0.00000000 0.13045001 -0.01200000
v 0.00000000 0.12795001 -0.01200000
v -0.00057581 0.13045001 -0.01199624
v -0.00246976 0.12795001 -0.01193062
v -0.00294244 0.13045001 -0.01189188
v -0.00294195 0.12795001 -0.01189067
v -0.00329121 0.13045001 -0.01187651
v -0.00488129 0.12795001 -0.01172664
v -0.00595732 0.13045001 -0.01159048
v -0.00722825 0.12795001 -0.01139200
v -0.00723821 0.13045001 -0.01136794
v -0.00724189 0.12795001 -0.01138921
v -0.00855076 0.13045001 -0.01113989
v -0.00950372 0.12795001 -0.01092765
v -0.01060374 0.13045001 -0.01064860
v -0.01127175 0.12795001 -0.01044763
v -0.01126967 0.13045001 -0.01044235
v -0.01169987 0.12795001 -0.01033140
v -0.01283985 0.13045001 -0.00995604
v -0.01373634 0.12795001 -0.00962482
v -0.01489307 0.13045001 -0.00914355
v -0.01488662 0.12795001 -0.00912869
v -0.01491349 0.13045001 -0.00913547
v -0.01553511 0.12795001 -0.00884898
v -0.01681122 0.13045001 -0.00818952
v -0.01700000 0.12795001 -0.00808275
v -0.01700000 0.13045001 -0.00808275
v -0.01848864 0.13045001 -0.00791983
v -0.01847974 0.12795001 -0.00792180
v -0.01850578 0.13045001 -0.00791397
v -0.01850547 0.12795001 -0.00791305
v -0.01992332 0.12795001 -0.00743108
v -0.01993981 0.13045001 -0.00742332
v -0.01993877 0.12795001 -0.00742162
v -0.02122344 0.12795001 -0.00663458
v -0.02122958 0.13045001 -0.00662728
v -0.02122993 0.12795001 -0.00662826
v -0.02124499 0.13045001 -0.00661776
v -0.02124499 0.13045001 0.00661776
v -0.02122993 0.12795001 0.00662826
v -0.02122344 0.12795001 0.00663458
v -0.01993981 0.13045001 0.00742332
v -0.02122958 0.13045001 0.00662728
v -0.01993877 0.12795001 0.00742162
v -0.01992332 0.12795001 0.00743108
v -0.01850578 0.13045001 0.00791397
v -0.01850547 0.12795001 0.00791305
v -0.01848864 0.13045001 0.00791983
v -0.01847974 0.12795001 0.00792180
v -0.01854271 0.13070001 -0.00816392
v -0.01945329 0.13070001 -0.00789757
v -0.01857961 0.13070001 -0.00850221
v 0.01793865 0.13070001 -0.00890370
v 0.01945329 0.13070001 -0.00789757
v 0.01854271 0.13070001 -0.00816392
v -0.01706684 0.13070001 -0.00833244
v -0.01766801 0.13070001 -0.00906387
v -0.01693317 0.13070001 -0.00840776
v 0.01737494 0.13070001 -0.00923154
v 0.01706684 0.13070001 -0.00833244
v 0.01541254 0.13070001 -0.01022008
v 0.01564291 0.13070001 -0.00907455
v 0.01328611 0.13070001 -0.01107711
v 0.01382687 0.13070001 -0.00985785
v 0.01100839 0.13070001 -0.01180100
v 0.01177354 0.13070001 -0.01057030
v 0.00858810 0.13070001 -0.01238813
v -0.01501501 0.13070001 -0.00936393
v -0.01596216 0.13070001 -0.00996468
v -0.01292266 0.13070001 -0.01019192
v -0.01414197 0.13070001 -0.01075545
v -0.01066914 0.13070001 -0.01088989
v -0.01192096 0.13070001 -0.01153256
v -0.00860189 0.13070001 -0.01138460
v -0.00967334 0.13070001 -0.01214622
v -0.00599196 0.13070001 -0.01183807
v 0.00956134 0.13070001 -0.01117092
v 0.00727083 0.13070001 -0.01163835
v 0.00596731 0.13070001 -0.01284105
v 0.00490946 0.13070001 -0.01197504
v 0.00328188 0.13070001 -0.01312764
v 0.00248386 0.13070001 -0.01218022
v 0.00055233 0.13070001 -0.01324655
v 0.00000000 0.13070001 -0.01225000
v 0.00000000 0.13070001 -0.01325000
v -0.00057907 0.13070001 -0.01224622
v -0.00250828 0.13070001 -0.01317866
v -0.00331001 0.13070001 -0.01212580
v -0.00496043 0.13070001 -0.01296878
v -0.00735084 0.13070001 -0.01262428
v 0.01857036 0.13070001 0.00815773
v 0.01945329 0.13070001 0.00789757
v 0.01857961 0.13070001 0.00850221
v -0.01793865 0.13070001 0.00890370
v -0.01945329 0.13070001 0.00789757
v -0.01854271 0.13070001 0.00816392
v 0.01706684 0.13070001 0.00833244
v 0.01766801 0.13070001 0.00906387
v 0.01693317 0.13070001 0.00840776
v -0.01737494 0.13070001 0.00923154
v -0.01706684 0.13070001 0.00833244
v -0.01541254 0.13070001 0.01022008
v -0.01564291 0.13070001 0.00907455
v -0.01328611 0.13070001 0.01107711
v -0.01382687 0.13070001 0.00985785
v -0.01100839 0.13070001 0.01180100
v -0.01177354 0.13070001 0.01057030
v -0.00858810 0.13070001 0.01238813
v 0.01501501 0.13070001 0.00936393
v 0.01596216 0.13070001 0.00996468
v 0.01292266 0.13070001 0.01019192
v 0.01414197 0.13070001 0.01075545
v 0.01066914 0.13070001 0.01088989
v 0.01192096 0.13070001 0.01153256
v 0.00860189 0.13070001 0.01138460
v 0.00967334 0.13070001 0.01214622
v 0.00599196 0.13070001 0.01183807
v -0.00956134 0.13070001 0.01117092
v -0.00727083 0.13070001 0.01163835
v -0.00596731 0.13070001 0.01284105
v -0.00490946 0.13070001 0.01197504
v -0.00328188 0.13070001 0.01312764
v -0.00248386 0.13070001 0.01218022
v -0.00055233 0.13070001 0.01324655
v -0.00000000 0.13070001 0.01225000
v -0.00000000 0.13070001 0.01325000
v 0.00057907 0.13070001 0.01224622
v 0.00250828 0.13070001 0.01317866
v 0.00331001 0.13070001 0.01212580
v 0.00496043 0.13070001 0.01296878
v 0.00735084 0.13070001 0.01262428
v -0.00556849 0.13970001 0.00973693
v -0.00466912 0.13970001 0.01018033
v 0.00000042 0.13970001 -0.01117693
v -0.00140099 0.13970001 -0.01108236
v -0.00096774 0.13970001 0.01112913
v -0.00200505 0.13970001 0.01099031
v -0.00335977 0.13970001 0.01066502
v -0.01135064 0.13970001 -0.00065148
v -0.01134779 0.13970001 0.00069889
v -0.00779050 0.13970001 0.00814390
v -0.00672581 0.13970001 0.00900895
v -0.01095704 0.13970001 0.00300360
v -0.01051623 0.13970001 0.00426807
v 0.00575227 0.13970001 -0.00973221
v 0.00452151 0.13970001 -0.01032495
v 0.01142973 0.13970001 0.00052084
v 0.01143055 0.13970001 -0.00050256
v -0.01124230 0.13970001 0.00168340
v -0.01118903 0.13970001 -0.00200131
v -0.01094676 0.13970001 -0.00303991
v -0.01005470 0.13970001 0.00523490
v -0.00933971 0.13970001 0.00638649
v -0.00849387 0.13970001 0.00743720
v -0.00276765 0.13970001 -0.01082803
v -0.00396020 0.13970001 -0.01046486
v 0.00323104 0.13970001 -0.01076317
v 0.00224098 0.13970001 -0.01098789
v 0.00085512 0.13970001 -0.01115492
v 0.01004514 0.13970001 -0.00542235
v 0.00932043 0.13970001 -0.00656028
v -0.00841254 0.13970001 -0.00752559
v -0.00000000 0.13970001 0.01117693
v 0.00043299 0.13970001 0.01117333
v -0.00926781 0.13970001 -0.00648665
v -0.00990019 0.13970001 -0.00551208
v -0.01050158 0.13970001 -0.00430286
v 0.00865768 0.13970001 -0.00738762
v 0.00769837 0.13970001 -0.00834935
v 0.00663754 0.13970001 -0.00918082
v 0.01063028 0.13970001 -0.00419600
v 0.01098737 0.13970001 -0.00317033
v 0.00770228 0.13970001 0.00834588
v 0.00865480 0.13970001 0.00739089
v -0.00522502 0.13970001 -0.00991781
v -0.00640321 0.13970001 -0.00923170
v -0.00742855 0.13970001 -0.00846250
v 0.01128884 0.13970001 -0.00185591
v 0.01128619 0.13970001 0.00187178
v 0.01097862 0.13970001 0.00319991
v 0.00932935 0.13970001 0.00654797
v 0.01005695 0.13970001 0.00540100
v 0.01063529 0.13970001 0.00418358
v 0.00663289 0.13970001 0.00918403
v 0.00551241 0.13970001 0.00986257
v 0.00181297 0.13970001 0.01105730
v 0.00298091 0.13970001 0.01082865
v 0.00428273 0.13970001 0.01041931
v 0.00065530 0.13619553 -0.01229607
v 0.00055048 0.13720261 -0.01206542
v 0.00352356 0.13720261 -0.01182011
v -0.00703582 0.13836460 -0.00981243
v -0.00479471 0.13836460 -0.01090413
v -0.00519247 0.13720261 -0.01111663
v -0.00610404 0.13398181 0.01251381
v -0.00810714 0.13398181 0.01207292
v -0.00851070 0.13384256 0.01217917
v -0.01001319 0.13398181 0.01152084
v -0.01181119 0.13398181 0.01086420
v -0.01234775 0.13384256 0.01095982
v -0.01048519 0.13384256 0.01162224
v -0.00643568 0.13384256 0.01262394
v -0.00427151 0.13384256 0.01294989
v -0.00401488 0.13398181 0.01283691
v 0.00916725 0.13379036 0.01223230
v 0.00906813 0.13384256 0.01217917
v 0.00699311 0.13384256 0.01262394
v 0.00059906 0.13467136 0.01275735
v 0.00046512 0.13416689 0.01298800
v 0.00469991 0.13416689 0.01272393
v -0.00376968 0.13416689 0.01272393
v 0.01383496 0.13416689 0.01002062
v 0.01532826 0.13416689 0.00918210
v 0.01435512 0.13467136 0.00901904
v 0.00685929 0.13398181 -0.01251381
v 0.00886240 0.13398181 -0.01207292
v 0.00906813 0.13384256 -0.01217917
v 0.00482893 0.13384256 -0.01294989
v 0.00027871 0.13384256 -0.01321864
v 0.00037763 0.13398181 -0.01310332
v 0.01668557 0.13416689 -0.00825958
v 0.01532826 0.13416689 -0.00918210
v 0.01435512 0.13467136 -0.00901904
v -0.01234775 0.13384256 -0.01095982
v -0.01569150 0.13384256 -0.00934516
v -0.01503905 0.13398181 -0.00926363
v -0.01714992 0.13384256 -0.00840625
v -0.00733598 0.13439700 -0.01186041
v -0.00697177 0.13467136 -0.01175415
v -0.00518443 0.13467136 -0.01218340
v -0.00785842 0.13534968 -0.01101387
v -0.00629456 0.13534968 -0.01154165
v -0.01313713 0.13534968 -0.00796623
v -0.01198201 0.13534968 -0.00885598
v -0.01315700 0.13467136 -0.00901904
v -0.01087078 0.13949889 -0.00445896
v -0.01083892 0.13949780 -0.00452476
v -0.01181754 0.13836460 -0.00460478
v -0.00000422 0.13928356 -0.01166988
v 0.00011515 0.13928500 -0.01166654
v 0.00033894 0.13836460 -0.01183478
v 0.01157397 0.13960602 0.00192011
v 0.01148031 0.13960415 0.00233580
v 0.01501036 0.13720261 0.00243032
v 0.00892926 0.13954047 0.00763328
v 0.00837826 0.13952283 0.00820707
v 0.01098531 0.13720261 0.00852987
v 0.02170482 0.13374992 -0.00518810
v 0.02109205 0.13384256 -0.00514323
v 0.02185214 0.13384256 -0.00392901
v 0.02101065 0.13372478 -0.00632935
v 0.02096119 0.13372500 -0.00637552
v 0.02072008 0.13374992 -0.00635357
v 0.02039342 0.13372759 -0.00690555
v 0.01970264 0.13373092 -0.00745888
v 0.01954881 0.13374992 -0.00745298
v 0.01597389 0.13374998 -0.00979929
v 0.01669383 0.13374992 -0.00942669
v 0.01671361 0.13374615 -0.00942157
v 0.00930648 0.13377446 -0.01222588
v 0.00920173 0.13377460 -0.01224993
v 0.00916725 0.13379036 -0.01223230
v -0.01691436 0.13372821 -0.00927080
v -0.01818333 0.13372337 -0.00850028
v 0.02400737 0.13371247 0.00051055
v 0.02354278 0.13374992 0.00000000
v 0.02387984 0.13371299 0.00136919
v 0.02342201 0.13374992 0.00136251
v 0.02385035 0.13371311 0.00156776
v 0.02376671 0.13371344 0.00190348
v 0.02348619 0.13371454 0.00269622
v 0.02306757 0.13374992 0.00268584
v 0.02338351 0.13371494 0.00298638
v 0.02249125 0.13374992 0.00396328
v 0.02286585 0.13371698 0.00398083
v 0.02072008 0.13374992 0.00635357
v 0.02105352 0.13372458 0.00628678
v 0.02170482 0.13374992 0.00518810
v 0.02202395 0.13372040 0.00520704
v 0.02281233 0.13371719 0.00408363
v 0.01954881 0.13374992 0.00745298
v 0.02025947 0.13372821 0.00702249
v 0.02095955 0.13372501 0.00637385
v 0.01820280 0.13374992 0.00847959
v 0.01882730 0.13373520 0.00813281
v 0.01970052 0.13373094 0.00745582
v 0.01671098 0.13374616 0.00941662
v 0.01720817 0.13374358 0.00915766
v 0.01828335 0.13373801 0.00847711
v 0.01464441 0.13384256 0.01019857
v 0.01500542 0.13375493 0.01027893
v 0.01540645 0.13375294 0.01009610
v 0.01624893 0.13384256 0.00934516
v 0.01256644 0.13398181 0.01086420
v 0.01104262 0.13384256 0.01162224
v 0.01290517 0.13384256 0.01095982
v 0.01117595 0.13379036 0.01167294
v 0.01027181 0.13377263 0.01197603
v 0.01123182 0.13376975 0.01167614
v 0.01256874 0.13376572 0.01125853
v 0.01316918 0.13376311 0.01102151
v 0.01471564 0.13375636 0.01041105
v 0.00705626 0.13379036 0.01267901
v 0.00920093 0.13377451 0.01224508
v 0.00938276 0.13377434 0.01220719
v 0.00485458 0.13379036 0.01300637
v 0.00683517 0.13377665 0.01273815
v 0.00707393 0.13377643 0.01268839
v 0.00022550 0.13379036 0.01327630
v 0.00020741 0.13377556 0.01327587
v 0.00117737 0.13377561 0.01328395
v 0.00383311 0.13377638 0.01313146
v 0.00419788 0.13377649 0.01309645
v 0.00485973 0.13377653 0.01300653
v -0.00144607 0.13377547 0.01326211
v -0.00212279 0.13379036 0.01320770
v -0.00215383 0.13377527 0.01321048
v -0.00402834 0.13377473 0.01307374
v -0.00440357 0.13379036 0.01300637
v -0.00445106 0.13377413 0.01301543
v -0.00655992 0.13377114 0.01272455
v -0.00660525 0.13379036 0.01267901
v -0.00668119 0.13377078 0.01269978
v -0.01218525 0.13374997 0.01130559
v -0.01092357 0.13375586 0.01170571
v -0.01056173 0.13375755 0.01182046
v -0.00903212 0.13376380 0.01221950
v -0.00871624 0.13379036 0.01223230
v -0.00884110 0.13376437 0.01225852
v -0.01657505 0.13372962 0.00945322
v -0.01646699 0.13373007 0.00951080
v -0.01635368 0.13374992 0.00942669
v -0.01460323 0.13373842 0.01039548
v -0.01714992 0.13384256 0.00840625
v -0.01819126 0.13372326 0.00851179
v -0.01679558 0.13372870 0.00933569
v -0.01823141 0.13372311 0.00848809
v -0.01845084 0.13384256 0.00738852
v -0.01954958 0.13371860 0.00756278
v -0.01964047 0.13371832 0.00748589
v -0.01958287 0.13384256 0.00629862
v -0.02091119 0.13371454 0.00638727
v -0.02074063 0.13371501 0.00655517
v -0.02129471 0.13384256 0.00392901
v -0.02212072 0.13371138 0.00505355
v -0.02053463 0.13384256 0.00514323
v -0.02198004 0.13371174 0.00521543
v -0.02126016 0.13371359 0.00604375
v -0.02185173 0.13384256 0.00266261
v -0.02306404 0.13370915 0.00361199
v -0.02283977 0.13370967 0.00400728
v -0.02387008 0.13370733 0.00137164
v -0.02383934 0.13370740 0.00156114
v -0.02219429 0.13384256 0.00135072
v -0.02352648 0.13370810 0.00259903
v -0.02347897 0.13370821 0.00270311
v -0.02397968 0.13370707 0.00069591
v -0.02231101 0.13384256 -0.00000000
v -0.02400828 0.13370700 0.00029167
v -0.02219429 0.13384256 -0.00135072
v -0.02397136 0.13370709 -0.00077481
v -0.02399820 0.13370703 0.00000051
v -0.02371381 0.13370768 -0.00204341
v -0.02377361 0.13370755 -0.00182987
v -0.02385987 0.13370735 -0.00136964
v -0.02346664 0.13370824 -0.00269920
v -0.02185173 0.13384256 -0.00266261
v -0.02330598 0.13370860 -0.00312546
v -0.02129471 0.13384256 -0.00392901
v -0.02283739 0.13370968 -0.00398479
v -0.02053463 0.13384256 -0.00514323
v -0.01958287 0.13384256 -0.00629862
v -0.02089445 0.13371458 -0.00640918
v -0.02189513 0.13371194 -0.00533450
v -0.02198088 0.13371173 -0.00521692
v -0.02271269 0.13370996 -0.00421346
v -0.01845084 0.13384256 -0.00738852
v -0.01857379 0.13372188 -0.00826319
v -0.01963178 0.13371841 -0.00747503
v -0.02004715 0.13371705 -0.00716558
v -0.01291472 0.13374652 -0.01103933
v -0.01428020 0.13373995 -0.01053216
v -0.01635368 0.13374992 -0.00942669
v -0.01507444 0.13373623 -0.01018782
v -0.01656930 0.13372971 -0.00944278
v -0.01092147 0.13375572 -0.01169374
v -0.01198993 0.13375097 -0.01138282
v -0.00957002 0.13376173 -0.01208702
v -0.01048519 0.13384256 -0.01162224
v -0.00871624 0.13379036 -0.01223230
v -0.00440357 0.13379036 -0.01300637
v -0.00668103 0.13377062 -0.01269308
v -0.00660525 0.13379036 -0.01267901
v -0.00703607 0.13377003 -0.01264017
v -0.00883971 0.13376412 -0.01224645
v -0.00212279 0.13379036 -0.01320770
v -0.00294175 0.13377528 -0.01317337
v -0.00440591 0.13377442 -0.01303212
v 0.00022550 0.13379036 -0.01327630
v -0.00020390 0.13377546 -0.01329361
v -0.00215407 0.13377533 -0.01320796
v 0.00321828 0.13377618 -0.01318269
v 0.00485458 0.13379036 -0.01300637
v 0.00253027 0.13377596 -0.01322856
v 0.00020694 0.13377554 -0.01328384
v 0.00835974 0.13377568 -0.01244322
v 0.00707180 0.13377624 -0.01267396
v 0.00705626 0.13379036 -0.01267901
v 0.00581772 0.13377678 -0.01289863
v 0.00485983 0.13377656 -0.01300330
v 0.01123600 0.13377008 -0.01169209
v 0.01117595 0.13379036 -0.01167294
v 0.01138232 0.13376974 -0.01165161
v 0.01104262 0.13384256 -0.01162224
v 0.01317316 0.13376323 -0.01103228
v 0.01464441 0.13384256 -0.01019857
v 0.01500364 0.13375488 -0.01027387
v 0.01290517 0.13384256 -0.01095982
v 0.01336180 0.13376254 -0.01096705
v 0.01914076 0.13373363 -0.00790896
v 0.01828490 0.13373800 -0.00848027
v 0.01820280 0.13374992 -0.00847959
v 0.01776060 0.13374068 -0.00883025
v 0.01700848 0.13374463 -0.00927100
v 0.02201242 0.13372046 -0.00520584
v 0.02188432 0.13372099 -0.00537855
v 0.02262541 0.13371794 -0.00437941
v 0.02285624 0.13371703 -0.00397533
v 0.02322506 0.13371556 -0.00332968
v 0.02240915 0.13384256 -0.00266261
v 0.02340029 0.13371488 -0.00294758
v 0.02286844 0.13384256 0.00000000
v 0.02387246 0.13371302 -0.00136725
v 0.02275172 0.13384256 -0.00135072
v 0.02376368 0.13371345 -0.00191451
v 0.02348843 0.13371453 -0.00269700
v 0.02402594 0.13371239 0.00000000
v 0.02400380 0.13371248 -0.00055748
v 0.02397311 0.13371261 -0.00086096
v -0.00101185 0.13927731 0.01162115
v -0.00209194 0.13927759 0.01147655
v -0.00231871 0.13836460 0.01159416
v -0.00000466 0.13928356 0.01166988
v 0.00252302 0.13932803 0.01140990
v 0.00188206 0.13931225 0.01153962
v 0.00033894 0.13836460 0.01183478
v 0.00044583 0.13928837 0.01166529
v 0.00011528 0.13928484 0.01166866
v 0.00472896 0.13939411 0.01072167
v 0.00444861 0.13938418 0.01085354
v 0.00352356 0.13720261 0.01182011
v 0.00309708 0.13934216 0.01129373
v 0.00629342 0.13720261 0.01111663
v 0.00758354 0.13720261 0.01060829
v 0.00571982 0.13942919 0.01025559
v 0.00880052 0.13720261 0.01000366
v 0.00669434 0.13946480 0.00964136
v 0.00993692 0.13720261 0.00930883
v 0.00796296 0.13950954 0.00863953
v 0.00756970 0.13949575 0.00896025
v 0.00687127 0.13947127 0.00952985
v 0.01278824 0.13720261 0.00674393
v 0.01414977 0.13720261 0.00469452
v 0.01082292 0.13959025 0.00451552
v 0.01034239 0.13957911 0.00555850
v 0.00977153 0.13956430 0.00648869
v 0.00961037 0.13956013 0.00675131
v 0.01464640 0.13720261 0.00358623
v 0.01126636 0.13959988 0.00328542
v 0.01092256 0.13959256 0.00429924
v 0.01171742 0.13960874 0.00053398
v 0.01523419 0.13720261 0.00123288
v 0.01171784 0.13960875 -0.00000001
v 0.01531045 0.13720261 0.00000000
v 0.01171824 0.13960875 -0.00051524
v 0.01523419 0.13720261 -0.00123288
v 0.01157662 0.13960607 -0.00190381
v 0.01501036 0.13720261 -0.00243032
v 0.01148022 0.13960415 -0.00233582
v 0.01127511 0.13960006 -0.00325497
v 0.01464640 0.13720261 -0.00358623
v 0.01091754 0.13959245 -0.00431206
v 0.01414977 0.13720261 -0.00469452
v 0.01082332 0.13959026 -0.00451569
v 0.01278824 0.13720261 -0.00674393
v 0.00977122 0.13956429 -0.00648846
v 0.01033053 0.13957882 -0.00558064
v 0.00893218 0.13954056 -0.00762985
v 0.00960138 0.13955988 -0.00676415
v 0.01098531 0.13720261 -0.00852987
v 0.00993692 0.13720261 -0.00930883
v 0.00795898 0.13950941 -0.00864321
v 0.00837804 0.13952282 -0.00820685
v 0.00596692 0.13943823 -0.01011585
v 0.00669550 0.13946484 -0.00964348
v 0.00880052 0.13720261 -0.01000366
v 0.00687604 0.13947144 -0.00952643
v 0.00756991 0.13949577 -0.00896052
v 0.00758354 0.13720261 -0.01060829
v 0.00629342 0.13720261 -0.01111663
v 0.00574424 0.13943024 -0.01022732
v 0.00469597 0.13939264 -0.01075210
v 0.00335708 0.13934960 -0.01122331
v 0.00252479 0.13932748 -0.01141864
v 0.00088512 0.13929430 -0.01164503
v 0.00232746 0.13932224 -0.01146495
v -0.00288612 0.13928246 -0.01130675
v -0.00231342 0.13928008 -0.01141372
v -0.00231871 0.13836460 -0.01159416
v -0.00146293 0.13927654 -0.01157258
v -0.00457187 0.13930673 -0.01073140
v -0.00412780 0.13929787 -0.01092566
v -0.00660617 0.13935504 -0.00966255
v -0.00544345 0.13932411 -0.01035011
v -0.00873969 0.13942448 -0.00782986
v -0.00833871 0.13941078 -0.00822027
v -0.00898881 0.13836460 -0.00836681
v -0.00772666 0.13938987 -0.00881617
v -0.00666623 0.13935663 -0.00962703
v -0.00961563 0.13945538 -0.00673926
v -0.01060046 0.13836460 -0.00661501
v -0.00976684 0.13946068 -0.00650009
v -0.01026025 0.13947799 -0.00571965
v -0.01132114 0.13951376 -0.00314666
v -0.01258682 0.13836460 -0.00238386
v -0.01150427 0.13951962 -0.00234043
v -0.01285508 0.13836460 -0.00000000
v -0.01172854 0.13952668 -0.00067342
v -0.01156567 0.13952159 -0.00207010
v -0.01278691 0.13836460 0.00120932
v -0.01172567 0.13952659 0.00072244
v -0.01172715 0.13952664 -0.00000004
v -0.01133153 0.13951410 0.00310898
v -0.01149369 0.13951927 0.00233832
v -0.01258682 0.13836460 0.00238386
v -0.01161938 0.13952328 0.00174094
v -0.01167717 0.13952508 0.00118714
v -0.01088561 0.13949938 0.00442275
v -0.01181754 0.13836460 0.00460478
v -0.01083830 0.13949777 0.00452454
v -0.01041734 0.13948343 0.00543026
v -0.01060046 0.13836460 0.00661501
v -0.00976920 0.13946077 0.00650181
v -0.00809989 0.13940238 0.00848053
v -0.00834565 0.13941088 0.00822787
v -0.00898881 0.13836460 0.00836681
v -0.00882317 0.13942741 0.00773694
v -0.00968905 0.13945797 0.00663431
v -0.00580027 0.13933286 0.01015957
v -0.00659768 0.13935533 0.00964966
v -0.00703582 0.13836460 0.00981243
v -0.00700032 0.13936667 0.00939218
v -0.00231447 0.13927938 0.01142281
v -0.00350271 0.13928894 0.01113583
v -0.00479471 0.13836460 0.01090413
v -0.00457445 0.13930659 0.01073524
v -0.00486547 0.13931138 0.01062647
v -0.00465107 0.13534968 -0.01196314
v -0.00332031 0.13467136 -0.01249798
v -0.01290473 0.13416689 -0.01002062
v -0.01177494 0.13467136 -0.00984267
v -0.01071117 0.13534968 -0.00966472
v -0.00955262 0.13416689 -0.01141945
v -0.01128606 0.13416689 -0.01076859
v -0.00910516 0.13439700 -0.01131805
v -0.01077404 0.13439700 -0.01067297
v -0.00867251 0.13467136 -0.01121666
v -0.01027683 0.13467136 -0.01057735
v -0.00933364 0.13534968 -0.01038612
v -0.00771501 0.13416689 -0.01196666
v -0.01219949 0.13374996 -0.01130498
v -0.00185066 0.13398181 -0.01303562
v -0.00202958 0.13384256 -0.01315034
v -0.00401488 0.13398181 -0.01283691
v -0.00427151 0.13384256 -0.01294989
v -0.00610404 0.13398181 -0.01251381
v -0.00643568 0.13384256 -0.01262394
v -0.00810714 0.13398181 -0.01207292
v -0.00851070 0.13384256 -0.01217917
v -0.01001319 0.13398181 -0.01152084
v -0.00578382 0.13416689 -0.01240367
v -0.00376968 0.13416689 -0.01272393
v 0.00046512 0.13416689 -0.01298800
v 0.01066758 0.13534968 -0.01038612
v 0.01147495 0.13467136 -0.01057735
v 0.00987062 0.13467136 -0.01121666
v 0.00762851 0.13534968 -0.01154165
v 0.01297305 0.13467136 -0.00984267
v 0.01204512 0.13534968 -0.00966472
v 0.01383496 0.13416689 -0.01002062
v 0.01221629 0.13416689 -0.01076859
v 0.00699311 0.13384256 -0.01262394
v 0.00477013 0.13398181 -0.01283691
v 0.00864524 0.13416689 -0.01196666
v 0.00671406 0.13416689 -0.01240367
v 0.00469991 0.13416689 -0.01272393
v 0.01256644 0.13398181 -0.01086420
v 0.01424540 0.13398181 -0.01010959
v -0.01181119 0.13398181 -0.01086420
v 0.00638255 0.13467136 -0.01218340
v 0.00816989 0.13467136 -0.01175415
v 0.01048285 0.13416689 -0.01141945
v 0.01076845 0.13398181 -0.01152084
v 0.01579430 0.13398181 -0.00926363
v 0.01624893 0.13384256 -0.00934516
v 0.01789631 0.13416689 -0.00725960
v 0.01894987 0.13416689 -0.00618872
v 0.02014030 0.13384256 -0.00629862
v 0.01900827 0.13384256 -0.00738852
v 0.01770735 0.13384256 -0.00840625
v 0.01331596 0.13534968 -0.00885598
v 0.01561134 0.13467136 -0.00811290
v 0.01523941 0.13375378 -0.01017433
v 0.01561134 0.13467136 0.00811290
v 0.01550145 0.13534968 0.00700177
v 0.01673189 0.13467136 0.00713069
v 0.01639806 0.13534968 0.00596892
v 0.01894987 0.13416689 0.00618872
v 0.01715188 0.13534968 0.00487401
v 0.01983565 0.13416689 0.00505349
v 0.01775390 0.13534968 0.00372334
v 0.02054304 0.13416689 0.00386045
v 0.01819508 0.13534968 0.00252324
v 0.02106144 0.13416689 0.00261616
v 0.01846640 0.13534968 0.00128002
v 0.02138026 0.13416689 0.00132716
v 0.01855885 0.13534968 0.00000000
v 0.02148889 0.13416689 0.00000000
v 0.01846640 0.13534968 -0.00128002
v 0.02138026 0.13416689 -0.00132716
v 0.01819508 0.13534968 -0.00252324
v 0.02106144 0.13416689 -0.00261616
v 0.01775390 0.13534968 -0.00372334
v 0.02054304 0.13416689 -0.00386045
v 0.01715188 0.13534968 -0.00487401
v 0.01983565 0.13416689 -0.00505349
v 0.01331596 0.13534968 0.00885598
v 0.01204512 0.13534968 0.00966472
v 0.01297305 0.13467136 0.00984267
v 0.01147495 0.13467136 0.01057735
v 0.01221629 0.13416689 0.01076859
v 0.00987062 0.13467136 0.01121666
v 0.01048285 0.13416689 0.01141945
v 0.00816989 0.13467136 0.01175415
v 0.00864524 0.13416689 0.01196666
v 0.00638255 0.13467136 0.01218340
v 0.00671406 0.13416689 0.01240367
v 0.01668557 0.13416689 0.00825958
v 0.01789631 0.13416689 0.00725960
v 0.00427091 0.13534968 0.01227202
v 0.00065530 0.13619553 0.01229607
v 0.00066697 0.13534968 0.01252671
v -0.00293696 0.13534968 0.01227202
v -0.00332031 0.13467136 0.01249798
v -0.00518443 0.13467136 0.01218340
v -0.00578382 0.13416689 0.01240367
v -0.01077404 0.13439700 0.01067297
v -0.00910516 0.13439700 0.01131805
v -0.01027683 0.13467136 0.01057735
v -0.00867251 0.13467136 0.01121666
v -0.00785842 0.13534968 0.01101387
v -0.00629456 0.13534968 0.01154165
v -0.00569694 0.13619553 0.01132914
v -0.01732866 0.13467136 0.00496375
v -0.01581794 0.13534968 0.00487401
v -0.01798336 0.13467136 0.00379190
v -0.01641995 0.13534968 0.00372334
v -0.01846316 0.13467136 0.00256970
v -0.01686113 0.13534968 0.00252324
v -0.01875823 0.13467136 0.00130359
v -0.01713245 0.13534968 0.00128002
v -0.01885877 0.13467136 -0.00000000
v -0.01722490 0.13534968 -0.00000000
v -0.01875823 0.13467136 -0.00130359
v -0.01713245 0.13534968 -0.00128002
v -0.01846316 0.13467136 -0.00256970
v -0.01686113 0.13534968 -0.00252324
v -0.01798336 0.13467136 -0.00379190
v -0.01641995 0.13534968 -0.00372334
v -0.01732866 0.13467136 -0.00496375
v -0.01581794 0.13534968 -0.00487401
v -0.01650886 0.13467136 -0.00607882
v -0.01506411 0.13534968 -0.00596892
v -0.01553378 0.13467136 -0.00713069
v -0.01416750 0.13534968 -0.00700177
v -0.01441322 0.13467136 -0.00811290
v 0.00598501 0.13534968 0.01196314
v 0.00762851 0.13534968 0.01154165
v 0.00919237 0.13534968 0.01101387
v 0.01066758 0.13534968 0.01038612
v 0.01424540 0.13398181 0.01010959
v 0.01579430 0.13398181 0.00926363
v 0.01770735 0.13384256 0.00840625
v 0.02275172 0.13384256 0.00135072
v 0.02240915 0.13384256 0.00266261
v 0.02185214 0.13384256 0.00392901
v 0.02109205 0.13384256 0.00514323
v 0.02014030 0.13384256 0.00629862
v 0.01900827 0.13384256 0.00738852
v 0.01597644 0.13374998 0.00979922
v -0.00185066 0.13398181 0.01303562
v -0.00202958 0.13384256 0.01315034
v 0.00037763 0.13398181 0.01310332
v 0.00027871 0.13384256 0.01321864
v 0.00477013 0.13398181 0.01283691
v 0.00482893 0.13384256 0.01294989
v 0.00685929 0.13398181 0.01251381
v 0.00886240 0.13398181 0.01207292
v 0.01076845 0.13398181 0.01152084
v -0.01289403 0.13374992 0.01105543
v -0.01263228 0.13374788 0.01116382
v -0.01291889 0.13374651 0.01105209
v -0.01177494 0.13467136 0.00984267
v -0.01290473 0.13416689 0.01002062
v -0.01128606 0.13416689 0.01076859
v -0.00955262 0.13416689 0.01141945
v -0.00771501 0.13416689 0.01196666
v -0.01503905 0.13398181 0.00926363
v -0.01575534 0.13416689 0.00825958
v -0.01569150 0.13384256 0.00934516
v -0.01439802 0.13416689 -0.00918210
v -0.01575534 0.13416689 -0.00825958
v -0.01696608 0.13416689 -0.00725960
v -0.01801964 0.13416689 -0.00618872
v -0.01890541 0.13416689 -0.00505349
v -0.01961280 0.13416689 -0.00386045
v -0.02013121 0.13416689 -0.00261616
v -0.02045003 0.13416689 -0.00132716
v -0.02055866 0.13416689 -0.00000000
v -0.02045003 0.13416689 0.00132716
v -0.02013121 0.13416689 0.00261616
v -0.01961280 0.13416689 0.00386045
v -0.01890541 0.13416689 0.00505349
v -0.00769956 0.13720261 0.01000366
v -0.00519247 0.13720261 0.01111663
v -0.00712393 0.13619553 0.01081108
v -0.00847002 0.13619553 0.01019489
v -0.00933364 0.13534968 0.01038612
v -0.01071117 0.13534968 0.00966472
v -0.00972699 0.13619553 0.00948677
v -0.00883597 0.13720261 0.00930883
v -0.00242260 0.13720261 0.01182011
v -0.00733598 0.13439700 0.01186041
v -0.00697177 0.13467136 0.01175415
v -0.00465107 0.13534968 0.01196314
v -0.00263321 0.13619553 0.01204607
v 0.00055048 0.13720261 0.01206542
v -0.01390940 0.13720261 0.00243032
v -0.01493612 0.13619553 0.00365479
v -0.01304881 0.13720261 0.00469452
v -0.01438680 0.13619553 0.00478427
v -0.01168728 0.13720261 0.00674393
v -0.01439802 0.13416689 0.00918210
v -0.01315700 0.13467136 0.00901904
v -0.01441322 0.13467136 0.00811290
v -0.01198201 0.13534968 0.00885598
v -0.01313713 0.13534968 0.00796623
v -0.01088660 0.13619553 0.00869293
v -0.01194062 0.13619553 0.00781955
v -0.00988435 0.13720261 0.00852987
v -0.01288082 0.13619553 0.00687285
v -0.01416750 0.13534968 0.00700177
v -0.01553378 0.13467136 0.00713069
v -0.01696608 0.13416689 0.00725960
v -0.01506411 0.13534968 0.00596892
v -0.01650886 0.13467136 0.00607882
v -0.01801964 0.13416689 0.00618872
v -0.01413323 0.13720261 -0.00123288
v -0.01420949 0.13720261 -0.00000000
v -0.01413323 0.13720261 0.00123288
v -0.01558627 0.13619553 -0.00125645
v -0.01567062 0.13619553 -0.00000000
v -0.01558627 0.13619553 0.00125645
v -0.01533869 0.13619553 0.00247678
v -0.01533869 0.13619553 -0.00247678
v -0.01390940 0.13720261 -0.00243032
v -0.01493612 0.13619553 -0.00365479
v -0.01304881 0.13720261 -0.00469452
v -0.00263321 0.13619553 -0.01204607
v -0.00242260 0.13720261 -0.01182011
v -0.00569694 0.13619553 -0.01132914
v -0.00712393 0.13619553 -0.01081108
v -0.00769956 0.13720261 -0.01000366
v -0.00847002 0.13619553 -0.01019489
v -0.00883597 0.13720261 -0.00930883
v -0.00972699 0.13619553 -0.00948677
v -0.00988435 0.13720261 -0.00852987
v -0.01088660 0.13619553 -0.00869293
v -0.01194062 0.13619553 -0.00781955
v -0.01168728 0.13720261 -0.00674393
v -0.01288082 0.13619553 -0.00687285
v -0.01438680 0.13619553 -0.00478427
v 0.00059906 0.13467136 -0.01275735
v -0.00293696 0.13534968 -0.01227202
v 0.00066697 0.13534968 -0.01252671
v 0.00427091 0.13534968 -0.01227202
v 0.00598501 0.13534968 -0.01196314
v 0.01550145 0.13534968 -0.00700177
v 0.01673189 0.13467136 -0.00713069
v 0.01639806 0.13534968 -0.00596892
v 0.00308713 0.13944061 0.01125389
v 0.00569697 0.13950601 0.01021229
v 0.00467846 0.13947876 -0.01070923
v -0.00100901 0.13939063 0.01158952
v -0.00100389 0.13949340 0.01153239
v -0.00207625 0.13949356 0.01138876
v -0.00099676 0.13957991 0.01145291
v -0.00206222 0.13958000 0.01131021
v -0.00098803 0.13964537 0.01135550
v -0.00204502 0.13964541 0.01121395
v -0.00097817 0.13968616 0.01124554
v -0.00202560 0.13968617 0.01110531
v -0.00208635 0.13939086 0.01144525
v -0.00349294 0.13939968 0.01110365
v -0.00485056 0.13941704 0.01059261
v -0.00578108 0.13943351 0.01012459
v -0.00697479 0.13945921 0.00935654
v -0.00806800 0.13948605 0.00844584
v -0.00878705 0.13950469 0.00770406
v -0.00964803 0.13952726 0.00660521
v -0.01128264 0.13956823 0.00309523
v -0.01083862 0.13955755 0.00440307
v -0.01037254 0.13954593 0.00540612
v -0.01156938 0.13957488 0.00173332
v -0.01167529 0.13957727 0.00071930
v -0.01151587 0.13957366 -0.00206100
v -0.01167815 0.13957733 -0.00067049
v -0.01082385 0.13955719 -0.00443911
v -0.01127229 0.13956799 -0.00313274
v -0.01021623 0.13954195 -0.00569427
v -0.00957501 0.13952535 -0.00670976
v -0.00870405 0.13950252 -0.00779672
v -0.00769697 0.13947668 -0.00878094
v -0.00664255 0.13945161 -0.00959144
v -0.00287829 0.13939465 -0.01127511
v -0.00411583 0.13940661 -0.01089276
v -0.00542597 0.13942682 -0.01031552
v -0.00000391 0.13939551 -0.01163711
v -0.00145896 0.13939004 -0.01154120
v 0.00088301 0.13940384 -0.01161063
v 0.00232059 0.13942538 -0.01142706
v 0.00334599 0.13944628 -0.01118285
v 0.00594278 0.13951270 -0.01007269
v 0.00684725 0.13953715 -0.00948472
v 0.00792523 0.13956483 -0.00860515
v 0.00889475 0.13958734 -0.00759683
v 0.00956193 0.13960121 -0.00673553
v 0.01028935 0.13961475 -0.00555781
v 0.01087532 0.13962446 -0.00429500
v 0.01123239 0.13962986 -0.00324240
v 0.01153356 0.13963412 -0.00189664
v 0.01167504 0.13963602 -0.00051334
v 0.01167422 0.13963601 0.00053200
v 0.01153091 0.13963408 0.00191288
v 0.01122364 0.13962973 0.00327273
v 0.01088033 0.13962453 0.00428224
v 0.01030119 0.13961496 0.00553577
v 0.00957090 0.13960139 0.00672275
v 0.00889185 0.13958728 0.00760024
v 0.00792920 0.13956493 0.00860149
v 0.00684251 0.13953703 0.00948813
v -0.00339317 0.13968661 0.01077502
v -0.00471393 0.13968748 0.01028214
v -0.00562025 0.13968828 0.00983131
v -0.00678513 0.13968952 0.00909176
v -0.00785518 0.13969079 0.00821427
v -0.00856120 0.13969165 0.00749849
v -0.00940929 0.13969268 0.00643585
v -0.01012542 0.13969351 0.00527300
v -0.01058734 0.13969403 0.00429785
v -0.01102830 0.13969450 0.00302365
v -0.01131354 0.13969479 0.00169428
v -0.01141900 0.13969489 0.00070333
v -0.01142185 0.13969489 -0.00065562
v -0.01126028 0.13969473 -0.00201432
v -0.01101801 0.13969449 -0.00306023
v -0.01057269 0.13969401 -0.00433292
v -0.00997072 0.13969334 -0.00555274
v -0.00933724 0.13969259 -0.00653707
v -0.00847960 0.13969155 -0.00758796
v -0.00749159 0.13969035 -0.00853729
v -0.00646060 0.13968916 -0.00931795
v -0.00527423 0.13968796 -0.01001520
v -0.00399899 0.13968696 -0.01057151
v -0.00279552 0.13968636 -0.01094066
v -0.00141566 0.13968613 -0.01119844
v -0.00000067 0.13968640 -0.01129277
v 0.00086209 0.13968682 -0.01126878
v 0.00226050 0.13968789 -0.01109557
v 0.00325873 0.13968890 -0.01086424
v 0.00455831 0.13969045 -0.01041504
v 0.00579575 0.13969202 -0.00980991
v 0.00668451 0.13969312 -0.00924888
v 0.00774814 0.13969435 -0.00840547
v 0.00870885 0.13969533 -0.00743278
v 0.00937205 0.13969592 -0.00659773
v 0.01009684 0.13969650 -0.00545103
v 0.01068181 0.13969691 -0.00421682
v 0.01103870 0.13969714 -0.00318543
v 0.01133996 0.13969731 -0.00186442
v 0.01148156 0.13969739 -0.00050481
v 0.01148074 0.13969739 0.00052317
v 0.01133731 0.13969731 0.00188037
v 0.01102996 0.13969713 0.00321517
v 0.01068682 0.13969691 0.00420432
v 0.01010865 0.13969651 0.00542953
v 0.00938097 0.13969593 0.00658532
v 0.00870596 0.13969532 0.00743608
v 0.00775206 0.13969435 0.00840195
v 0.00667984 0.13969312 0.00925214
v 0.00555475 0.13969171 0.00994280
v -0.00342478 0.13964714 0.01087913
v -0.00475649 0.13965051 0.01037886
v -0.00566958 0.13965366 0.00992126
v -0.00684196 0.13965850 0.00917109
v -0.00791747 0.13966346 0.00828205
v -0.00862627 0.13966685 0.00755772
v -0.00947682 0.13967090 0.00648376
v -0.01019430 0.13967420 0.00531011
v -0.01065675 0.13967623 0.00432691
v -0.01109799 0.13967809 0.00304326
v -0.01138329 0.13967924 0.00170492
v -0.01148874 0.13967965 0.00070767
v -0.01149159 0.13967966 -0.00065967
v -0.01133002 0.13967903 -0.00202706
v -0.01108770 0.13967805 -0.00308010
v -0.01064209 0.13967617 -0.00436227
v -0.01003937 0.13967350 -0.00559231
v -0.00940461 0.13967056 -0.00658600
v -0.00854439 0.13966646 -0.00764822
v -0.00755219 0.13966174 -0.00860918
v -0.00651549 0.13965708 -0.00940045
v -0.00532106 0.13965239 -0.01010789
v -0.00403576 0.13964849 -0.01067260
v -0.00282187 0.13964616 -0.01104714
v -0.00142951 0.13964525 -0.01130807
v -0.00000170 0.13964633 -0.01140231
v 0.00086869 0.13964795 -0.01137664
v 0.00227907 0.13965211 -0.01119802
v 0.00328518 0.13965608 -0.01096082
v 0.00459370 0.13966213 -0.01050169
v 0.00583784 0.13966830 -0.00988513
v 0.00673019 0.13967265 -0.00931507
v 0.00779679 0.13967750 -0.00846032
v 0.00875906 0.13968138 -0.00747709
v 0.00942282 0.13968374 -0.00663458
v 0.01014782 0.13968603 -0.00547930
v 0.01073270 0.13968765 -0.00423738
v 0.01108945 0.13968856 -0.00320035
v 0.01139053 0.13968926 -0.00187284
v 0.01153203 0.13968958 -0.00050703
v 0.01153121 0.13968958 0.00052547
v 0.01138788 0.13968926 0.00188886
v 0.01108071 0.13968853 0.00323025
v 0.01073771 0.13968767 0.00422481
v 0.01015963 0.13968606 0.00545766
v 0.00943175 0.13968377 0.00662206
v 0.00875617 0.13968137 0.00748042
v 0.00780072 0.13967752 0.00845676
v 0.00672550 0.13967263 0.00931838
v 0.00559569 0.13966709 0.01002037
v -0.00345290 0.13958372 0.01097177
v -0.00479468 0.13959096 0.01046562
v -0.00571417 0.13959777 0.01000257
v -0.00689391 0.13960826 0.00924363
v -0.00797508 0.13961905 0.00834473
v -0.00868692 0.13962645 0.00761293
v -0.00954034 0.13963531 0.00652882
v -0.01025956 0.13964256 0.00534526
v -0.01072280 0.13964705 0.00435457
v -0.01116457 0.13965114 0.00306200
v -0.01145010 0.13965368 0.00171511
v -0.01155561 0.13965459 0.00071184
v -0.01155846 0.13965461 -0.00066355
v -0.01139679 0.13965321 -0.00203925
v -0.01115427 0.13965105 -0.00309908
v -0.01070812 0.13964691 -0.00439018
v -0.01010430 0.13964103 -0.00562974
v -0.00946791 0.13963457 -0.00663198
v -0.00860472 0.13962559 -0.00770433
v -0.00760801 0.13961530 -0.00867541
v -0.00656551 0.13960517 -0.00947563
v -0.00536327 0.13959501 -0.01019142
v -0.00406858 0.13958662 -0.01076283
v -0.00284526 0.13958160 -0.01114166
v -0.00144178 0.13957966 -0.01140517
v -0.00000261 0.13958196 -0.01149958
v 0.00087458 0.13958546 -0.01147280
v 0.00229580 0.13959442 -0.01129028
v 0.00330923 0.13960299 -0.01104863
v 0.00462632 0.13961613 -0.01058158
v 0.00587719 0.13962961 -0.00995546
v 0.00677331 0.13963916 -0.00937756
v 0.00784320 0.13964984 -0.00851266
v 0.00880738 0.13965842 -0.00751973
v 0.00947192 0.13966365 -0.00667021
v 0.01019735 0.13966873 -0.00550678
v 0.01078232 0.13967235 -0.00425743
v 0.01113902 0.13967436 -0.00321494
v 0.01144001 0.13967594 -0.00188107
v 0.01158144 0.13967665 -0.00050921
v 0.01158063 0.13967664 0.00052773
v 0.01143736 0.13967593 0.00189717
v 0.01113028 0.13967432 0.00324498
v 0.01078733 0.13967238 0.00424479
v 0.01020917 0.13966881 0.00548499
v 0.00948086 0.13966372 0.00665759
v 0.00880449 0.13965839 0.00752309
v 0.00784715 0.13964988 0.00850907
v 0.00676861 0.13963911 0.00938092
v 0.00563386 0.13962697 0.01009270
v -0.00347603 0.13949973 0.01104797
v -0.00482657 0.13951181 0.01053808
v -0.00575193 0.13952322 0.01007142
v -0.00693882 0.13954088 0.00930632
v -0.00802588 0.13955917 0.00840001
v -0.00874112 0.13957178 0.00766226
v -0.00959797 0.13958696 0.00656970
v -0.01031949 0.13959943 0.00537754
v -0.01078391 0.13960717 0.00438016
v -0.01122658 0.13961425 0.00307945
v -0.01151256 0.13961865 0.00172464
v -0.01161822 0.13962023 0.00071574
v -0.01162107 0.13962027 -0.00066718
v -0.01145918 0.13961784 -0.00205065
v -0.01121625 0.13961409 -0.00311676
v -0.01076919 0.13960693 -0.00441601
v -0.01016378 0.13959678 -0.00566404
v -0.00952528 0.13958568 -0.00667364
v -0.00865855 0.13957032 -0.00775439
v -0.00765690 0.13955281 -0.00873341
v -0.00660848 0.13953567 -0.00954023
v -0.00539881 0.13951859 -0.01026176
v -0.00409574 0.13950456 -0.01083752
v -0.00286442 0.13949621 -0.01121906
v -0.00145178 0.13949298 -0.01148434
v -0.00000336 0.13949681 -0.01157929
v 0.00087944 0.13950263 -0.01155219
v 0.00230987 0.13951760 -0.01136788
v 0.00332981 0.13953201 -0.01112375
v 0.00465494 0.13955422 -0.01065165
v 0.00591254 0.13957718 -0.01001866
v 0.00681269 0.13959358 -0.00943464
v 0.00788634 0.13961200 -0.00856131
v 0.00885289 0.13962687 -0.00755989
v 0.00951854 0.13963599 -0.00670404
v 0.01024475 0.13964486 -0.00553307
v 0.01083006 0.13965120 -0.00427672
v 0.01118685 0.13965472 -0.00322900
v 0.01148785 0.13965750 -0.00188904
v 0.01162928 0.13965873 -0.00051132
v 0.01162846 0.13965873 0.00052991
v 0.01148520 0.13965747 0.00190520
v 0.01117811 0.13965464 0.00325920
v 0.01083507 0.13965125 0.00426401
v 0.01025658 0.13964500 0.00551115
v 0.00952749 0.13963611 0.00669134
v 0.00885000 0.13962683 0.00756328
v 0.00789030 0.13961206 0.00855768
v 0.00680797 0.13959349 0.00943802
v 0.00566799 0.13957267 0.01015739
v 0.00443235 0.13947241 0.01081098
v 0.00441019 0.13954990 0.01075297
v 0.00438300 0.13961358 0.01068180
v 0.00435186 0.13966095 0.01060027
v 0.00431799 0.13969015 0.01051161
v 0.00307234 0.13952811 0.01119469
v 0.00305339 0.13960068 0.01111884
v 0.00303114 0.13965501 0.01102977
v 0.00300661 0.13968863 0.01093156
v 0.00182873 0.13968751 0.01116728
v 0.00184369 0.13965064 0.01127175
v 0.00185712 0.13959124 0.01136551
v 0.00186834 0.13951228 0.01144385
v 0.00187679 0.13941771 0.01150288
v 0.00043599 0.13968659 0.01128835
v 0.00043883 0.13964706 0.01139719
v 0.00044136 0.13958353 0.01149402
v 0.00044344 0.13949942 0.01157363
v 0.00044496 0.13939924 0.01163177
v 0.02413124 0.13369003 0.00051965
v 0.02291641 0.13369283 0.00414762
v 0.02211772 0.13369466 0.00528298
v 0.01544747 0.13371282 0.01018759
v 0.02412760 0.13369004 -0.00056741
v 0.02409630 0.13369012 -0.00087623
v 0.02446028 0.13333836 -0.00059419
v 0.02442732 0.13333847 -0.00091744
v 0.02420306 0.13333913 -0.00203694
v 0.02388297 0.13369063 -0.00194765
v 0.02333529 0.13369188 -0.00338405
v 0.02351332 0.13369148 -0.00299659
v 0.02272688 0.13369326 -0.00444682
v 0.02381596 0.13334025 -0.00312839
v 0.02363011 0.13334080 -0.00353008
v 0.02299727 0.13334270 -0.00462734
v 0.02131067 0.13334841 -0.00663976
v 0.02222061 0.13334519 -0.00566276
v 0.02109321 0.13369714 -0.00641433
v 0.02197643 0.13369500 -0.00545606
v 0.02046998 0.13369872 -0.00699402
v 0.01920657 0.13370209 -0.00800158
v 0.02067064 0.13335089 -0.00722779
v 0.01937709 0.13335653 -0.00824416
v 0.01795821 0.13336378 -0.00916798
v 0.01705908 0.13370821 -0.00936481
v 0.01781620 0.13370602 -0.00892430
v 0.01718720 0.13336821 -0.00960636
v 0.01537880 0.13337993 -0.01049644
v 0.01527951 0.13371329 -0.01026546
v 0.01339245 0.13371814 -0.01105294
v 0.01346643 0.13339405 -0.01126689
v 0.01145750 0.13340993 -0.01192345
v 0.01140477 0.13372212 -0.01173047
v 0.00932218 0.13372472 -0.01229706
v 0.00582569 0.13372586 -0.01295972
v 0.00837294 0.13372538 -0.01251118
v 0.00323207 0.13345326 -0.01337604
v 0.00584358 0.13344682 -0.01310393
v 0.00935812 0.13342612 -0.01246841
v 0.00840288 0.13343280 -0.01267368
v 0.00253358 0.13372501 -0.01328617
v 0.00322246 0.13372523 -0.01324048
v -0.00020397 0.13372451 -0.01335322
v 0.00254134 0.13345351 -0.01342124
v -0.00020351 0.13344927 -0.01349338
v -0.00295404 0.13343812 -0.01339461
v -0.00441256 0.13372429 -0.01310229
v -0.00294576 0.13372460 -0.01323893
v -0.00442692 0.13342960 -0.01327027
v -0.00707808 0.13341130 -0.01291536
v -0.00704888 0.13372214 -0.01272018
v -0.00959073 0.13371769 -0.01217675
v -0.01202004 0.13371176 -0.01148018
v -0.01442435 0.13336298 -0.01089802
v -0.01209452 0.13337605 -0.01172790
v -0.00964013 0.13339255 -0.01240033
v -0.01432086 0.13370560 -0.01063405
v -0.01511917 0.13370351 -0.01029052
v -0.01696949 0.13369899 -0.00937352
v -0.01863982 0.13369542 -0.00836321
v -0.01523397 0.13335911 -0.01055807
v -0.01711335 0.13335143 -0.00964428
v -0.01881421 0.13334591 -0.00862920
v -0.02033097 0.13334196 -0.00751303
v -0.02012462 0.13369270 -0.00726008
v -0.02097956 0.13369131 -0.00649843
v -0.02199071 0.13368981 -0.00541430
v -0.02120724 0.13334002 -0.00673813
v -0.02224748 0.13333800 -0.00562939
v -0.02310333 0.13333651 -0.00446293
v -0.02281841 0.13368868 -0.00428085
v -0.02372908 0.13333549 -0.00332120
v -0.02416229 0.13333481 -0.00217696
v -0.02389573 0.13368726 -0.00186231
v -0.02383488 0.13368734 -0.00207940
v -0.02342031 0.13368788 -0.00317826
v -0.02443748 0.13333437 -0.00082694
v -0.02422605 0.13333471 -0.00195025
v -0.02409711 0.13368698 -0.00078885
v -0.02410559 0.13368697 0.00070853
v -0.02413474 0.13368693 0.00029698
v -0.02447705 0.13333430 0.00031139
v -0.02444639 0.13333435 0.00074278
v -0.02429624 0.13333460 0.00166461
v -0.02364436 0.13368759 0.00264392
v -0.02396264 0.13368717 0.00158902
v -0.02396295 0.13333512 0.00276552
v -0.02347334 0.13333590 0.00383291
v -0.02248301 0.13333757 0.00533802
v -0.02323697 0.13333629 0.00424730
v -0.02317471 0.13368820 0.00367162
v -0.02294723 0.13368850 0.00407209
v -0.02221893 0.13368949 0.00513050
v -0.02082428 0.13369155 0.00664553
v -0.02134889 0.13369074 0.00613006
v -0.02158664 0.13333925 0.00636216
v -0.02104789 0.13334036 0.00688805
v -0.01981788 0.13334320 0.00791810
v -0.01829504 0.13369612 0.00858893
v -0.01962296 0.13369357 0.00765957
v -0.01846272 0.13334695 0.00885662
v -0.01699185 0.13335188 0.00970928
v -0.01684999 0.13369927 0.00943850
v -0.01464552 0.13370474 0.01049775
v -0.01651946 0.13370004 0.00961378
v -0.01665585 0.13335314 0.00988447
v -0.01475353 0.13336137 0.01076332
v -0.01274728 0.13337211 0.01151582
v -0.01266518 0.13371004 0.01126276
v -0.01058607 0.13371541 0.01191360
v -0.01064506 0.13338552 0.01214769
v -0.00909558 0.13339647 0.01252489
v -0.00905099 0.13371882 0.01230724
v -0.00657146 0.13372271 0.01280270
v -0.00403427 0.13372442 0.01314264
v -0.00659754 0.13341479 0.01299262
v -0.00404693 0.13343195 0.01330721
v -0.00145101 0.13344504 0.01346988
v -0.00144781 0.13372456 0.01332395
v 0.00118323 0.13345237 0.01347827
v 0.00384944 0.13345252 0.01332629
v 0.00117902 0.13372466 0.01334203
v 0.00383810 0.13372542 0.01318966
v 0.00420337 0.13372553 0.01315500
v 0.00684501 0.13372586 0.01280161
v 0.00421579 0.13345185 0.01329255
v 0.00686710 0.13344201 0.01295207
v 0.00943515 0.13342555 0.01245073
v 0.01029042 0.13372372 0.01205073
v 0.00939868 0.13372466 0.01227864
v 0.01478582 0.13365353 0.01058077
v 0.01259590 0.13371990 0.01134172
v 0.01261951 0.13365777 0.01141480
v 0.01030638 0.13366163 0.01211562
v 0.00941226 0.13366285 0.01234048
v 0.00685332 0.13366528 0.01285605
v 0.00420800 0.13366607 0.01320498
v 0.00384231 0.13366605 0.01323932
v 0.00118047 0.13366537 0.01339157
v -0.00144920 0.13366443 0.01337687
v -0.00403922 0.13366306 0.01320200
v -0.00658129 0.13366053 0.01287070
v -0.00906736 0.13365681 0.01238448
v -0.01060743 0.13365407 0.01199621
v -0.01269445 0.13365015 0.01135141
v -0.01468356 0.13364653 0.01059020
v -0.01656706 0.13364347 0.00970753
v -0.01689944 0.13364297 0.00953221
v -0.01835318 0.13364100 0.00868127
v -0.01969028 0.13363943 0.00774853
v -0.02090129 0.13363820 0.00672881
v -0.02143068 0.13363771 0.00620971
v -0.02230963 0.13363695 0.00520162
v -0.02304661 0.13363635 0.00413209
v -0.02327711 0.13363616 0.00372683
v -0.02375352 0.13363577 0.00268552
v -0.02407689 0.13363550 0.00161487
v -0.02422228 0.13363537 0.00072024
v -0.02425194 0.13363534 0.00030191
v -0.02421365 0.13363538 -0.00080187
v -0.02400887 0.13363556 -0.00189239
v -0.02394703 0.13363561 -0.00211277
v -0.02352615 0.13363596 -0.00322718
v -0.02291616 0.13363645 -0.00434321
v -0.02207893 0.13363714 -0.00548804
v -0.02105794 0.13363805 -0.00658073
v -0.02019580 0.13363890 -0.00734705
v -0.01870022 0.13364057 -0.00845491
v -0.01701961 0.13364280 -0.00946720
v -0.01515950 0.13364572 -0.01038353
v -0.01435737 0.13364710 -0.01072604
v -0.01204671 0.13365137 -0.01156715
v -0.00960878 0.13365588 -0.01225594
v -0.00705983 0.13365990 -0.01278995
v -0.00441814 0.13366277 -0.01316282
v -0.00294907 0.13366376 -0.01329523
v -0.00020396 0.13366486 -0.01340413
v 0.00253640 0.13366582 -0.01333529
v 0.00322600 0.13366598 -0.01328977
v 0.00583242 0.13366578 -0.01301200
v 0.00838415 0.13366402 -0.01256975
v 0.00933556 0.13366295 -0.01235864
v 0.01142414 0.13365988 -0.01179933
v 0.01341924 0.13365625 -0.01112870
v 0.01531498 0.13365246 -0.01034666
v 0.01710434 0.13364887 -0.00944917
v 0.01786616 0.13364740 -0.00900918
v 0.01926614 0.13364483 -0.00808570
v 0.02053970 0.13364269 -0.00707480
v 0.02116859 0.13364170 -0.00649209
v 0.02206081 0.13364037 -0.00552721
v 0.02282010 0.13363928 -0.00450885
v 0.02343675 0.13363841 -0.00343416
v 0.02361742 0.13363815 -0.00304180
v 0.02399297 0.13363760 -0.00197825
v 0.02420999 0.13363726 -0.00089035
v 0.02424185 0.13363721 -0.00057658
v 0.01033351 0.13341877 0.01223186
v 0.01266072 0.13340036 0.01154744
v 0.01551375 0.13357366 0.01033706
v 0.01481282 0.13357554 0.01064702
v 0.01263864 0.13358175 0.01147491
v 0.01031914 0.13358844 0.01216854
v 0.00942307 0.13359085 0.01239075
v 0.00685988 0.13359651 0.01290000
v 0.00421167 0.13359954 0.01324517
v 0.00384566 0.13359970 0.01327924
v 0.00118167 0.13359914 0.01343138
v -0.00145021 0.13359661 0.01341951
v -0.00404305 0.13359245 0.01325010
v -0.00658908 0.13358674 0.01292620
v -0.00908058 0.13358029 0.01244811
v -0.01062486 0.13357626 0.01206465
v -0.01271862 0.13357114 0.01142542
v -0.01471530 0.13356690 0.01066789
v -0.01660709 0.13356358 0.00978673
v -0.01694106 0.13356306 0.00961144
v -0.01840235 0.13356104 0.00875960
v -0.01974741 0.13355949 0.00782419
v -0.02096681 0.13355831 0.00679980
v -0.02150033 0.13355785 0.00627764
v -0.02238698 0.13355713 0.00526236
v -0.02313148 0.13355657 0.00418337
v -0.02336457 0.13355640 0.00377405
v -0.02384683 0.13355604 0.00272111
v -0.02417459 0.13355578 0.00163699
v -0.02432209 0.13355566 0.00073027
v -0.02435219 0.13355564 0.00030612
v -0.02431333 0.13355567 -0.00081302
v -0.02410561 0.13355584 -0.00191813
v -0.02404292 0.13355589 -0.00214133
v -0.02361658 0.13355621 -0.00326902
v -0.02299962 0.13355667 -0.00439650
v -0.02215415 0.13355731 -0.00555100
v -0.02112466 0.13355817 -0.00665089
v -0.02025628 0.13355898 -0.00742108
v -0.01875135 0.13356061 -0.00853274
v -0.01706182 0.13356288 -0.00954642
v -0.01519322 0.13356600 -0.01046180
v -0.01438779 0.13356755 -0.01080325
v -0.01206866 0.13357267 -0.01163959
v -0.00962340 0.13357886 -0.01232130
v -0.00706854 0.13358554 -0.01284700
v -0.00442247 0.13359169 -0.01321191
v -0.00295160 0.13359443 -0.01334073
v -0.00020388 0.13359798 -0.01344509
v 0.00253867 0.13359977 -0.01337476
v 0.00322882 0.13359982 -0.01332938
v 0.00583772 0.13359807 -0.01305414
v 0.00839304 0.13359339 -0.01261722
v 0.00934622 0.13359105 -0.01240870
v 0.01143974 0.13358525 -0.01185571
v 0.01344106 0.13357941 -0.01119122
v 0.01534420 0.13357410 -0.01041417
v 0.01714198 0.13356961 -0.00951979
v 0.01790784 0.13356788 -0.00908043
v 0.01931616 0.13356502 -0.00815664
v 0.02059853 0.13356276 -0.00714317
v 0.02123232 0.13356175 -0.00655803
v 0.02213236 0.13356042 -0.00558768
v 0.02289931 0.13355936 -0.00456166
v 0.02352311 0.13355851 -0.00347688
v 0.02370607 0.13355827 -0.00308036
v 0.02408671 0.13355774 -0.00200437
v 0.02430693 0.13355741 -0.00090240
v 0.02433927 0.13355736 -0.00058442
v 0.01554928 0.13337875 0.01041984
v 0.01484465 0.13338371 0.01072761
v 0.01737412 0.13347368 0.00946046
v 0.01553592 0.13348109 0.01038808
v 0.01483273 0.13348424 0.01069671
v 0.01265256 0.13349482 0.01151971
v 0.01032829 0.13350658 0.01220772
v 0.00943078 0.13351092 0.01242789
v 0.00686451 0.13352142 0.01293230
v 0.00421429 0.13352755 0.01327460
v 0.00384805 0.13352794 0.01330846
v 0.00118260 0.13352758 0.01346051
v -0.00145082 0.13352285 0.01345079
v -0.00404564 0.13351466 0.01328551
v -0.00659456 0.13350388 0.01296732
v -0.00909011 0.13349233 0.01249554
v -0.01063759 0.13348540 0.01211590
v -0.01273653 0.13347692 0.01148114
v -0.01473904 0.13347012 0.01072664
v -0.01663726 0.13346493 0.00984686
v -0.01697247 0.13346413 0.00967162
v -0.01843961 0.13346103 0.00881924
v -0.01979084 0.13345869 0.00788190
v -0.02101672 0.13345690 0.00685401
v -0.02155344 0.13345621 0.00632955
v -0.02244604 0.13345516 0.00530882
v -0.02319634 0.13345434 0.00422262
v -0.02343143 0.13345409 0.00381019
v -0.02391819 0.13345359 0.00274837
v -0.02424934 0.13345324 0.00165394
v -0.02439846 0.13345308 0.00073795
v -0.02442890 0.13345304 0.00030935
v -0.02438961 0.13345309 -0.00082157
v -0.02417962 0.13345332 -0.00193785
v -0.02411627 0.13345338 -0.00216320
v -0.02368573 0.13345383 -0.00330105
v -0.02306338 0.13345448 -0.00443729
v -0.02221156 0.13345542 -0.00559914
v -0.02117549 0.13345669 -0.00670448
v -0.02030228 0.13345791 -0.00747757
v -0.01879012 0.13346038 -0.00859203
v -0.01709368 0.13346385 -0.00960660
v -0.01521850 0.13346870 -0.01052105
v -0.01441052 0.13347114 -0.01086161
v -0.01208486 0.13347941 -0.01169404
v -0.00963400 0.13348985 -0.01237011
v -0.00707469 0.13350168 -0.01288930
v -0.00442543 0.13351319 -0.01324809
v -0.00295327 0.13351852 -0.01337416
v -0.00020373 0.13352553 -0.01347509
v 0.00254033 0.13352844 -0.01340364
v 0.00323086 0.13352835 -0.01335837
v 0.00584148 0.13352445 -0.01308504
v 0.00839934 0.13351555 -0.01265221
v 0.00935382 0.13351128 -0.01244567
v 0.01145099 0.13350093 -0.01189759
v 0.01345701 0.13349080 -0.01123792
v 0.01536580 0.13348184 -0.01046488
v 0.01717007 0.13347444 -0.00957309
v 0.01793908 0.13347165 -0.00913431
v 0.01935384 0.13346711 -0.00821046
v 0.02064303 0.13346357 -0.00719518
v 0.02128064 0.13346202 -0.00660824
v 0.02218672 0.13346000 -0.00563379
v 0.02295961 0.13345841 -0.00460199
v 0.02358893 0.13345719 -0.00350954
v 0.02377366 0.13345684 -0.00310984
v 0.02415826 0.13345610 -0.00202436
v 0.02438094 0.13345565 -0.00091163
v 0.02441366 0.13345559 -0.00059041
v 0.01475294 0.13371472 0.01050092
v 0.01905432 0.13335808 0.00846949
v 0.01739177 0.13336700 0.00949387
v 0.01726007 0.13370763 0.00925159
v 0.01889066 0.13370297 0.00822600
v 0.01548380 0.13365212 0.01026918
v 0.01730654 0.13364847 0.00933614
v 0.01734522 0.13356914 0.00940697
v 0.01899593 0.13356564 0.00838172
v 0.01903206 0.13346808 0.00843570
v 0.02050489 0.13346393 0.00731395
v 0.02053200 0.13335145 0.00734675
v 0.02135520 0.13334824 0.00659620
v 0.02033480 0.13369907 0.00711158
v 0.02113651 0.13369703 0.00637147
v 0.01894792 0.13364540 0.00831052
v 0.02040336 0.13364291 0.00719286
v 0.02046117 0.13356299 0.00726165
v 0.02127640 0.13356168 0.00651472
v 0.02132499 0.13346191 0.00656478
v 0.02233200 0.13345969 0.00545724
v 0.02236656 0.13334471 0.00548566
v 0.02319406 0.13334210 0.00431913
v 0.02121231 0.13364164 0.00644899
v 0.02220368 0.13364016 0.00535272
v 0.02227658 0.13356021 0.00541201
v 0.02309341 0.13355909 0.00425670
v 0.02315535 0.13345803 0.00429503
v 0.02375596 0.13345687 0.00315047
v 0.02379815 0.13334030 0.00316923
v 0.02420630 0.13333912 0.00202525
v 0.02360012 0.13363818 0.00308167
v 0.02349627 0.13369151 0.00303595
v 0.02408989 0.13355773 0.00199286
v 0.02399610 0.13363760 0.00196688
v 0.02388605 0.13369062 0.00193644
v 0.02397122 0.13369042 0.00159518
v 0.02408272 0.13363746 0.00162049
v 0.02417776 0.13355761 0.00164211
v 0.02425031 0.13345592 0.00165865
v 0.02301208 0.13363901 0.00420653
v 0.02368854 0.13355829 0.00312066
v 0.02416147 0.13345609 0.00201274
v 0.02429575 0.13333886 0.00166907
v 0.02424556 0.13363720 0.00052806
v 0.02434304 0.13355735 0.00053524
v 0.02441747 0.13345558 0.00054073
v 0.02446411 0.13333835 0.00054419
v 0.00000000 0.15300001 0.00000000
v -0.01080595 0.15126563 0.00000000
v -0.01121190 0.15103126 0.00000000
v -0.01121190 0.15093751 0.00000000
v -0.01080595 0.15060938 0.00000000
v -0.01121190 0.15084376 0.00000000
v 0.00907062 0.14493751 -0.00659019
v 0.00907062 0.14503126 -0.00659019
v 0.00874220 0.14526563 -0.00635158
v 0.00907062 0.14484376 -0.00659019
v 0.00874220 0.14460938 -0.00635158
v -0.01093082 0.15084877 -0.00249477
v -0.01093082 0.15094252 -0.00249477
v -0.01009058 0.15075731 -0.00488743
v -0.01009058 0.15085106 -0.00488743
v -0.00875600 0.15066957 -0.00700280
v -0.00875600 0.15076333 -0.00700280
v -0.00697001 0.15057971 -0.00878212
v -0.00697001 0.15067346 -0.00878212
v -0.00482069 0.15048855 -0.01012263
v -0.00482069 0.15058230 -0.01012263
v -0.00246103 0.15040130 -0.01093847
v -0.00246103 0.15049505 -0.01093847
v 0.00005301 0.15031059 -0.01121177
v 0.00005301 0.15040435 -0.01121177
v 0.00256304 0.15022004 -0.01091501
v 0.00256304 0.15031379 -0.01091501
v 0.00491543 0.15013273 -0.01007697
v 0.00491543 0.15022648 -0.01007697
v 0.00705270 0.15004149 -0.00871585
v 0.00705270 0.15013523 -0.00871585
v 0.00882062 0.14995182 -0.00692123
v 0.00882062 0.15004557 -0.00692123
v 0.01013614 0.14986393 -0.00479221
v 0.01013614 0.14995768 -0.00479221
v 0.01095387 0.14977244 -0.00239154
v 0.01095387 0.14986619 -0.00239154
v 0.01121142 0.14968395 0.00010350
v 0.01121142 0.14977770 0.00010350
v 0.01090678 0.14959497 0.00259783
v 0.01090678 0.14968872 0.00259783
v 0.01004415 0.14950354 0.00498215
v 0.01004415 0.14959729 0.00498215
v 0.00869055 0.14941595 0.00708386
v 0.00869055 0.14950969 0.00708386
v 0.00688669 0.14932589 0.00884761
v 0.00688669 0.14941964 0.00884761
v 0.00472561 0.14923483 0.01016736
v 0.00472561 0.14932858 0.01016736
v 0.00235870 0.14914761 0.01096099
v 0.00235870 0.14924136 0.01096099
v -0.00015902 0.14905677 0.01121077
v -0.00015902 0.14915052 0.01121077
v -0.00266471 0.14896637 0.01089064
v -0.00266471 0.14906012 0.01089064
v -0.00500981 0.14887899 0.01003038
v -0.00500981 0.14897274 0.01003038
v -0.00713473 0.14878767 0.00864883
v -0.00713473 0.14888142 0.00864883
v -0.00888439 0.14869822 0.00683917
v -0.00888439 0.14879197 0.00683917
v -0.01018083 0.14861015 0.00469652
v -0.01018083 0.14870390 0.00469652
v -0.01097593 0.14851865 0.00228813
v -0.01097593 0.14861240 0.00228813
v -0.01120999 0.14843038 -0.00020713
v -0.01120999 0.14852413 -0.00020713
v -0.01088177 0.14834116 -0.00270070
v -0.01088177 0.14843491 -0.00270070
v -0.00999686 0.14824978 -0.00507636
v -0.00999686 0.14834353 -0.00507636
v -0.00862426 0.14816230 -0.00716441
v -0.00862426 0.14825605 -0.00716441
v -0.00680274 0.14807207 -0.00891232
v -0.00680274 0.14816582 -0.00891232
v -0.00463020 0.14798111 -0.01021117
v -0.00463020 0.14807486 -0.01021117
v -0.00225606 0.14789390 -0.01098257
v -0.00225606 0.14798765 -0.01098257
v 0.00026501 0.14780295 -0.01120877
v 0.00026501 0.14789670 -0.01120877
v 0.00276604 0.14771271 -0.01086534
v 0.00276604 0.14780646 -0.01086534
v 0.00510382 0.14762524 -0.00998287
v 0.00510382 0.14771899 -0.00998287
v 0.00721610 0.14753386 -0.00858106
v 0.00721610 0.14762761 -0.00858106
v 0.00894732 0.14744464 -0.00675664
v 0.00894732 0.14753839 -0.00675664
v 0.01022465 0.14735636 -0.00460035
v 0.01022465 0.14745012 -0.00460035
v 0.01099701 0.14726486 -0.00218458
v 0.01099701 0.14735861 -0.00218458
v 0.01120759 0.14717679 0.00031089
v 0.01120759 0.14727054 0.00031089
v 0.01085577 0.14708735 0.00280336
v 0.01085577 0.14718110 0.00280336
v 0.00994873 0.14699603 0.00517006
v 0.00994873 0.14708978 0.00517006
v 0.00855715 0.14690865 0.00724443
v 0.00855715 0.14700240 0.00724443
v 0.00671817 0.14681824 0.00897624
v 0.00671817 0.14691200 0.00897624
v 0.00453448 0.14672741 0.01025403
v 0.00453448 0.14682116 0.01025403
v 0.00215313 0.14664019 0.01100321
v 0.00215313 0.14673394 0.01100321
v -0.00037096 0.14654912 0.01120576
v -0.00037096 0.14664287 0.01120576
v -0.00286701 0.14645907 0.01083914
v -0.00286701 0.14655282 0.01083914
v -0.00519745 0.14637148 0.00993444
v -0.00519745 0.14646523 0.00993444
v -0.00729680 0.14628005 0.00851254
v -0.00729680 0.14637380 0.00851254
v -0.00900940 0.14619106 0.00667364
v -0.00900940 0.14628481 0.00667364
v -0.01026758 0.14610257 0.00450373
v -0.01026758 0.14619632 0.00450373
v -0.01101710 0.14601108 0.00208089
v -0.01101710 0.14610483 0.00208089
v -0.01120422 0.14592319 -0.00041476
v -0.01120422 0.14601694 -0.00041476
v -0.01082880 0.14583353 -0.00290580
v -0.01082880 0.14592728 -0.00290580
v -0.00989976 0.14574228 -0.00526322
v -0.00989976 0.14583603 -0.00526322
v -0.00848922 0.14565498 -0.00732392
v -0.00848922 0.14574873 -0.00732392
v -0.00663300 0.14556442 -0.00903936
v -0.00663300 0.14565817 -0.00903936
v -0.00443846 0.14547372 -0.01029596
v -0.00443846 0.14556747 -0.01029596
v -0.00204991 0.14538646 -0.01102291
v -0.00204991 0.14548022 -0.01102291
v 0.00047686 0.14529530 -0.01120175
v 0.00047686 0.14538905 -0.01120175
v 0.00296761 0.14520544 -0.01081203
v 0.00296761 0.14529919 -0.01081203
v 0.00529069 0.14511771 -0.00988510
v 0.00529069 0.14521146 -0.00988510
v 0.00737683 0.14502624 -0.00844329
v 0.00737683 0.14511999 -0.00844329
v -0.01093082 0.15075502 -0.00249477
v -0.01009058 0.15066355 -0.00488743
v -0.00875600 0.15057582 -0.00700280
v -0.00697001 0.15048596 -0.00878212
v -0.00482069 0.15039480 -0.01012263
v -0.00246103 0.15030755 -0.01093847
v 0.00005301 0.15021685 -0.01121177
v 0.00256304 0.15012629 -0.01091501
v 0.00491543 0.15003898 -0.01007697
v 0.00705270 0.14994773 -0.00871585
v 0.00882062 0.14985807 -0.00692123
v 0.01013614 0.14977019 -0.00479221
v 0.01095387 0.14967869 -0.00239154
v 0.01121142 0.14959020 0.00010350
v 0.01090678 0.14950122 0.00259783
v 0.01004415 0.14940979 0.00498215
v 0.00869055 0.14932219 0.00708386
v 0.00688669 0.14923214 0.00884761
v 0.00472561 0.14914108 0.01016736
v 0.00235870 0.14905385 0.01096099
v -0.00015902 0.14896302 0.01121077
v -0.00266471 0.14887262 0.01089064
v -0.00500981 0.14878524 0.01003038
v -0.00713473 0.14869392 0.00864883
v -0.00888439 0.14860447 0.00683917
v -0.01018083 0.14851640 0.00469652
v -0.01097593 0.14842490 0.00228813
v -0.01120999 0.14833663 -0.00020713
v -0.01088177 0.14824741 -0.00270070
v -0.00999686 0.14815603 -0.00507636
v -0.00862426 0.14806855 -0.00716441
v -0.00680274 0.14797832 -0.00891232
v -0.00463020 0.14788736 -0.01021117
v -0.00225606 0.14780015 -0.01098257
v 0.00026501 0.14770920 -0.01120877
v 0.00276604 0.14761896 -0.01086534
v 0.00510382 0.14753149 -0.00998287
v 0.00721610 0.14744011 -0.00858106
v 0.00894732 0.14735089 -0.00675664
v 0.01022465 0.14726261 -0.00460035
v 0.01099701 0.14717111 -0.00218458
v 0.01120759 0.14708304 0.00031089
v 0.01085577 0.14699360 0.00280336
v 0.00994873 0.14690228 0.00517006
v 0.00855715 0.14681490 0.00724443
v 0.00671817 0.14672449 0.00897624
v 0.00453448 0.14663366 0.01025403
v 0.00215313 0.14654644 0.01100321
v -0.00037096 0.14645537 0.01120576
v -0.00286701 0.14636532 0.01083914
v -0.00519745 0.14627773 0.00993444
v -0.00729680 0.14618630 0.00851254
v -0.00900940 0.14609731 0.00667364
v -0.01026758 0.14600882 0.00450373
v -0.01101710 0.14591733 0.00208089
v -0.01120422 0.14582944 -0.00041476
v -0.01082880 0.14573978 -0.00290580
v -0.00989976 0.14564853 -0.00526322
v -0.00848922 0.14556123 -0.00732392
v -0.00663300 0.14547067 -0.00903936
v -0.00443846 0.14537997 -0.01029596
v -0.00204991 0.14529272 -0.01102291
v 0.00047686 0.14520155 -0.01120175
v 0.00296761 0.14511169 -0.01081203
v 0.00529069 0.14502396 -0.00988510
v 0.00737683 0.14493249 -0.00844329
v -0.01053505 0.15117690 -0.00240445
v 0.00976914 0.15019206 -0.00461870
v 0.00455451 0.14956295 0.00979923
v -0.00981222 0.14893828 0.00452647
v -0.00446256 0.14830924 -0.00984145
v 0.00266589 0.14804084 -0.01047194
v 0.00025541 0.14813107 -0.01080293
v 0.01046272 0.14741547 0.00270186
v 0.01080179 0.14750492 0.00029963
v -0.00276321 0.14678719 0.01044669
v -0.00035753 0.14687725 0.01080003
v -0.00197569 0.14571459 -0.01062380
v 0.00710973 0.14535437 -0.00813758
v 0.00509913 0.14544583 -0.00952719
v 0.00286016 0.14553357 -0.01042056
v 0.00045960 0.14562343 -0.01079617
v -0.00427775 0.14580184 -0.00992317
v -0.00639284 0.14589255 -0.00871207
v -0.00818185 0.14598310 -0.00705874
v -0.00954132 0.14607041 -0.00507266
v -0.01043672 0.14616165 -0.00280059
v -0.01079855 0.14625132 -0.00039974
v -0.01061821 0.14633921 0.00200555
v -0.00989582 0.14643070 0.00434066
v -0.00703261 0.14660817 0.00820433
v -0.00868319 0.14651919 0.00643201
v -0.00500927 0.14669960 0.00957475
v 0.00207517 0.14696831 0.01060482
v 0.00437030 0.14705553 0.00988276
v 0.00824732 0.14723677 0.00698213
v 0.00647493 0.14714637 0.00865123
v 0.00958851 0.14732415 0.00498286
v 0.01059884 0.14759299 -0.00210548
v 0.00985444 0.14768449 -0.00443379
v 0.00695483 0.14786198 -0.00827036
v 0.00862336 0.14777276 -0.00651200
v 0.00491903 0.14795336 -0.00962142
v -0.00217438 0.14822203 -0.01058492
v -0.00655644 0.14840019 -0.00858963
v -0.00831200 0.14849043 -0.00690501
v -0.00963491 0.14857790 -0.00489256
v -0.01048777 0.14866928 -0.00260292
v -0.01080411 0.14875850 -0.00019963
v -0.01057853 0.14884678 0.00220529
v -0.00856271 0.14902635 0.00659154
v -0.00687640 0.14911579 0.00833568
v -0.00482842 0.14920711 0.00966721
v -0.00256823 0.14929449 0.01049632
v -0.00015326 0.14938490 0.01080486
v 0.00227330 0.14947573 0.01056412
v 0.00663735 0.14965402 0.00852726
v 0.00837589 0.14974407 0.00682737
v 0.00968048 0.14983166 0.00480176
v 0.01051188 0.14992309 0.00250377
v 0.01080549 0.15001208 0.00009975
v 0.01055726 0.15010057 -0.00230495
v 0.00850125 0.15027995 -0.00667063
v 0.00679734 0.15036961 -0.00840028
v 0.00473745 0.15046086 -0.00971211
v 0.00247024 0.15054816 -0.01051981
v 0.00005109 0.15063872 -0.01080583
v -0.00237192 0.15072942 -0.01054242
v -0.00464615 0.15081668 -0.00975612
v -0.00843897 0.15099770 -0.00674924
v -0.00671765 0.15090784 -0.00846414
v -0.00972523 0.15108543 -0.00471047
v -0.01053505 0.15052065 -0.00240445
v -0.00464615 0.15016042 -0.00975612
v -0.00671765 0.15025159 -0.00846414
v 0.00005109 0.14998247 -0.01080583
v -0.00237192 0.15007317 -0.01054242
v 0.00473745 0.14980461 -0.00971211
v 0.00247024 0.14989191 -0.01051981
v 0.00976914 0.14953581 -0.00461870
v 0.00850125 0.14962370 -0.00667063
v 0.01080549 0.14935583 0.00009975
v 0.01055726 0.14944432 -0.00230495
v 0.00968048 0.14917541 0.00480176
v 0.01051188 0.14926684 0.00250377
v 0.00455451 0.14890670 0.00979923
v 0.00663735 0.14899777 0.00852726
v -0.00015326 0.14872864 0.01080486
v 0.00227330 0.14881948 0.01056412
v -0.00482842 0.14855086 0.00966721
v -0.00256823 0.14863824 0.01049632
v -0.00981222 0.14828203 0.00452647
v -0.00856271 0.14837010 0.00659154
v -0.00446256 0.14765299 -0.00984145
v -0.00655644 0.14774394 -0.00858963
v 0.00985444 0.14702824 -0.00443379
v 0.00862336 0.14711651 -0.00651200
v 0.00437030 0.14639928 0.00988276
v 0.00647493 0.14649012 0.00865123
v -0.00989582 0.14577445 0.00434066
v -0.00868319 0.14586294 0.00643201
v -0.01079855 0.14559506 -0.00039974
v -0.01061821 0.14568296 0.00200555
v -0.00954132 0.14541416 -0.00507266
v -0.01043672 0.14550541 -0.00280059
v -0.00197569 0.14505834 -0.01062380
v -0.00427775 0.14514559 -0.00992317
v 0.00286016 0.14487731 -0.01042056
v 0.00045960 0.14496718 -0.01079617
v 0.00710973 0.14469812 -0.00813758
v 0.00509913 0.14478958 -0.00952719
v -0.00639284 0.14523629 -0.00871207
v -0.00818185 0.14532685 -0.00705874
v -0.00703261 0.14595192 0.00820433
v -0.00500927 0.14604335 0.00957475
v -0.00276321 0.14613095 0.01044669
v -0.00035753 0.14622100 0.01080003
v 0.00207517 0.14631206 0.01060482
v 0.00824732 0.14658052 0.00698213
v 0.00958851 0.14666790 0.00498286
v 0.01046272 0.14675922 0.00270186
v 0.01080179 0.14684867 0.00029963
v 0.01059884 0.14693674 -0.00210548
v 0.00695483 0.14720573 -0.00827036
v 0.00491903 0.14729711 -0.00962142
v 0.00266589 0.14738459 -0.01047194
v 0.00025541 0.14747482 -0.01080293
v -0.00217438 0.14756578 -0.01058492
v -0.00831200 0.14783418 -0.00690501
v -0.00963491 0.14792165 -0.00489256
v -0.01048777 0.14801303 -0.00260292
v -0.01080411 0.14810225 -0.00019963
v -0.01057853 0.14819052 0.00220529
v -0.00687640 0.14845954 0.00833568
v 0.00837589 0.14908782 0.00682737
v 0.00679734 0.14971336 -0.00840028
v -0.00843897 0.15034145 -0.00674924
v -0.00972523 0.15042918 -0.00471047
v -0.02137685 0.12770001 -0.00683198
v -0.02002951 0.12770001 -0.00765741
v -0.01998355 0.12770001 -0.00972113
v 0.01941103 0.12770001 0.01005062
v 0.02121146 0.12770001 0.00893883
v 0.02004659 0.12770001 0.00764936
v -0.01807963 0.12770001 -0.01074451
v -0.02170191 0.12770001 -0.00859273
v -0.02301118 0.12770001 -0.00754836
v -0.02250940 0.12770001 -0.00573017
v -0.02417542 0.12770001 -0.00641792
v -0.02326633 0.12770001 -0.00470133
v 0.01853349 0.12770001 -0.00816595
v 0.01846894 0.12770001 -0.01055129
v 0.01706684 0.12770001 -0.00833244
v 0.01654860 0.12770001 -0.01143622
v 0.02653879 0.12770001 0.00262360
v 0.02461212 0.12770001 0.00145397
v 0.02431847 0.12770001 0.00256423
v 0.02668964 0.12770001 0.00214326
v 0.02692102 0.12770001 0.00102904
v 0.02474298 0.12770001 0.00032850
v 0.02699000 0.12770001 0.00000000
v 0.02474979 0.12770001 -0.00005680
v 0.02698936 0.12770001 -0.00009891
v 0.02465606 0.12770001 -0.00120070
v -0.02376932 0.12770001 0.00384296
v -0.02483645 0.12770001 0.00564762
v -0.02308272 0.12770001 0.00497387
v -0.02451524 0.12770001 0.00603669
v -0.02250940 0.12770001 0.00573017
v -0.02347499 0.12770001 0.00712584
v -0.02137685 0.12770001 0.00683198
v -0.02229970 0.12770001 0.00813982
v -0.02002951 0.12770001 0.00765741
v 0.02692033 0.12770001 -0.00103417
v 0.02669229 0.12770001 -0.00213382
v 0.02439472 0.12770001 -0.00232856
v 0.02630947 0.12770001 -0.00321582
v 0.02428039 0.12770001 -0.00267388
v 0.02606047 0.12770001 -0.00375041
v 0.02376932 0.12770001 -0.00384296
v 0.02541927 0.12770001 -0.00484824
v 0.02308272 0.12770001 -0.00497387
v 0.02463310 0.12770001 -0.00589746
v 0.02250940 0.12770001 -0.00573017
v 0.02379873 0.12770001 -0.00681025
v 0.02137685 0.12770001 -0.00683198
v 0.02264853 0.12770001 -0.00785764
v 0.02002951 0.12770001 -0.00765741
v 0.02137021 0.12770001 -0.00882913
v 0.01997168 0.12770001 -0.00972817
v 0.02138430 0.12770001 0.00682618
v 0.02265794 0.12770001 0.00784983
v 0.02250940 0.12770001 0.00573017
v 0.02388499 0.12770001 0.00672295
v 0.02326633 0.12770001 0.00470133
v 0.02492369 0.12770001 0.00553637
v 0.02387995 0.12770001 0.00362400
v 0.02537647 0.12770001 0.00491200
v 0.02604417 0.12770001 0.00378261
v -0.02461212 0.12770001 -0.00145397
v -0.02690686 0.12770001 -0.00112967
v -0.02474298 0.12770001 -0.00032850
v -0.02699000 0.12770001 -0.00000000
v -0.02474979 0.12770001 0.00005680
v -0.02694981 0.12770001 0.00078566
v -0.02465606 0.12770001 0.00120070
v -0.02675696 0.12770001 0.00188891
v -0.02439472 0.12770001 0.00232856
v -0.02640802 0.12770001 0.00297633
v -0.02428039 0.12770001 0.00267388
v -0.02618377 0.12770001 0.00349651
v -0.02558279 0.12770001 0.00459550
v -0.02099874 0.12770001 0.00908254
v -0.02008739 0.12770001 0.00965913
v -0.01853349 0.12770001 0.00816595
v -0.01833673 0.12770001 0.01061776
v -0.01706684 0.12770001 0.00833244
v -0.01646931 0.12770001 0.01146932
v -0.01556493 0.12770001 0.00911164
v -0.01599760 0.12770001 0.01166106
v -0.01374196 0.12770001 0.00989069
v -0.01375889 0.12770001 0.01246136
v -0.01142489 0.12770001 0.01067565
v -0.01143304 0.12770001 0.01312564
v -0.00897537 0.12770001 0.01130459
v -0.00902780 0.12770001 0.01365904
v -0.00641409 0.12770001 0.01177677
v -0.00654984 0.12770001 0.01406350
v -0.00376222 0.12770001 0.01208930
v -0.00400505 0.12770001 0.01433832
v -0.00241254 0.12770001 0.01218418
v -0.00139874 0.12770001 0.01448037
v -0.00000000 0.12770001 0.01225000
v -0.00074931 0.12770001 0.01449437
v 0.00248383 0.12770001 0.01218022
v 0.00215549 0.12770001 0.01445335
v 0.00490944 0.12770001 0.01197505
v 0.00502814 0.12770001 0.01424435
v 0.00727080 0.12770001 0.01163835
v 0.00784853 0.12770001 0.01386902
v 0.00956131 0.12770001 0.01117093
v 0.01059646 0.12770001 0.01332785
v 0.01177352 0.12770001 0.01057030
v 0.01325182 0.12770001 0.01261972
v 0.01382687 0.12770001 0.00985785
v 0.01527148 0.12770001 0.01193975
v 0.01564291 0.12770001 0.00907455
v 0.01742793 0.12770001 0.01105166
v 0.01706684 0.12770001 0.00833244
v 0.01856115 0.12770001 0.00815981
v -0.02515298 0.12770001 -0.00523082
v -0.02529117 0.12770001 -0.00503638
v -0.02387995 0.12770001 -0.00362400
v -0.02597479 0.12770001 -0.00391657
v -0.02431847 0.12770001 -0.00256423
v -0.02648668 0.12770001 -0.00276974
v -0.02666038 0.12770001 -0.00224468
v -0.01853349 0.12770001 -0.00816595
v -0.01706684 0.12770001 -0.00833244
v -0.01599828 0.12770001 -0.01166079
v -0.01564291 0.12770001 -0.00907455
v -0.01427787 0.12770001 -0.01229093
v -0.01382687 0.12770001 -0.00985785
v -0.01169113 0.12770001 -0.01305950
v -0.01177352 0.12770001 -0.01057030
v -0.00899809 0.12770001 -0.01366474
v -0.00956131 0.12770001 -0.01117093
v -0.00727080 0.12770001 -0.01163835
v -0.00621806 0.12770001 -0.01410720
v -0.00490944 0.12770001 -0.01197505
v -0.00337069 0.12770001 -0.01438567
v -0.00248383 0.12770001 -0.01218022
v -0.00023262 0.12770001 -0.01449946
v 0.00000000 0.12770001 -0.01225000
v 0.00246690 0.12770001 -0.01443887
v 0.00241254 0.12770001 -0.01218418
v 0.00511433 0.12770001 -0.01423543
v 0.00376222 0.12770001 -0.01208930
v 0.00770368 0.12770001 -0.01389259
v 0.00641409 0.12770001 -0.01177677
v 0.01022845 0.12770001 -0.01341105
v 0.00897537 0.12770001 -0.01130459
v 0.01268147 0.12770001 -0.01278857
v 0.01142489 0.12770001 -0.01067565
v 0.01451916 0.12770001 -0.01220872
v 0.01374196 0.12770001 -0.00989069
v 0.01556493 0.12770001 -0.00911164
v -0.00078785 0.00311602 0.00045486
v -0.00087873 0.00311602 0.00023545
v -0.00000000 0.00300001 0.00000000
v -0.00064327 0.00311602 0.00064327
v -0.00045486 0.00311602 0.00078785
v -0.00023545 0.00311602 0.00087873
v -0.00000000 0.00311602 0.00090973
v 0.00023545 0.00311602 0.00087873
v 0.00045486 0.00311602 0.00078785
v 0.00064327 0.00311602 0.00064327
v 0.00078785 0.00311602 0.00045486
v 0.00087873 0.00311602 0.00023545
v 0.00090973 0.00311602 0.00000000
v 0.00087873 0.00311602 -0.00023545
v 0.00078785 0.00311602 -0.00045486
v 0.00064327 0.00311602 -0.00064327
v 0.00045486 0.00311602 -0.00078785
v 0.00023545 0.00311602 -0.00087873
v 0.00000000 0.00311602 -0.00090973
v -0.00023545 0.00311602 -0.00087873
v -0.00045486 0.00311602 -0.00078785
v -0.00064327 0.00311602 -0.00064327
v -0.00078785 0.00311602 -0.00045486
v -0.00087873 0.00311602 -0.00023545
v -0.00090973 0.00311602 0.00000000
v 0.00087242 0.00400001 0.00234331
v 0.00064306 0.00400001 0.00239812
v 0.00045584 0.00345661 0.00170121
v 0.00222462 0.00400001 0.00114105
v 0.00215483 0.00400001 0.00124300
v 0.00152527 0.00345661 0.00088061
v -0.00088608 0.00400001 -0.00233818
v -0.00064287 0.00400001 -0.00239779
v -0.00045584 0.00345661 -0.00170121
v -0.00223135 0.00400001 -0.00112788
v -0.00215390 0.00400001 -0.00124245
v -0.00152527 0.00345661 -0.00088061
v -0.00244302 0.00400001 -0.00053273
v -0.00240376 0.00400001 -0.00064311
v -0.00170121 0.00345661 -0.00045584
v -0.00228842 0.00400001 -0.00096739
v -0.00205658 0.00400001 -0.00138641
v -0.00188115 0.00400001 -0.00164592
v -0.00124538 0.00345661 -0.00124538
v -0.00175744 0.00400001 -0.00175618
v -0.00088061 0.00345661 -0.00152527
v -0.00175742 0.00400001 -0.00175620
v -0.00141827 0.00400001 -0.00205851
v -0.00124254 0.00400001 -0.00215086
v -0.00096829 0.00400001 -0.00229497
v -0.00049959 0.00400001 -0.00243291
v -0.00029749 0.00400001 -0.00248245
v 0.00000000 0.00345661 -0.00176123
v 0.00000000 0.00400001 -0.00248245
v 0.00029749 0.00400001 -0.00248245
v 0.00045584 0.00345661 -0.00170121
v 0.00049921 0.00400001 -0.00243181
v 0.00064230 0.00400001 -0.00239590
v 0.00124092 0.00400001 -0.00214844
v 0.00088061 0.00345661 -0.00152527
v 0.00096917 0.00400001 -0.00229691
v 0.00091181 0.00400001 -0.00232825
v 0.00176028 0.00400001 -0.00175948
v 0.00124538 0.00345661 -0.00124538
v 0.00146176 0.00400001 -0.00202779
v 0.00139323 0.00400001 -0.00206523
v 0.00176030 0.00400001 -0.00175946
v 0.00185953 0.00400001 -0.00167027
v 0.00152527 0.00345661 -0.00088061
v 0.00205804 0.00400001 -0.00138703
v 0.00215769 0.00400001 -0.00124483
v 0.00241158 0.00400001 -0.00064580
v 0.00170121 0.00345661 -0.00045584
v 0.00228756 0.00400001 -0.00096660
v 0.00220743 0.00400001 -0.00117386
v 0.00242398 0.00400001 -0.00061373
v 0.00243780 0.00400001 -0.00050216
v 0.00176123 0.00345661 0.00000000
v 0.00250000 0.00400001 0.00000000
v 0.00170121 0.00345661 0.00045584
v 0.00244467 0.00400001 0.00050308
v 0.00243981 0.00400001 0.00054727
v 0.00240495 0.00400001 0.00064347
v 0.00228769 0.00400001 0.00096703
v 0.00205670 0.00400001 0.00138635
v 0.00187152 0.00400001 0.00165684
v 0.00124538 0.00345661 0.00124538
v 0.00175809 0.00400001 0.00175678
v 0.00088061 0.00345661 0.00152527
v 0.00175806 0.00400001 0.00175680
v 0.00140612 0.00400001 0.00206685
v 0.00124292 0.00400001 0.00215139
v 0.00096780 0.00400001 0.00229391
v 0.00049957 0.00400001 0.00243240
v 0.00028314 0.00400001 0.00248411
v -0.00000000 0.00345661 0.00176123
v -0.00000000 0.00400001 0.00248411
v -0.00028314 0.00400001 0.00248411
v -0.00045584 0.00345661 0.00170121
v -0.00049917 0.00400001 0.00243121
v -0.00064247 0.00400001 0.00239612
v -0.00124118 0.00400001 0.00214870
v -0.00088061 0.00345661 0.00152527
v -0.00096855 0.00400001 0.00229566
v -0.00089848 0.00400001 0.00233343
v -0.00175980 0.00400001 0.00175891
v -0.00124538 0.00345661 0.00124538
v -0.00145053 0.00400001 0.00203586
v -0.00139391 0.00400001 0.00206638
v -0.00175982 0.00400001 0.00175889
v -0.00186260 0.00400001 0.00166685
v -0.00152527 0.00345661 0.00088061
v -0.00205797 0.00400001 0.00138701
v -0.00215737 0.00400001 0.00124463
v -0.00241114 0.00400001 0.00064563
v -0.00170121 0.00345661 0.00045584
v -0.00228769 0.00400001 0.00096668
v -0.00220955 0.00400001 0.00116988
v -0.00242507 0.00400001 0.00060940
v -0.00243825 0.00400001 0.00050223
v -0.00176123 0.00345661 0.00000000
v -0.00250000 0.00400001 -0.00000000
v -0.00244617 0.00400001 -0.00050325
v -0.00875428 0.00344519 0.00057606
v -0.00668152 0.00375257 0.00046919
v -0.00658203 0.00375257 0.00092489
v -0.00147654 0.00375257 0.00449832
v -0.01282454 0.00246948 0.00078979
v -0.01080371 0.00301706 0.00068293
v -0.01064265 0.00301706 0.00134622
v -0.01510245 0.00031944 0.00606398
v -0.01523513 0.00031573 0.00594833
v -0.01237864 0.00180371 0.00490477
v -0.01675929 0.00102104 0.00100353
v -0.01481149 0.00180371 0.00089666
v -0.01458886 0.00180371 0.00176754
v -0.01858438 0.00021039 0.00009139
v -0.01858508 0.00021036 -0.00000000
v -0.01684563 0.00102104 -0.00000000
v -0.01853598 0.00021210 0.00076026
v -0.01422685 0.00180371 0.00260822
v -0.01767636 0.00024191 0.00318285
v -0.01788910 0.00023478 0.00282401
v -0.01804937 0.00022925 0.00248436
v -0.01816573 0.00022517 0.00216145
v -0.01835700 0.00021847 0.00163065
v -0.01846670 0.00021456 0.00109716
v -0.01669450 0.00027367 0.00457114
v -0.01701570 0.00026347 0.00415808
v -0.01373288 0.00180371 0.00341426
v -0.01736295 0.00025241 0.00371151
v -0.01611831 0.00029102 0.00517842
v -0.01238288 0.00038335 0.00777033
v -0.01259827 0.00037889 0.00765976
v -0.01058537 0.00180371 0.00620366
v -0.01291690 0.00037175 0.00747602
v -0.01392948 0.00034907 0.00689208
v -0.01073634 0.00041431 0.00851332
v -0.00841228 0.00180371 0.00727553
v -0.01016669 0.00042309 0.00871603
v -0.00896583 0.00044161 0.00914337
v -0.00591861 0.00180371 0.00808498
v -0.00707949 0.00046417 0.00965782
v -0.00530756 0.00047937 0.01001446
v -0.00316358 0.00180371 0.00859661
v -0.00368260 0.00048755 0.01023073
v -0.00316488 0.00049016 0.01029963
v -0.00020643 0.00180371 0.00877502
v -0.00101153 0.00049283 0.01043767
v 0.00355403 0.00047204 0.01025629
v 0.00326436 0.00047469 0.01029276
v 0.00275073 0.00180371 0.00859661
v 0.00113568 0.00048760 0.01043461
v -0.00006978 0.00049053 0.01043633
v 0.00484866 0.00046018 0.01009328
v 0.00550576 0.00180371 0.00808498
v 0.00670988 0.00043790 0.00974904
v 0.00799943 0.00180371 0.00727553
v 0.00849864 0.00041136 0.00929494
v 0.00696525 0.00043412 0.00968421
v 0.01288854 0.00032532 0.00751341
v 0.01191992 0.00034700 0.00801490
v 0.01017251 0.00180371 0.00620366
v 0.01020819 0.00038141 0.00873150
v 0.01010432 0.00038323 0.00876573
v 0.01323891 0.00031747 0.00733202
v 0.01196579 0.00180371 0.00490477
v 0.01444741 0.00028804 0.00657462
v 0.01704509 0.00021671 0.00418326
v 0.01642665 0.00023475 0.00490622
v 0.01332003 0.00180371 0.00341426
v 0.01558790 0.00025813 0.00569881
v 0.01523232 0.00026746 0.00597187
v 0.01714159 0.00021389 0.00407046
v 0.01381400 0.00180371 0.00260822
v 0.01763006 0.00019915 0.00335554
v 0.01838401 0.00017565 0.00165888
v 0.01819712 0.00018154 0.00217097
v 0.01417600 0.00180371 0.00176754
v 0.01807084 0.00018550 0.00251697
v 0.01771086 0.00019665 0.00320183
v 0.01855347 0.00017031 -0.00088203
v 0.01861944 0.00016822 0.00000001
v 0.01447449 0.00180371 0.00000000
v 0.01861144 0.00016847 0.00030791
v 0.01439864 0.00180371 0.00089666
v 0.01851076 0.00017165 0.00110433
v 0.01850152 0.00017194 0.00117736
v 0.01850369 0.00017187 -0.00110237
v 0.01439864 0.00180371 -0.00089666
v 0.01835813 0.00017647 -0.00174672
v 0.01417600 0.00180371 -0.00176754
v 0.01820477 0.00018130 -0.00217365
v 0.01813480 0.00018351 -0.00236842
v 0.01332003 0.00180371 -0.00341426
v 0.01704942 0.00021662 -0.00418685
v 0.01711155 0.00021479 -0.00410976
v 0.01497067 0.00027458 -0.00619606
v 0.01523388 0.00026748 -0.00597478
v 0.01196579 0.00180371 -0.00490477
v 0.01598376 0.00024725 -0.00534438
v 0.01684182 0.00022276 -0.00444438
v 0.01074880 0.00037102 -0.00852325
v 0.01017251 0.00180371 -0.00620366
v 0.01010011 0.00038290 -0.00875355
v 0.00799943 0.00180371 -0.00727553
v 0.00900920 0.00040288 -0.00914086
v 0.01235251 0.00033762 -0.00780506
v 0.01288510 0.00032528 -0.00750803
v 0.01381063 0.00030383 -0.00699185
v 0.00355455 0.00047228 -0.01026094
v 0.00376673 0.00047055 -0.01023843
v 0.00275073 0.00180371 -0.00859661
v 0.00583340 0.00044908 -0.00992656
v 0.00550576 0.00180371 -0.00808498
v 0.00696344 0.00043368 -0.00967388
v 0.00782191 0.00042199 -0.00948192
v -0.00122999 0.00049292 -0.01043020
v -0.00006966 0.00049047 -0.01043538
v -0.00020643 0.00180371 -0.00877502
v 0.00096275 0.00048831 -0.01043999
v 0.00313601 0.00047569 -0.01030534
v -0.00316358 0.00180371 -0.00859661
v -0.00368399 0.00048818 -0.01024211
v -0.00360681 0.00048861 -0.01025323
v -0.00162928 0.00049287 -0.01041276
v -0.00552629 0.00047781 -0.00997658
v -0.00591861 0.00180371 -0.00808498
v -0.00706801 0.00046384 -0.00965137
v -0.00841228 0.00180371 -0.00727553
v -0.00916796 0.00043879 -0.00907914
v -0.00738209 0.00046100 -0.00958511
v -0.01291582 0.00037169 -0.00747375
v -0.01242954 0.00038239 -0.00774667
v -0.01058537 0.00180371 -0.00620366
v -0.01101211 0.00040950 -0.00840043
v -0.01016514 0.00042295 -0.00871214
v -0.01373972 0.00035356 -0.00701134
v -0.01237864 0.00180371 -0.00490477
v -0.01482663 0.00032669 -0.00627447
v -0.01701565 0.00026345 -0.00415773
v -0.01658669 0.00027700 -0.00469236
v -0.01373288 0.00180371 -0.00341426
v -0.01576655 0.00030115 -0.00550754
v -0.01523180 0.00031570 -0.00594387
v -0.01729408 0.00025466 -0.00381072
v -0.01422685 0.00180371 -0.00260822
v -0.01768119 0.00024177 -0.00318535
v -0.01835603 0.00021850 -0.00163410
v -0.01819205 0.00022428 -0.00213346
v -0.01458886 0.00180371 -0.00176754
v -0.01780635 0.00023760 -0.00298316
v -0.01853427 0.00021216 -0.00077339
v -0.01846720 0.00021455 -0.00109724
v -0.01488734 0.00180371 -0.00000000
v -0.01481149 0.00180371 -0.00089666
v -0.01288990 0.00246948 -0.00000000
v 0.01381400 0.00180371 -0.00260822
v 0.01016670 0.00301706 -0.00134622
v 0.00954746 0.00301706 -0.00260042
v -0.01064265 0.00301706 -0.00134622
v -0.01002341 0.00301706 -0.00260042
v -0.00904372 0.00301706 -0.00373564
v -0.00774641 0.00301706 -0.00472491
v -0.00617433 0.00301706 -0.00554128
v -0.00437034 0.00301706 -0.00615779
v -0.00237727 0.00301706 -0.00654746
v -0.00023798 0.00301706 -0.00668334
v 0.00190132 0.00301706 -0.00654746
v 0.00389439 0.00301706 -0.00615779
v 0.00569838 0.00301706 -0.00554128
v 0.00727046 0.00301706 -0.00472491
v 0.00856777 0.00301706 -0.00373564
v 0.01769301 0.00019722 -0.00325029
v 0.01038264 0.00301706 0.00000000
v 0.01016670 0.00301706 0.00134622
v -0.01002341 0.00301706 0.00260042
v 0.00954746 0.00301706 0.00260042
v 0.00856777 0.00301706 0.00373564
v 0.00727046 0.00301706 0.00472491
v 0.00569838 0.00301706 0.00554128
v 0.00389439 0.00301706 0.00615779
v 0.00190132 0.00301706 0.00654746
v -0.00023798 0.00301706 0.00668334
v -0.00237727 0.00301706 0.00654746
v -0.00437034 0.00301706 0.00615779
v -0.00617433 0.00301706 0.00554128
v -0.00774641 0.00301706 0.00472491
v -0.00904372 0.00301706 0.00373564
v 0.00588931 0.00375257 0.00178657
v 0.00528416 0.00375257 0.00256650
v 0.00116633 0.00375257 0.00449832
v 0.00239744 0.00375257 0.00423060
v 0.00448282 0.00375257 0.00324617
v 0.00351176 0.00375257 0.00380704
v -0.00015511 0.00375257 0.00459167
v -0.00382197 0.00375257 0.00380704
v -0.00270765 0.00375257 0.00423060
v -0.00619953 0.00375257 0.00178657
v -0.00559438 0.00375257 0.00256650
v -0.00479304 0.00375257 0.00324617
v -0.00658203 0.00375257 -0.00092489
v -0.00461410 0.00393794 -0.00000000
v -0.00452200 0.00393794 0.00071423
v -0.00619953 0.00375257 -0.00178657
v -0.00559438 0.00375257 -0.00256650
v -0.00147654 0.00375257 -0.00449832
v -0.00270765 0.00375257 -0.00423060
v -0.00479304 0.00375257 -0.00324617
v -0.00382197 0.00375257 -0.00380704
v 0.00116633 0.00375257 -0.00449832
v -0.00015511 0.00375257 -0.00459167
v 0.00351176 0.00375257 -0.00380704
v 0.00239744 0.00375257 -0.00423060
v 0.00528416 0.00375257 -0.00256650
v 0.00588931 0.00375257 -0.00178657
v 0.00448282 0.00375257 -0.00324617
v -0.00879867 0.00344519 -0.00000000
v -0.00671541 0.00375257 -0.00000000
v 0.00627182 0.00375257 0.00092489
v 0.00640520 0.00375257 0.00000000
v 0.00627182 0.00375257 -0.00092489
v -0.01085859 0.00301706 -0.00000000
v 0.02241337 0.00194405 0.00352727
v 0.02252748 0.00194155 0.00315270
v 0.02500235 0.06418892 0.00158862
v 0.02280920 0.00193538 0.00222801
v 0.02283140 0.00193487 0.00210722
v 0.02514916 0.06418892 0.00106044
v 0.02298180 0.00193144 0.00128885
v 0.02299767 0.00193109 0.00105185
v 0.02523682 0.06418892 0.00052952
v 0.02306811 0.00192945 0.00000000
v 0.02526579 0.06418892 0.00000000
v 0.02211749 0.00195017 0.00418523
v 0.02479684 0.06418892 0.00210986
v 0.02184898 0.00195573 0.00478231
v 0.02453402 0.06418892 0.00262003
v 0.02160901 0.00196046 0.00520427
v 0.02144645 0.00196365 0.00549011
v 0.02342657 0.06415741 0.00404807
v 0.01942014 0.00199924 0.00803935
v 0.01954845 0.00199716 0.00790895
v 0.02421617 0.06418892 0.00311518
v 0.02342860 0.06418892 0.00404605
v 0.02057933 0.00197963 0.00673286
v 0.02096596 0.00197251 0.00617875
v 0.02749000 0.12720001 0.00000000
v 0.01954845 0.00199716 -0.00790895
v 0.01942014 0.00199924 -0.00803935
v 0.02342657 0.06415741 -0.00404807
v 0.02421617 0.06418892 -0.00311518
v 0.02096596 0.00197251 -0.00617875
v 0.02057933 0.00197963 -0.00673286
v 0.02211749 0.00195017 -0.00418523
v 0.02184898 0.00195573 -0.00478231
v 0.02453402 0.06418892 -0.00262003
v 0.02160901 0.00196046 -0.00520427
v 0.02144645 0.00196365 -0.00549011
v 0.02252748 0.00194155 -0.00315270
v 0.02241337 0.00194405 -0.00352727
v 0.02479684 0.06418892 -0.00210986
v 0.02283140 0.00193487 -0.00210722
v 0.02280920 0.00193538 -0.00222801
v 0.02500235 0.06418892 -0.00158862
v 0.02299767 0.00193109 -0.00105185
v 0.02298180 0.00193144 -0.00128885
v 0.02514916 0.06418892 -0.00106044
v 0.02342860 0.06418892 -0.00404605
v 0.02523682 0.06418892 -0.00052952
v -0.02241337 0.00194405 -0.00352727
v -0.02252748 0.00194155 -0.00315270
v -0.02500235 0.06418892 -0.00158862
v -0.02280920 0.00193538 -0.00222801
v -0.02283140 0.00193487 -0.00210722
v -0.02514916 0.06418892 -0.00106044
v -0.02298180 0.00193144 -0.00128885
v -0.02299767 0.00193109 -0.00105185
v -0.02523682 0.06418892 -0.00052952
v -0.02306811 0.00192945 0.00000000
v -0.02526579 0.06418892 0.00000000
v -0.02211749 0.00195017 -0.00418523
v -0.02479684 0.06418892 -0.00210986
v -0.02184898 0.00195573 -0.00478231
v -0.02453402 0.06418892 -0.00262003
v -0.02160901 0.00196046 -0.00520427
v -0.02144645 0.00196365 -0.00549011
v -0.02342657 0.06415741 -0.00404807
v -0.01942014 0.00199924 -0.00803935
v -0.01954845 0.00199716 -0.00790895
v -0.02421617 0.06418892 -0.00311518
v -0.02342860 0.06418892 -0.00404605
v -0.02057933 0.00197963 -0.00673286
v -0.02096596 0.00197251 -0.00617875
v -0.02749000 0.12720001 0.00000000
v -0.01954845 0.00199716 0.00790895
v -0.01942014 0.00199924 0.00803935
v -0.02342657 0.06415741 0.00404807
v -0.02421617 0.06418892 0.00311518
v -0.02096596 0.00197251 0.00617875
v -0.02057933 0.00197963 0.00673286
v -0.02211749 0.00195017 0.00418523
v -0.02184898 0.00195573 0.00478231
v -0.02453402 0.06418892 0.00262003
v -0.02160901 0.00196046 0.00520427
v -0.02144645 0.00196365 0.00549011
v -0.02252748 0.00194155 0.00315270
v -0.02241337 0.00194405 0.00352727
v -0.02479684 0.06418892 0.00210986
v -0.02283140 0.00193487 0.00210722
v -0.02280920 0.00193538 0.00222801
v -0.02500235 0.06418892 0.00158862
v -0.02299767 0.00193109 0.00105185
v -0.02298180 0.00193144 0.00128885
v -0.02514916 0.06418892 0.00106044
v -0.02342860 0.06418892 0.00404605
v -0.02523682 0.06418892 0.00052952
v 0.02331971 0.06415741 0.00420858
v 0.02336578 0.06415741 0.00412230
v 0.02328220 0.06415741 0.00439772
v 0.02329149 0.06415741 0.00430223
v 0.01930172 0.00196540 0.00818228
v 0.01917802 0.00191651 0.00842937
v 0.01920696 0.00192894 0.00836445
v 0.01925365 0.00194898 0.00825968
v 0.01929739 0.00196393 0.00818925
v 0.01914652 0.00189587 0.00855155
v 0.01914024 0.00189176 0.00857591
v 0.01912460 0.00186682 0.00874299
v 0.02336578 0.06415741 -0.00412230
v 0.02331971 0.06415741 -0.00420858
v 0.02329149 0.06415741 -0.00430223
v 0.02328220 0.06415741 -0.00439772
v 0.01912460 0.00186682 -0.00874299
v 0.01914024 0.00189176 -0.00857591
v 0.01914652 0.00189587 -0.00855155
v 0.01917802 0.00191651 -0.00842937
v 0.01930172 0.00196540 -0.00818228
v 0.01929739 0.00196393 -0.00818925
v 0.01925365 0.00194898 -0.00825968
v 0.01920696 0.00192894 -0.00836445
v -0.02336578 0.06415741 0.00412230
v -0.02331971 0.06415741 0.00420858
v -0.02329149 0.06415741 0.00430223
v -0.02328220 0.06415741 0.00439772
v -0.01912460 0.00186682 0.00874299
v -0.01914024 0.00189176 0.00857591
v -0.01914652 0.00189587 0.00855155
v -0.01917802 0.00191651 0.00842937
v -0.01930172 0.00196540 0.00818228
v -0.01929739 0.00196393 0.00818925
v -0.01925365 0.00194898 0.00825968
v -0.01920696 0.00192894 0.00836445
v -0.02331971 0.06415741 -0.00420858
v -0.02336578 0.06415741 -0.00412230
v -0.02328220 0.06415741 -0.00439772
v -0.02329149 0.06415741 -0.00430223
v -0.01930172 0.00196540 -0.00818228
v -0.01917802 0.00191651 -0.00842937
v -0.01920696 0.00192894 -0.00836445
v -0.01925365 0.00194898 -0.00825968
v -0.01929739 0.00196393 -0.00818925
v -0.01914652 0.00189587 -0.00855155
v -0.01914024 0.00189176 -0.00857591
v -0.01912460 0.00186682 -0.00874299
v -0.01531989 0.00014415 0.00632374
v 0.01707217 0.00010005 -0.00462483
v -0.00747911 0.00020953 -0.00995885
v -0.01755286 0.00011456 -0.00398040
v -0.01911774 0.00002396 -0.00084486
v -0.01923512 0.00000000 -0.00186520
v -0.01893218 0.00002469 -0.00178556
v -0.01906135 0.00000000 -0.00243528
v -0.01876151 0.00002535 -0.00233118
v -0.01865281 0.00000000 -0.00340438
v -0.01846928 0.00010075 -0.00222971
v -0.01807554 0.00010680 -0.00311712
v -0.01836024 0.00002688 -0.00325879
v -0.01811077 0.00000000 -0.00434624
v -0.01683159 0.00012475 -0.00489868
v -0.01599602 0.00013579 -0.00574619
v -0.01393358 0.00015983 -0.00730517
v -0.01503917 0.00014749 -0.00654200
v -0.01116230 0.00018564 -0.00873978
v -0.01260191 0.00017311 -0.00806527
v -0.00929058 0.00019921 -0.00943873
v -0.00124468 0.00022440 -0.01082428
v -0.00164909 0.00022438 -0.01080662
v -0.00365239 0.00022238 -0.01064387
v -0.00559763 0.00021735 -0.01036057
v 0.00317674 0.00021636 -0.01069323
v 0.00097576 0.00022225 -0.01083300
v 0.00590910 0.00020398 -0.01030185
v 0.00381558 0.00021397 -0.01062402
v 0.00912702 0.00018257 -0.00949055
v 0.00792385 0.00019141 -0.00984275
v 0.01251632 0.00015250 -0.00810981
v 0.01089028 0.00016786 -0.00885244
v 0.01399529 0.00013702 -0.00726802
v 0.01517240 0.00012365 -0.00644331
v 0.01620079 0.00011119 -0.00555966
v 0.01734616 0.00009644 -0.00427702
v 0.01793692 0.00008848 -0.00338314
v 0.01838588 0.00008227 -0.00246538
v 0.01887033 0.00007547 0.00032041
v 0.01887846 0.00007537 0.00000001
v 0.01881141 0.00007631 -0.00091798
v 0.01861286 0.00007910 -0.00181818
v 0.01863917 0.00007872 0.00172674
v 0.01875861 0.00007704 0.00122544
v 0.01832088 0.00008318 0.00262001
v 0.01737667 0.00009604 0.00423616
v 0.01787295 0.00008935 0.00349264
v 0.01579891 0.00011614 0.00592752
v 0.01665052 0.00010552 0.00510467
v 0.01464138 0.00012979 0.00683575
v 0.01341533 0.00014326 0.00762026
v 0.01207765 0.00015682 0.00832687
v 0.01034226 0.00017266 0.00906765
v 0.00860961 0.00018649 0.00964967
v 0.00491152 0.00020914 0.01047403
v 0.00679709 0.00019880 0.01011855
v 0.00115088 0.00022191 0.01082735
v 0.00330674 0.00021590 0.01068021
v -0.00320464 0.00022310 0.01069130
v -0.00102343 0.00022435 0.01083183
v -0.00537592 0.00021808 0.01039939
v -0.00717227 0.00021100 0.01003351
v -0.00908551 0.00020051 0.00950480
v -0.01277335 0.00017150 0.00797551
v -0.01255451 0.00017355 0.00808970
v -0.01088232 0.00018786 0.00885613
v -0.01412654 0.00015776 0.00718176
v -0.01635431 0.00013115 0.00540420
v -0.01694147 0.00012323 0.00477253
v -0.01832360 0.00010301 0.00259629
v -0.01816000 0.00010552 0.00295097
v -0.01762311 0.00011353 0.00387698
v -0.01863772 0.00009811 0.00170428
v -0.01882051 0.00009522 0.00079452
v -0.01886993 0.00009444 0.00009549
v -0.01881875 0.00009525 -0.00080824
v -0.01782773 0.00002885 -0.00416064
v -0.01736331 0.00000000 -0.00534665
v -0.01709321 0.00003144 -0.00511909
v -0.01649807 0.00000000 -0.00626833
v -0.01624267 0.00003424 -0.00600271
v -0.01550805 0.00000000 -0.00713219
v -0.01526917 0.00003722 -0.00683150
v -0.01436500 0.00000000 -0.00795909
v -0.01414485 0.00004037 -0.00762539
v -0.01298922 0.00000000 -0.00878111
v -0.01279123 0.00004376 -0.00841518
v -0.01150284 0.00000000 -0.00950925
v -0.01132847 0.00004697 -0.00911526
v -0.00957141 0.00000000 -0.01026230
v -0.00942736 0.00005044 -0.00983986
v -0.00770304 0.00000000 -0.01082141
v -0.00758803 0.00005309 -0.01037837
v -0.00576325 0.00000000 -0.01125202
v -0.00567810 0.00005510 -0.01079367
v -0.00375861 0.00000000 -0.01155424
v -0.00370396 0.00005640 -0.01108585
v -0.00169530 0.00000000 -0.01172585
v -0.00167152 0.00005691 -0.01125277
v -0.00127896 0.00000000 -0.01174407
v -0.00126132 0.00005691 -0.01127071
v 0.00100608 0.00000000 -0.01174877
v 0.00099048 0.00005636 -0.01127761
v 0.00327122 0.00000000 -0.01159305
v 0.00322265 0.00005485 -0.01113045
v 0.00392870 0.00000000 -0.01151691
v 0.00387056 0.00005423 -0.01105803
v 0.00608309 0.00000000 -0.01116441
v 0.00599379 0.00005166 -0.01072169
v 0.00815597 0.00000000 -0.01066440
v 0.00803703 0.00004844 -0.01024338
v 0.00939359 0.00000000 -0.01028166
v 0.00925715 0.00004618 -0.00987676
v 0.01120698 0.00000000 -0.00958930
v 0.01104520 0.00004242 -0.00921289
v 0.01287898 0.00000000 -0.00878448
v 0.01269409 0.00003850 -0.00844053
v 0.01439967 0.00000000 -0.00787277
v 0.01419393 0.00003456 -0.00756508
v 0.01561003 0.00000000 -0.00697972
v 0.01538775 0.00003116 -0.00670727
v 0.01666762 0.00000000 -0.00602273
v 0.01643089 0.00002800 -0.00578791
v 0.01756389 0.00000000 -0.00501004
v 0.01731490 0.00002518 -0.00481498
v 0.01784574 0.00000000 -0.00463319
v 0.01759288 0.00002426 -0.00445292
v 0.01845351 0.00000000 -0.00366452
v 0.01819231 0.00002225 -0.00352225
v 0.01891547 0.00000000 -0.00266991
v 0.01864791 0.00002068 -0.00256658
v 0.01914902 0.00000000 -0.00196860
v 0.01887825 0.00001988 -0.00189263
v 0.01935331 0.00000000 -0.00099352
v 0.01907974 0.00001918 -0.00095539
v 0.01942229 0.00000000 0.00000002
v 0.01914777 0.00001894 0.00000001
v 0.01941393 0.00000000 0.00034665
v 0.01913953 0.00001897 0.00033340
v 0.01929899 0.00000000 0.00132648
v 0.01902616 0.00001936 0.00127546
v 0.01917609 0.00000000 0.00186952
v 0.01890495 0.00001979 0.00179742
v 0.01884858 0.00000000 0.00283748
v 0.01858194 0.00002091 0.00272760
v 0.01838771 0.00000000 0.00378319
v 0.01812741 0.00002247 0.00363627
v 0.01787713 0.00000000 0.00458891
v 0.01762384 0.00002415 0.00441038
v 0.01713017 0.00000000 0.00552989
v 0.01688712 0.00002655 0.00531442
v 0.01625431 0.00000000 0.00642115
v 0.01602323 0.00002925 0.00617068
v 0.01506400 0.00000000 0.00740468
v 0.01484918 0.00003272 0.00711548
v 0.01380334 0.00000000 0.00825423
v 0.01360577 0.00003615 0.00793141
v 0.01242793 0.00000000 0.00901965
v 0.01224925 0.00003961 0.00866626
v 0.01064342 0.00000000 0.00982270
v 0.01048948 0.00004365 0.00943676
v 0.00886139 0.00000000 0.01045452
v 0.00873246 0.00004719 0.01004237
v 0.00699677 0.00000000 0.01096457
v 0.00689435 0.00005034 0.01053064
v 0.00505655 0.00000000 0.01135253
v 0.00498206 0.00005299 0.01090133
v 0.00340501 0.00000000 0.01157871
v 0.00335449 0.00005473 0.01111682
v 0.00118629 0.00000000 0.01174230
v 0.00116807 0.00005628 0.01127158
v -0.00105121 0.00000000 0.01175176
v -0.00103691 0.00005691 0.01127833
v -0.00329733 0.00000000 0.01160455
v -0.00324963 0.00005658 0.01113463
v -0.00553472 0.00000000 0.01129354
v -0.00545307 0.00005528 0.01083376
v -0.00738663 0.00000000 0.01090155
v -0.00727651 0.00005347 0.01045561
v -0.00935986 0.00000000 0.01033339
v -0.00921911 0.00005078 0.00990830
v -0.01121386 0.00000000 0.00963471
v -0.01104405 0.00004753 0.00923594
v -0.01294026 0.00000000 0.00880751
v -0.01274306 0.00004387 0.00844056
v -0.01316628 0.00000000 0.00868413
v -0.01296546 0.00004335 0.00832197
v -0.01456444 0.00000000 0.00782548
v -0.01434104 0.00003985 0.00749708
v -0.01579842 0.00000000 0.00689543
v -0.01555472 0.00003637 0.00660429
v -0.01686900 0.00000000 0.00589661
v -0.01660733 0.00003307 0.00564627
v -0.01747715 0.00000000 0.00520931
v -0.01720509 0.00003105 0.00498748
v -0.01818361 0.00000000 0.00423346
v -0.01789930 0.00002860 0.00405263
v -0.01874044 0.00000000 0.00322300
v -0.01844632 0.00002655 0.00308516
v -0.01891018 0.00000000 0.00283568
v -0.01861304 0.00002593 0.00271441
v -0.01923616 0.00000000 0.00186125
v -0.01893320 0.00002469 0.00178179
v -0.01942588 0.00000000 0.00086740
v -0.01911953 0.00002396 0.00083052
v -0.01947718 0.00000000 0.00010420
v -0.01916991 0.00002375 0.00009979
v -0.01947793 0.00000000 -0.00000000
v -0.01942406 0.00000000 -0.00088238
v -0.01863672 0.00009812 -0.00170789
v 0.01918461 0.00144140 0.00822140
v 0.01909679 0.00141548 0.00840242
v 0.01905099 0.00139575 0.00856071
v 0.01902918 0.00137593 0.00874299
v 0.01884229 0.00093815 0.00852518
v 0.01881497 0.00092407 0.00874299
v 0.01852740 0.00054803 0.00847157
v 0.01849535 0.00053947 0.00874299
v 0.01812634 0.00025019 0.00840329
v 0.01809032 0.00024617 0.00874299
v 0.01766459 0.00006357 0.00832468
v 0.01762519 0.00006253 0.00874299
v 0.01717150 0.00000000 0.00824073
v 0.01712904 0.00000000 0.00874299
v 0.01889830 0.00095218 0.00833657
v 0.01859538 0.00055657 0.00823607
v 0.01820758 0.00025420 0.00810741
v 0.01775995 0.00006460 0.00795890
v 0.01728142 0.00000000 0.00780014
v 0.01900480 0.00097069 0.00812167
v 0.01872606 0.00056787 0.00796708
v 0.01836679 0.00025952 0.00776783
v 0.01795069 0.00006597 0.00753706
v 0.01750519 0.00000000 0.00728999
v 0.01923929 0.00145456 0.00813980
v 0.01907080 0.00098009 0.00802517
v 0.01880749 0.00057361 0.00784602
v 0.01846691 0.00026222 0.00761430
v 0.01807176 0.00006667 0.00734546
v 0.01764840 0.00000000 0.00705742
v 0.01937173 0.00148176 0.00799115
v 0.01923006 0.00099957 0.00785013
v 0.01900479 0.00058553 0.00762589
v 0.01871126 0.00026783 0.00733371
v 0.01836947 0.00006813 0.00699347
v 0.01800269 0.00000000 0.00662837
v 0.02289999 0.00142740 0.00127787
v 0.01949916 0.00148007 0.00786101
v 0.01935570 0.00099836 0.00772146
v 0.01912782 0.00058478 0.00749981
v 0.01883104 0.00026748 0.00721113
v 0.01848553 0.00006804 0.00687505
v 0.01811480 0.00000000 0.00651445
v 0.02052232 0.00146599 0.00668807
v 0.02036333 0.00098827 0.00656319
v 0.02011308 0.00057861 0.00636661
v 0.01978840 0.00026457 0.00611156
v 0.01941113 0.00006728 0.00581520
v 0.01900664 0.00000000 0.00549746
v 0.01974238 0.00000000 0.00444378
v 0.02017850 0.00006659 0.00471157
v 0.02058559 0.00026193 0.00496153
v 0.02093653 0.00057299 0.00517701
v 0.02120795 0.00097908 0.00534367
v 0.02138179 0.00145316 0.00545040
v 0.02007845 0.00000000 0.00385320
v 0.02053049 0.00006627 0.00409041
v 0.02095259 0.00026062 0.00431191
v 0.02131678 0.00057022 0.00450302
v 0.02159892 0.00097455 0.00465108
v 0.02178033 0.00144683 0.00474628
v 0.02054272 0.00000000 0.00282190
v 0.02101864 0.00006576 0.00300135
v 0.02146326 0.00025870 0.00316901
v 0.02184734 0.00056615 0.00331383
v 0.02214565 0.00096788 0.00342632
v 0.02233855 0.00143747 0.00349905
v 0.02272960 0.00143053 0.00220939
v 0.02252794 0.00096291 0.00216221
v 0.02221739 0.00056313 0.00208956
v 0.02181828 0.00025728 0.00199619
v 0.02135669 0.00006540 0.00188820
v 0.02086280 0.00000000 0.00177266
v 0.02269430 0.00096068 0.00125024
v 0.02237816 0.00056176 0.00120779
v 0.02197218 0.00025664 0.00115327
v 0.02150284 0.00006522 0.00109024
v 0.02100076 0.00000000 0.00102281
v 0.02298515 0.00142580 0.00000000
v 0.02277740 0.00095955 0.00000000
v 0.02245840 0.00056106 0.00000000
v 0.02204891 0.00025631 0.00000000
v 0.02157562 0.00006515 0.00000000
v 0.02106935 0.00000000 0.00000000
v 0.01937173 0.00148176 -0.00799115
v 0.01923006 0.00099957 -0.00785013
v 0.01949916 0.00148007 -0.00786101
v 0.01900479 0.00058553 -0.00762589
v 0.01935570 0.00099836 -0.00772146
v 0.01871126 0.00026783 -0.00733371
v 0.01912782 0.00058478 -0.00749981
v 0.01836947 0.00006813 -0.00699347
v 0.01883104 0.00026748 -0.00721113
v 0.01800269 0.00000000 -0.00662837
v 0.01848553 0.00006804 -0.00687505
v 0.02052232 0.00146599 -0.00668807
v 0.02138179 0.00145316 -0.00545040
v 0.02178033 0.00144683 -0.00474628
v 0.02233855 0.00143747 -0.00349905
v 0.02272960 0.00143053 -0.00220939
v 0.02289999 0.00142740 -0.00127787
v 0.02036333 0.00098827 -0.00656319
v 0.02120795 0.00097908 -0.00534367
v 0.02159892 0.00097455 -0.00465108
v 0.02214565 0.00096788 -0.00342632
v 0.02252794 0.00096291 -0.00216221
v 0.02269430 0.00096068 -0.00125024
v 0.02011308 0.00057861 -0.00636661
v 0.02093653 0.00057299 -0.00517701
v 0.02131678 0.00057022 -0.00450302
v 0.02184734 0.00056615 -0.00331383
v 0.02221739 0.00056313 -0.00208956
v 0.02237816 0.00056176 -0.00120779
v 0.01978840 0.00026457 -0.00611156
v 0.02058559 0.00026193 -0.00496153
v 0.02095259 0.00026062 -0.00431191
v 0.02146326 0.00025870 -0.00316901
v 0.02181828 0.00025728 -0.00199619
v 0.02197218 0.00025664 -0.00115327
v 0.01941113 0.00006728 -0.00581520
v 0.02017850 0.00006659 -0.00471157
v 0.02053049 0.00006627 -0.00409041
v 0.02101864 0.00006576 -0.00300135
v 0.02135669 0.00006540 -0.00188820
v 0.02150284 0.00006522 -0.00109024
v 0.01811480 0.00000000 -0.00651445
v 0.01900664 0.00000000 -0.00549746
v 0.01974238 0.00000000 -0.00444378
v 0.02007845 0.00000000 -0.00385320
v 0.02054272 0.00000000 -0.00282190
v 0.02086280 0.00000000 -0.00177266
v 0.02100076 0.00000000 -0.00102281
v 0.01923929 0.00145456 -0.00813980
v 0.01918461 0.00144140 -0.00822140
v 0.01909679 0.00141548 -0.00840242
v 0.01717150 0.00000000 -0.00824073
v 0.01712904 0.00000000 -0.00874299
v 0.01766459 0.00006357 -0.00832468
v 0.01762519 0.00006253 -0.00874299
v 0.01812634 0.00025019 -0.00840329
v 0.01809032 0.00024617 -0.00874299
v 0.01852740 0.00054803 -0.00847157
v 0.01849535 0.00053947 -0.00874299
v 0.01884229 0.00093815 -0.00852518
v 0.01881497 0.00092407 -0.00874299
v 0.01905099 0.00139575 -0.00856071
v 0.01902918 0.00137593 -0.00874299
v 0.01728142 0.00000000 -0.00780014
v 0.01775995 0.00006460 -0.00795890
v 0.01820758 0.00025420 -0.00810741
v 0.01859538 0.00055657 -0.00823607
v 0.01889830 0.00095218 -0.00833657
v 0.01750519 0.00000000 -0.00728999
v 0.01795069 0.00006597 -0.00753706
v 0.01836679 0.00025952 -0.00776783
v 0.01872606 0.00056787 -0.00796708
v 0.01900480 0.00097069 -0.00812167
v 0.01764840 0.00000000 -0.00705742
v 0.01807176 0.00006667 -0.00734546
v 0.01846691 0.00026222 -0.00761430
v 0.01880749 0.00057361 -0.00784602
v 0.01907080 0.00098009 -0.00802517
v -0.01918461 0.00144140 -0.00822140
v -0.01909679 0.00141548 -0.00840242
v -0.01905099 0.00139575 -0.00856071
v -0.01902918 0.00137593 -0.00874299
v -0.01884229 0.00093815 -0.00852518
v -0.01881497 0.00092407 -0.00874299
v -0.01852740 0.00054803 -0.00847157
v -0.01849535 0.00053947 -0.00874299
v -0.01812634 0.00025019 -0.00840329
v -0.01809032 0.00024617 -0.00874299
v -0.01766459 0.00006357 -0.00832468
v -0.01762519 0.00006253 -0.00874299
v -0.01717150 0.00000000 -0.00824073
v -0.01712904 0.00000000 -0.00874299
v -0.01889830 0.00095218 -0.00833657
v -0.01859538 0.00055657 -0.00823607
v -0.01820758 0.00025420 -0.00810741
v -0.01775995 0.00006460 -0.00795890
v -0.01728142 0.00000000 -0.00780014
v -0.01900480 0.00097069 -0.00812167
v -0.01872606 0.00056787 -0.00796708
v -0.01836679 0.00025952 -0.00776783
v -0.01795069 0.00006597 -0.00753706
v -0.01750519 0.00000000 -0.00728999
v -0.01923929 0.00145456 -0.00813980
v -0.01907080 0.00098009 -0.00802517
v -0.01880749 0.00057361 -0.00784602
v -0.01846691 0.00026222 -0.00761430
v -0.01807176 0.00006667 -0.00734546
v -0.01764840 0.00000000 -0.00705742
v -0.01937173 0.00148176 -0.00799115
v -0.01923006 0.00099957 -0.00785013
v -0.01900479 0.00058553 -0.00762589
v -0.01871126 0.00026783 -0.00733371
v -0.01836947 0.00006813 -0.00699347
v -0.01800269 0.00000000 -0.00662837
v -0.02289999 0.00142740 -0.00127787
v -0.01949916 0.00148007 -0.00786101
v -0.01935570 0.00099836 -0.00772146
v -0.01912782 0.00058478 -0.00749981
v -0.01883104 0.00026748 -0.00721113
v -0.01848553 0.00006804 -0.00687505
v -0.01811480 0.00000000 -0.00651445
v -0.02052232 0.00146599 -0.00668807
v -0.02036333 0.00098827 -0.00656319
v -0.02011308 0.00057861 -0.00636661
v -0.01978840 0.00026457 -0.00611156
v -0.01941113 0.00006728 -0.00581520
v -0.01900664 0.00000000 -0.00549746
v -0.01974238 0.00000000 -0.00444378
v -0.02017850 0.00006659 -0.00471157
v -0.02058559 0.00026193 -0.00496153
v -0.02093653 0.00057299 -0.00517701
v -0.02120795 0.00097908 -0.00534367
v -0.02138179 0.00145316 -0.00545040
v -0.02007845 0.00000000 -0.00385320
v -0.02053049 0.00006627 -0.00409041
v -0.02095259 0.00026062 -0.00431191
v -0.02131678 0.00057022 -0.00450302
v -0.02159892 0.00097455 -0.00465108
v -0.02178033 0.00144683 -0.00474628
v -0.02054272 0.00000000 -0.00282190
v -0.02101864 0.00006576 -0.00300135
v -0.02146326 0.00025870 -0.00316901
v -0.02184734 0.00056615 -0.00331383
v -0.02214565 0.00096788 -0.00342632
v -0.02233855 0.00143747 -0.00349905
v -0.02272960 0.00143053 -0.00220939
v -0.02252794 0.00096291 -0.00216221
v -0.02221739 0.00056313 -0.00208956
v -0.02181828 0.00025728 -0.00199619
v -0.02135669 0.00006540 -0.00188820
v -0.02086280 0.00000000 -0.00177266
v -0.02269430 0.00096068 -0.00125024
v -0.02237816 0.00056176 -0.00120779
v -0.02197218 0.00025664 -0.00115327
v -0.02150284 0.00006522 -0.00109024
v -0.02100076 0.00000000 -0.00102281
v -0.02298515 0.00142580 -0.00000000
v -0.02277740 0.00095955 -0.00000000
v -0.02245840 0.00056106 -0.00000000
v -0.02204891 0.00025631 -0.00000000
v -0.02157562 0.00006515 -0.00000000
v -0.02106935 0.00000000 -0.00000000
v -0.01937173 0.00148176 0.00799115
v -0.01923006 0.00099957 0.00785013
v -0.01949916 0.00148007 0.00786101
v -0.01900479 0.00058553 0.00762589
v -0.01935570 0.00099836 0.00772146
v -0.01871126 0.00026783 0.00733371
v -0.01912782 0.00058478 0.00749981
v -0.01836947 0.00006813 0.00699347
v -0.01883104 0.00026748 0.00721113
v -0.01800269 0.00000000 0.00662837
v -0.01848553 0.00006804 0.00687505
v -0.02052232 0.00146599 0.00668807
v -0.02138179 0.00145316 0.00545040
v -0.02178033 0.00144683 0.00474628
v -0.02233855 0.00143747 0.00349905
v -0.02272960 0.00143053 0.00220939
v -0.02289999 0.00142740 0.00127787
v -0.02036333 0.00098827 0.00656319
v -0.02120795 0.00097908 0.00534367
v -0.02159892 0.00097455 0.00465108
v -0.02214565 0.00096788 0.00342632
v -0.02252794 0.00096291 0.00216221
v -0.02269430 0.00096068 0.00125024
v -0.02011308 0.00057861 0.00636661
v -0.02093653 0.00057299 0.00517701
v -0.02131678 0.00057022 0.00450302
v -0.02184734 0.00056615 0.00331383
v -0.02221739 0.00056313 0.00208956
v -0.02237816 0.00056176 0.00120779
v -0.01978840 0.00026457 0.00611156
v -0.02058559 0.00026193 0.00496153
v -0.02095259 0.00026062 0.00431191
v -0.02146326 0.00025870 0.00316901
v -0.02181828 0.00025728 0.00199619
v -0.02197218 0.00025664 0.00115327
v -0.01941113 0.00006728 0.00581520
v -0.02017850 0.00006659 0.00471157
v -0.02053049 0.00006627 0.00409041
v -0.02101864 0.00006576 0.00300135
v -0.02135669 0.00006540 0.00188820
v -0.02150284 0.00006522 0.00109024
v -0.01811480 0.00000000 0.00651445
v -0.01900664 0.00000000 0.00549746
v -0.01974238 0.00000000 0.00444378
v -0.02007845 0.00000000 0.00385320
v -0.02054272 0.00000000 0.00282190
v -0.02086280 0.00000000 0.00177266
v -0.02100076 0.00000000 0.00102281
v -0.01923929 0.00145456 0.00813980
v -0.01918461 0.00144140 0.00822140
v -0.01909679 0.00141548 0.00840242
v -0.01717150 0.00000000 0.00824073
v -0.01712904 0.00000000 0.00874299
v -0.01766459 0.00006357 0.00832468
v -0.01762519 0.00006253 0.00874299
v -0.01812634 0.00025019 0.00840329
v -0.01809032 0.00024617 0.00874299
v -0.01852740 0.00054803 0.00847157
v -0.01849535 0.00053947 0.00874299
v -0.01884229 0.00093815 0.00852518
v -0.01881497 0.00092407 0.00874299
v -0.01905099 0.00139575 0.00856071
v -0.01902918 0.00137593 0.00874299
v -0.01728142 0.00000000 0.00780014
v -0.01775995 0.00006460 0.00795890
v -0.01820758 0.00025420 0.00810741
v -0.01859538 0.00055657 0.00823607
v -0.01889830 0.00095218 0.00833657
v -0.01750519 0.00000000 0.00728999
v -0.01795069 0.00006597 0.00753706
v -0.01836679 0.00025952 0.00776783
v -0.01872606 0.00056787 0.00796708
v -0.01900480 0.00097069 0.00812167
v -0.01764840 0.00000000 0.00705742
v -0.01807176 0.00006667 0.00734546
v -0.01846691 0.00026222 0.00761430
v -0.01880749 0.00057361 0.00784602
v -0.01907080 0.00098009 0.00802517
v 0.02328220 0.06415741 0.00459902
v 0.01912460 0.00186682 0.00914317
v 0.01712904 0.00000000 0.00914317
v 0.01755550 0.00004600 0.00914317
v 0.01762316 0.00006860 0.00914317
v 0.01796234 0.00018187 0.00914317
v 0.01808507 0.00025497 0.00914317
v 0.01833086 0.00040136 0.00914317
v 0.01848747 0.00054789 0.00914317
v 0.01864409 0.00069439 0.00914317
v 0.01880653 0.00092988 0.00914317
v 0.01888764 0.00104748 0.00914317
v 0.01902325 0.00137836 0.00914317
v 0.01905031 0.00144437 0.00914317
v 0.02328220 0.06415741 -0.00459902
v 0.01912460 0.00186682 -0.00914317
v 0.01905031 0.00144437 -0.00914317
v 0.01902325 0.00137836 -0.00914317
v 0.01888764 0.00104748 -0.00914317
v 0.01880653 0.00092988 -0.00914317
v 0.01864409 0.00069439 -0.00914317
v 0.01848747 0.00054789 -0.00914317
v 0.01833086 0.00040136 -0.00914317
v 0.01808507 0.00025497 -0.00914317
v 0.01796234 0.00018187 -0.00914317
v 0.01762316 0.00006860 -0.00914317
v 0.01755550 0.00004600 -0.00914317
v 0.01712904 0.00000000 -0.00914317
v -0.02328220 0.06415741 0.00459902
v -0.01912460 0.00186682 0.00914317
v -0.01905031 0.00144437 0.00914317
v -0.01902325 0.00137836 0.00914317
v -0.01888764 0.00104748 0.00914317
v -0.01880653 0.00092988 0.00914317
v -0.01864409 0.00069439 0.00914317
v -0.01848747 0.00054789 0.00914317
v -0.01833086 0.00040136 0.00914317
v -0.01808507 0.00025497 0.00914317
v -0.01796234 0.00018187 0.00914317
v -0.01762316 0.00006860 0.00914317
v -0.01755550 0.00004600 0.00914317
v -0.01712904 0.00000000 0.00914317
v -0.02328220 0.06415741 -0.00459902
v -0.01912460 0.00186682 -0.00914317
v -0.01712904 0.00000000 -0.00914317
v -0.01755550 0.00004600 -0.00914317
v -0.01762316 0.00006860 -0.00914317
v -0.01796234 0.00018187 -0.00914317
v -0.01808507 0.00025497 -0.00914317
v -0.01833086 0.00040136 -0.00914317
v -0.01848747 0.00054789 -0.00914317
v -0.01864409 0.00069439 -0.00914317
v -0.01880653 0.00092988 -0.00914317
v -0.01888764 0.00104748 -0.00914317
v -0.01902325 0.00137836 -0.00914317
v -0.01905031 0.00144437 -0.00914317
v 0.02323370 0.06415741 0.00494229
v 0.02327039 0.06415741 0.00476969
v 0.02270346 0.06415741 0.00564746
v 0.02284569 0.06415741 0.00554303
v 0.01858691 0.00199655 0.01067979
v 0.01873999 0.00197299 0.01046759
v 0.02308398 0.06415741 0.00527126
v 0.01899131 0.00192420 0.00994920
v 0.01902848 0.00191393 0.00982110
v 0.01905886 0.00190555 0.00971642
v 0.01908610 0.00188950 0.00947887
v 0.01889469 0.00194296 0.01014850
v 0.02317131 0.06415741 0.00511138
v 0.01851521 0.00200582 0.01074956
v 0.02297416 0.06415741 0.00541662
v 0.02132499 0.04848051 0.00715292
v 0.01798873 0.00207064 0.01120820
v 0.01817388 0.00204992 0.01108170
v 0.01826138 0.00203863 0.01099656
v 0.02009198 0.03273661 0.00858350
v 0.01885898 0.01699271 0.01001408
v 0.01796504 0.00207327 0.01122438
v 0.01769273 0.00210111 0.01136722
v 0.02625700 0.11145611 0.00143058
v 0.02502399 0.09571221 0.00286117
v 0.02379099 0.07996831 0.00429175
v 0.02255799 0.06422441 0.00572233
v 0.02255274 0.06415741 0.00572842
v 0.01769260 0.00209668 0.01136752
v 0.01767909 0.00164001 0.01133838
v 0.01794633 0.00161642 0.01119388
v 0.01687883 0.00000098 0.00961186
v 0.01685247 0.00000000 0.00955500
v 0.01691997 0.00000000 0.00952072
v 0.01722568 0.00022264 0.01036018
v 0.01722523 0.00022207 0.01035921
v 0.01738355 0.00020726 0.01027645
v 0.01715658 0.00013530 0.01021110
v 0.01707660 0.00007232 0.01003855
v 0.01715801 0.00005251 0.00990877
v 0.01704507 0.00006095 0.00997053
v 0.01704483 0.00006086 0.00997000
v 0.01739901 0.00047977 0.01073413
v 0.01739074 0.00046460 0.01071629
v 0.01758476 0.00045612 0.01060445
v 0.01739013 0.00046347 0.01071497
v 0.01733231 0.00035739 0.01059022
v 0.01775106 0.00078604 0.01087556
v 0.01753392 0.00082763 0.01102517
v 0.01765870 0.00143002 0.01129439
v 0.01761756 0.00120343 0.01120563
v 0.01787373 0.00117970 0.01107553
v 0.01761704 0.00120056 0.01120450
v 0.01757982 0.00099562 0.01112422
v 0.01767898 0.00163624 0.01133814
v 0.01767864 0.00162469 0.01133740
v 0.01814927 0.00159678 0.01104961
v 0.01869354 0.00153242 0.01043769
v 0.01854739 0.00155208 0.01064787
v 0.01893069 0.00149186 0.00992808
v 0.01723227 0.00005175 0.00985379
v 0.01749309 0.00020431 0.01019390
v 0.01737682 0.00005004 0.00970252
v 0.01770537 0.00019763 0.00996786
v 0.01742949 0.00004929 0.00962402
v 0.01778225 0.00019473 0.00985109
v 0.01751433 0.00004777 0.00943452
v 0.01790501 0.00018878 0.00957066
v 0.01753641 0.00004719 0.00935010
v 0.01793648 0.00018652 0.00944637
v 0.01772617 0.00044978 0.01049786
v 0.01791947 0.00077546 0.01074994
v 0.01800018 0.00043543 0.01020594
v 0.01824650 0.00075148 0.01040487
v 0.01809934 0.00042915 0.01005520
v 0.01836512 0.00074099 0.01022628
v 0.01825744 0.00041629 0.00969347
v 0.01855477 0.00071944 0.00979708
v 0.01829787 0.00041142 0.00953332
v 0.01860351 0.00071128 0.00960686
v 0.01806297 0.00116451 0.01093708
v 0.01843200 0.00113001 0.01055467
v 0.01856650 0.00111489 0.01035591
v 0.01878282 0.00108378 0.00987655
v 0.01883900 0.00107193 0.00966352
v 0.01899320 0.00147639 0.00970062
v 0.01711652 0.00000000 0.00924908
v 0.01710405 0.00000000 0.00929155
v 0.01705844 0.00000000 0.00938517
v 0.01703096 0.00000000 0.00942320
v 0.01695723 0.00000000 0.00949511
v 0.01594547 0.00020812 0.01093351
v 0.01630793 0.00118417 0.01179832
v 0.01636126 0.00162219 0.01192555
v 0.01769238 0.00209667 0.01136763
v 0.01621739 0.00078915 0.01158230
v 0.01609441 0.00045799 0.01128887
v 0.01577843 0.00005274 0.01053496
v 0.01560209 0.00000000 0.01011422
v 0.01412273 0.00205612 0.01280722
v 0.01411018 0.00160198 0.01277006
v 0.01592122 0.00207528 0.01212839
v 0.01637455 0.00208013 0.01195728
v 0.01392095 0.00205432 0.01287119
v 0.01286737 0.00204496 0.01320523
v 0.01279523 0.00159216 0.01318455
v 0.01066623 0.00202914 0.01378460
v 0.01033186 0.00157741 0.01382563
v 0.01177676 0.00203706 0.01349398
v 0.01280703 0.00204442 0.01322436
v 0.00836862 0.00201684 0.01425729
v 0.00779683 0.00156666 0.01432131
v 0.00952698 0.00202270 0.01402964
v 0.01034187 0.00202681 0.01386949
v 0.00780460 0.00201400 0.01436814
v 0.00719344 0.00201194 0.01445448
v 0.00563408 0.00156060 0.01462545
v 0.00600442 0.00200796 0.01462246
v 0.00563976 0.00200674 0.01467397
v 0.00480515 0.00200519 0.01474674
v 0.00283314 0.00155623 0.01486864
v 0.00360144 0.00200295 0.01485168
v 0.00283602 0.00200152 0.01491841
v 0.00239766 0.00200129 0.01493102
v -0.00000000 0.00155497 0.01494986
v 0.00119517 0.00200064 0.01496562
v -0.00000000 0.00200000 0.01500000
v 0.01406506 0.00116852 0.01263644
v 0.01275471 0.00116093 0.01304793
v 0.01029968 0.00114954 0.01368458
v 0.00777290 0.00114125 0.01417705
v 0.00561696 0.00113657 0.01447934
v 0.00282462 0.00113322 0.01472115
v -0.00000000 0.00113223 0.01480194
v 0.01398970 0.00077826 0.01241331
v 0.01268757 0.00077297 0.01282156
v 0.01024696 0.00076504 0.01345352
v 0.00773401 0.00075929 0.01394263
v 0.00558928 0.00075604 0.01424299
v 0.00281089 0.00075370 0.01448334
v -0.00000000 0.00075303 0.01456366
v 0.01388803 0.00045145 0.01211226
v 0.01259728 0.00044829 0.01251711
v 0.01017640 0.00044353 0.01314425
v 0.00768213 0.00044009 0.01362994
v 0.00555242 0.00043814 0.01392832
v 0.00279262 0.00043675 0.01416715
v -0.00000000 0.00043635 0.01424698
v 0.01376533 0.00020508 0.01174891
v 0.01248849 0.00020361 0.01215028
v 0.01009159 0.00020140 0.01277252
v 0.00761989 0.00019981 0.01325477
v 0.00550823 0.00019890 0.01355116
v 0.00277075 0.00019826 0.01378846
v -0.00000000 0.00019807 0.01386777
v 0.01362796 0.00005195 0.01134215
v 0.01236680 0.00005157 0.01173999
v 0.00999686 0.00005101 0.01235730
v 0.00755043 0.00005060 0.01283612
v 0.00545896 0.00005037 0.01313052
v 0.00274636 0.00005020 0.01336625
v -0.00000000 0.00005016 0.01344504
v 0.01348306 0.00000000 0.01091310
v 0.01223851 0.00000000 0.01130739
v 0.00989703 0.00000000 0.01191977
v 0.00747727 0.00000000 0.01239515
v 0.00540707 0.00000000 0.01268757
v 0.00272069 0.00000000 0.01292174
v -0.00000000 0.00000000 0.01300000
v -0.02284569 0.06415741 0.00554303
v -0.02270346 0.06415741 0.00564746
v -0.02308398 0.06415741 0.00527126
v -0.02297416 0.06415741 0.00541662
v -0.02317131 0.06415741 0.00511138
v -0.01905886 0.00190555 0.00971642
v -0.01902848 0.00191393 0.00982110
v -0.02323370 0.06415741 0.00494229
v -0.02132499 0.04848051 0.00715292
v -0.02255274 0.06415741 0.00572842
v -0.02009198 0.03273661 0.00858350
v -0.01798873 0.00207064 0.01120820
v -0.01885898 0.01699271 0.01001408
v -0.01796504 0.00207327 0.01122438
v -0.01769273 0.00210111 0.01136722
v -0.01817388 0.00204992 0.01108170
v -0.01826138 0.00203863 0.01099656
v -0.01899131 0.00192420 0.00994920
v -0.01889469 0.00194296 0.01014850
v -0.01873999 0.00197299 0.01046759
v -0.01858691 0.00199655 0.01067979
v -0.01851521 0.00200582 0.01074956
v -0.01908610 0.00188950 0.00947887
v -0.02327039 0.06415741 0.00476969
v -0.02255799 0.06422441 0.00572233
v -0.02379099 0.07996831 0.00429175
v -0.02502399 0.09571221 0.00286117
v -0.02625700 0.11145611 0.00143058
v -0.01769238 0.00209667 0.01136763
v -0.01769260 0.00209668 0.01136752
v -0.01767909 0.00164001 0.01133838
v -0.01685247 0.00000000 0.00955500
v -0.01560209 0.00000000 0.01011422
v -0.01687883 0.00000098 0.00961186
v -0.01577843 0.00005274 0.01053496
v -0.01704483 0.00006086 0.00997000
v -0.01722523 0.00022207 0.01035921
v -0.01715658 0.00013530 0.01021110
v -0.01594547 0.00020812 0.01093351
v -0.01707660 0.00007232 0.01003855
v -0.01704507 0.00006095 0.00997053
v -0.01739074 0.00046460 0.01071629
v -0.01739013 0.00046347 0.01071497
v -0.01609441 0.00045799 0.01128887
v -0.01733231 0.00035739 0.01059022
v -0.01722568 0.00022264 0.01036018
v -0.01739901 0.00047977 0.01073413
v -0.01621739 0.00078915 0.01158230
v -0.01753392 0.00082763 0.01102517
v -0.01757982 0.00099562 0.01112422
v -0.01630793 0.00118417 0.01179832
v -0.01761704 0.00120056 0.01120450
v -0.01767898 0.00163624 0.01133814
v -0.01767864 0.00162469 0.01133740
v -0.01636126 0.00162219 0.01192555
v -0.01765870 0.00143002 0.01129439
v -0.01761756 0.00120343 0.01120563
v -0.01637455 0.00208013 0.01195728
v -0.01348306 0.00000000 0.01091310
v -0.01362796 0.00005195 0.01134215
v -0.01376533 0.00020508 0.01174891
v -0.01388803 0.00045145 0.01211226
v -0.01398970 0.00077826 0.01241331
v -0.01406506 0.00116852 0.01263644
v -0.01411018 0.00160198 0.01277006
v -0.01286737 0.00204496 0.01320523
v -0.01392095 0.00205432 0.01287119
v -0.01412273 0.00205612 0.01280722
v -0.01592122 0.00207528 0.01212839
v -0.01223851 0.00000000 0.01130739
v -0.01236680 0.00005157 0.01173999
v -0.01248849 0.00020361 0.01215028
v -0.01259728 0.00044829 0.01251711
v -0.01268757 0.00077297 0.01282156
v -0.01275471 0.00116093 0.01304793
v -0.01279523 0.00159216 0.01318455
v -0.01066623 0.00202914 0.01378460
v -0.01177676 0.00203706 0.01349398
v -0.01280703 0.00204442 0.01322436
v -0.00989703 0.00000000 0.01191977
v -0.00999686 0.00005101 0.01235730
v -0.01009159 0.00020140 0.01277252
v -0.01017640 0.00044353 0.01314425
v -0.01024696 0.00076504 0.01345352
v -0.01029968 0.00114954 0.01368458
v -0.01033186 0.00157741 0.01382563
v -0.00836862 0.00201684 0.01425729
v -0.00952698 0.00202270 0.01402964
v -0.01034187 0.00202681 0.01386949
v -0.00747727 0.00000000 0.01239515
v -0.00755043 0.00005060 0.01283612
v -0.00761989 0.00019981 0.01325477
v -0.00768213 0.00044009 0.01362994
v -0.00773401 0.00075929 0.01394263
v -0.00777290 0.00114125 0.01417705
v -0.00779683 0.00156666 0.01432131
v -0.00600442 0.00200796 0.01462246
v -0.00719344 0.00201194 0.01445448
v -0.00780460 0.00201400 0.01436814
v -0.00540707 0.00000000 0.01268757
v -0.00545896 0.00005037 0.01313052
v -0.00550823 0.00019890 0.01355116
v -0.00555242 0.00043814 0.01392832
v -0.00558928 0.00075604 0.01424299
v -0.00561696 0.00113657 0.01447934
v -0.00563408 0.00156060 0.01462545
v -0.00360144 0.00200295 0.01485168
v -0.00480515 0.00200519 0.01474674
v -0.00563976 0.00200674 0.01467397
v -0.00272069 0.00000000 0.01292174
v -0.00274636 0.00005020 0.01336625
v -0.00277075 0.00019826 0.01378846
v -0.00279262 0.00043675 0.01416715
v -0.00281089 0.00075370 0.01448334
v -0.00282462 0.00113322 0.01472115
v -0.00283314 0.00155623 0.01486864
v -0.00119517 0.00200064 0.01496562
v -0.00239766 0.00200129 0.01493102
v -0.00283602 0.00200152 0.01491841
v -0.01794633 0.00161642 0.01119388
v -0.01787373 0.00117970 0.01107553
v -0.01758476 0.00045612 0.01060445
v -0.01738355 0.00020726 0.01027645
v -0.01715801 0.00005251 0.00990877
v -0.01691997 0.00000000 0.00952072
v -0.01814927 0.00159678 0.01104961
v -0.01854739 0.00155208 0.01064787
v -0.01869354 0.00153242 0.01043769
v -0.01893069 0.00149186 0.00992808
v -0.01775106 0.00078604 0.01087556
v -0.01806297 0.00116451 0.01093708
v -0.01791947 0.00077546 0.01074994
v -0.01843200 0.00113001 0.01055467
v -0.01824650 0.00075148 0.01040487
v -0.01856650 0.00111489 0.01035591
v -0.01836512 0.00074099 0.01022628
v -0.01878282 0.00108378 0.00987655
v -0.01855477 0.00071944 0.00979708
v -0.01883900 0.00107193 0.00966352
v -0.01860351 0.00071128 0.00960686
v -0.01772617 0.00044978 0.01049786
v -0.01749309 0.00020431 0.01019390
v -0.01800018 0.00043543 0.01020594
v -0.01770537 0.00019763 0.00996786
v -0.01809934 0.00042915 0.01005520
v -0.01778225 0.00019473 0.00985109
v -0.01825744 0.00041629 0.00969347
v -0.01790501 0.00018878 0.00957066
v -0.01829787 0.00041142 0.00953332
v -0.01793648 0.00018652 0.00944637
v -0.01899320 0.00147639 0.00970062
v -0.01723227 0.00005175 0.00985379
v -0.01737682 0.00005004 0.00970252
v -0.01742949 0.00004929 0.00962402
v -0.01751433 0.00004777 0.00943452
v -0.01753641 0.00004719 0.00935010
v -0.01695723 0.00000000 0.00949511
v -0.01703096 0.00000000 0.00942320
v -0.01705844 0.00000000 0.00938517
v -0.01710405 0.00000000 0.00929155
v -0.01711652 0.00000000 0.00924908
v -0.01491475 0.12720001 0.01260034
v -0.01512487 0.12720001 0.01251710
v -0.01089585 0.06041450 0.01355970
v -0.02745713 0.12720001 0.00073327
v -0.01809473 0.01661994 0.01052157
v -0.01939873 0.03211912 0.00921848
v -0.02071096 0.04771606 0.00790717
v -0.02203149 0.06341168 0.00658756
v -0.02604370 0.11110013 0.00257817
v -0.00000000 0.06422441 0.01500000
v -0.00182739 0.06332972 0.01496254
v -0.00367173 0.06252370 0.01484734
v -0.00551761 0.06181858 0.01465097
v -0.00734847 0.06122568 0.01437121
v -0.00914706 0.06075493 0.01400723
v -0.01257763 0.06021049 0.01303085
v -0.01174384 0.02971471 0.01327356
v -0.01305565 0.02977033 0.01281737
v -0.01430450 0.02992682 0.01231373
v -0.01519638 0.01567352 0.01206330
v -0.01548354 0.03018232 0.01176607
v -0.02046019 0.06188136 0.00845527
v -0.02131643 0.06259663 0.00753220
v -0.01902195 0.04628965 0.00951447
v -0.01992334 0.04695425 0.00872348
v -0.01760948 0.03097724 0.01055470
v -0.01854767 0.03150762 0.00989985
v -0.01718912 0.01625308 0.01106159
v -0.01622208 0.01593672 0.01157646
v -0.01658683 0.03053381 0.01117830
v -0.01800882 0.04573119 0.01027322
v -0.01946343 0.06127726 0.00934739
v -0.01417600 0.06014659 0.01242448
v -0.01567587 0.06022398 0.01174583
v -0.01706403 0.06044125 0.01100150
v -0.01832940 0.06079444 0.01019917
v -0.01617282 0.12720001 0.01210197
v -0.01665356 0.12720001 0.01191153
v -0.01854901 0.12720001 0.01104256
v -0.01676764 0.09257404 0.01151971
v -0.01741798 0.12720001 0.01160087
v -0.01733746 0.12720001 0.01164062
v -0.00760631 0.12720001 0.01438867
v -0.00912081 0.12720001 0.01414246
v -0.00312807 0.12720001 0.01490257
v -0.00404348 0.12720001 0.01481540
v -0.00503049 0.12720001 0.01472142
v -0.00630758 0.12720001 0.01459981
v -0.00661539 0.12720001 0.01454977
v -0.00936459 0.12720001 0.01410283
v -0.01017525 0.12720001 0.01391337
v -0.01155123 0.12720001 0.01359178
v -0.01224707 0.12720001 0.01342915
v -0.01269602 0.12720001 0.01328967
v -0.01390413 0.12720001 0.01291432
v -0.02560370 0.11073621 0.00386603
v -0.02725285 0.12720001 0.00196606
v -0.02737632 0.12720001 0.00122094
v -0.02744021 0.12720001 0.00083542
v -0.02685219 0.12720001 0.00321240
v -0.02686942 0.12720001 0.00315882
v -0.02704746 0.12720001 0.00260497
v -0.02380258 0.12720001 0.00747138
v -0.02133142 0.09308628 0.00854629
v -0.02309626 0.12720001 0.00812525
v -0.01999103 0.09280768 0.00960963
v -0.02298610 0.12720001 0.00822723
v -0.02432402 0.12720001 0.00698866
v -0.02449312 0.12720001 0.00679184
v -0.02247514 0.09346461 0.00743048
v -0.02487592 0.12720001 0.00634628
v -0.02521726 0.12720001 0.00594897
v -0.02469778 0.09510276 0.00392314
v -0.02415626 0.09448373 0.00510377
v -0.02341685 0.09393387 0.00627781
v -0.02493676 0.11041097 0.00515846
v -0.02540405 0.12720001 0.00573154
v -0.02561650 0.12720001 0.00541130
v -0.02598895 0.12720001 0.00484989
v -0.02624127 0.12720001 0.00446955
v -0.02646547 0.12720001 0.00400821
v -0.02661608 0.12720001 0.00369827
v -0.02095181 0.07718416 0.00840006
v -0.02192491 0.07776010 0.00737656
v -0.02272729 0.07843851 0.00632573
v -0.02336040 0.07920693 0.00525958
v -0.01949538 0.12720001 0.01057540
v -0.01953397 0.12720001 0.01055193
v -0.01846456 0.09263552 0.01060540
v -0.02033187 0.12720001 0.01006654
v -0.02127331 0.12720001 0.00949383
v -0.02137862 0.12720001 0.00942977
v -0.02143645 0.12720001 0.00938651
v -0.02259821 0.12720001 0.00851741
v 0.00000000 0.12720001 0.01500000
v -0.00075627 0.12720001 0.01497645
v -0.00141202 0.12720001 0.01495602
v -0.00248468 0.12720001 0.01492261
v 0.01763550 0.12720001 0.01150654
v 0.01741653 0.12720001 0.01159672
v 0.01676764 0.09257404 0.01151971
v 0.01800882 0.04573119 0.01027322
v 0.01946343 0.06127726 0.00934739
v 0.01832940 0.06079444 0.01019917
v 0.01902195 0.04628965 0.00951447
v 0.02046019 0.06188136 0.00845527
v 0.01519638 0.01567352 0.01206330
v 0.01658683 0.03053381 0.01117830
v 0.01548354 0.03018232 0.01176607
v 0.02203149 0.06341168 0.00658756
v 0.02469778 0.09510276 0.00392314
v 0.02071096 0.04771606 0.00790717
v 0.01939873 0.03211912 0.00921848
v 0.01809473 0.01661994 0.01052157
v 0.01718912 0.01625308 0.01106159
v 0.01305565 0.02977033 0.01281737
v 0.01430450 0.02992682 0.01231373
v 0.01257763 0.06021049 0.01303085
v 0.01174384 0.02971471 0.01327356
v 0.01417600 0.06014659 0.01242448
v 0.01089585 0.06041450 0.01355970
v 0.00914706 0.06075493 0.01400723
v 0.00734847 0.06122568 0.01437121
v 0.00551761 0.06181858 0.01465097
v 0.00367173 0.06252370 0.01484734
v 0.00182739 0.06332972 0.01496254
v 0.02131643 0.06259663 0.00753220
v 0.01992334 0.04695425 0.00872348
v 0.01854767 0.03150762 0.00989985
v 0.01760948 0.03097724 0.01055470
v 0.01622208 0.01593672 0.01157646
v 0.01567587 0.06022398 0.01174583
v 0.01706403 0.06044125 0.01100150
v 0.01512507 0.12720001 0.01251639
v 0.01339748 0.12720001 0.01309803
v 0.01544524 0.12720001 0.01240859
v 0.00792964 0.12720001 0.01436240
v 0.00760923 0.12720001 0.01440504
v 0.00507917 0.12720001 0.01474174
v 0.01269544 0.12720001 0.01328526
v 0.01070890 0.12720001 0.01381504
v 0.01017725 0.12720001 0.01391975
v 0.02706655 0.12720001 0.00261113
v 0.02560370 0.11073621 0.00386603
v 0.02717091 0.12720001 0.00227882
v 0.02604370 0.11110013 0.00257817
v 0.02739014 0.12720001 0.00122289
v 0.02741658 0.12720001 0.00109555
v 0.02309631 0.12720001 0.00812526
v 0.02297746 0.12720001 0.00823442
v 0.01999103 0.09280768 0.00960963
v 0.02149384 0.12720001 0.00935146
v 0.01846456 0.09263552 0.01060540
v 0.02424210 0.12720001 0.00707290
v 0.02133142 0.09308628 0.00854629
v 0.02449036 0.12720001 0.00678926
v 0.02531888 0.12720001 0.00584267
v 0.02247514 0.09346461 0.00743048
v 0.02562690 0.12720001 0.00541791
v 0.02493676 0.11041097 0.00515846
v 0.02579067 0.12720001 0.00519206
v 0.02415626 0.09448373 0.00510377
v 0.02341685 0.09393387 0.00627781
v 0.02701122 0.12720001 0.00278734
v 0.02648989 0.12720001 0.00400918
v 0.02648492 0.12720001 0.00401760
v 0.02336040 0.07920693 0.00525958
v 0.02272729 0.07843851 0.00632573
v 0.02192491 0.07776010 0.00737656
v 0.02095181 0.07718416 0.00840006
v 0.02143688 0.12720001 0.00938663
v 0.01965467 0.12720001 0.01048725
v 0.01953260 0.12720001 0.01054887
v 0.00217714 0.12720001 0.01495288
v 0.00248459 0.12720001 0.01493052
v -0.01685247 0.00000000 -0.00955500
v -0.01691997 0.00000000 -0.00952072
v 0.01691997 0.00000000 -0.00952072
v 0.01685247 0.00000000 -0.00955500
v 0.01560209 0.00000000 -0.01011422
v 0.01348306 0.00000000 -0.01091310
v 0.01223851 0.00000000 -0.01130739
v 0.00989703 0.00000000 -0.01191977
v 0.00747727 0.00000000 -0.01239515
v 0.00540707 0.00000000 -0.01268757
v 0.00272069 0.00000000 -0.01292174
v -0.00000000 0.00000000 -0.01300000
v -0.00272069 0.00000000 -0.01292174
v -0.01711652 0.00000000 -0.00924908
v -0.01710405 0.00000000 -0.00929155
v -0.01695723 0.00000000 -0.00949511
v -0.01705844 0.00000000 -0.00938517
v -0.01703096 0.00000000 -0.00942320
v -0.01560209 0.00000000 -0.01011422
v -0.01348306 0.00000000 -0.01091310
v -0.01223851 0.00000000 -0.01130739
v -0.00989703 0.00000000 -0.01191977
v -0.00747727 0.00000000 -0.01239515
v -0.00540707 0.00000000 -0.01268757
v 0.01703096 0.00000000 -0.00942320
v 0.01705844 0.00000000 -0.00938517
v 0.01695723 0.00000000 -0.00949511
v 0.01710405 0.00000000 -0.00929155
v 0.01711652 0.00000000 -0.00924908
v 0.02284569 0.06415741 -0.00554303
v 0.02270346 0.06415741 -0.00564746
v 0.02308398 0.06415741 -0.00527126
v 0.02297416 0.06415741 -0.00541662
v 0.02317131 0.06415741 -0.00511138
v 0.01905886 0.00190555 -0.00971642
v 0.01902848 0.00191393 -0.00982110
v 0.02323370 0.06415741 -0.00494229
v 0.02132499 0.04848051 -0.00715292
v 0.02255274 0.06415741 -0.00572842
v 0.02009198 0.03273661 -0.00858350
v 0.01798873 0.00207064 -0.01120820
v 0.01885898 0.01699271 -0.01001408
v 0.01796504 0.00207327 -0.01122438
v 0.01769273 0.00210111 -0.01136722
v 0.01817388 0.00204992 -0.01108170
v 0.01826138 0.00203863 -0.01099656
v 0.01899131 0.00192420 -0.00994920
v 0.01889469 0.00194296 -0.01014850
v 0.01873999 0.00197299 -0.01046759
v 0.01858691 0.00199655 -0.01067979
v 0.01851521 0.00200582 -0.01074956
v 0.01908610 0.00188950 -0.00947887
v 0.02327039 0.06415741 -0.00476969
v 0.02255799 0.06422441 -0.00572233
v 0.02379099 0.07996831 -0.00429175
v 0.02502399 0.09571221 -0.00286117
v 0.02625700 0.11145611 -0.00143058
v 0.01392095 0.00205432 -0.01287119
v 0.01412273 0.00205612 -0.01280722
v 0.01411018 0.00160198 -0.01277006
v 0.01687883 0.00000098 -0.00961186
v 0.01707660 0.00007232 -0.01003855
v 0.01704507 0.00006095 -0.00997053
v 0.01577843 0.00005274 -0.01053496
v 0.01704483 0.00006086 -0.00997000
v 0.01726079 0.00025147 -0.01043592
v 0.01722698 0.00021860 -0.01036299
v 0.01594547 0.00020812 -0.01093351
v 0.01722651 0.00021814 -0.01036198
v 0.01609441 0.00045799 -0.01128887
v 0.01733231 0.00035739 -0.01059022
v 0.01748117 0.00067140 -0.01091138
v 0.01738737 0.00047353 -0.01070901
v 0.01738679 0.00047231 -0.01070776
v 0.01621739 0.00078915 -0.01158230
v 0.01753392 0.00082763 -0.01102517
v 0.01763067 0.00124107 -0.01123392
v 0.01762113 0.00120032 -0.01121334
v 0.01630793 0.00118417 -0.01179832
v 0.01762049 0.00119758 -0.01121196
v 0.01636126 0.00162219 -0.01192555
v 0.01765870 0.00143002 -0.01129439
v 0.01769245 0.00189632 -0.01136720
v 0.01767406 0.00164224 -0.01132753
v 0.01767379 0.00163850 -0.01132694
v 0.01592122 0.00207528 -0.01212839
v 0.01637455 0.00208013 -0.01195728
v 0.01769238 0.00209667 -0.01136763
v 0.01769260 0.00209668 -0.01136752
v 0.01286737 0.00204496 -0.01320523
v 0.01279523 0.00159216 -0.01318455
v 0.01280703 0.00204442 -0.01322436
v 0.00952698 0.00202270 -0.01402964
v 0.01034187 0.00202681 -0.01386949
v 0.01033186 0.00157741 -0.01382563
v 0.01066623 0.00202914 -0.01378460
v 0.01177676 0.00203706 -0.01349398
v 0.00836862 0.00201684 -0.01425729
v 0.00779683 0.00156666 -0.01432131
v 0.00780460 0.00201400 -0.01436814
v 0.00563408 0.00156060 -0.01462545
v 0.00563976 0.00200674 -0.01467397
v 0.00600442 0.00200796 -0.01462246
v 0.00719344 0.00201194 -0.01445448
v 0.01362796 0.00005195 -0.01134215
v 0.01236680 0.00005157 -0.01173999
v 0.00999686 0.00005101 -0.01235730
v 0.00755043 0.00005060 -0.01283612
v 0.00545896 0.00005037 -0.01313052
v 0.00274636 0.00005020 -0.01336625
v 0.01376533 0.00020508 -0.01174891
v 0.01248849 0.00020361 -0.01215028
v 0.01009159 0.00020140 -0.01277252
v 0.00761989 0.00019981 -0.01325477
v 0.00550823 0.00019890 -0.01355116
v 0.00277075 0.00019826 -0.01378846
v 0.01388803 0.00045145 -0.01211226
v 0.01259728 0.00044829 -0.01251711
v 0.01017640 0.00044353 -0.01314425
v 0.00768213 0.00044009 -0.01362994
v 0.00555242 0.00043814 -0.01392832
v 0.00279262 0.00043675 -0.01416715
v 0.01398970 0.00077826 -0.01241331
v 0.01268757 0.00077297 -0.01282156
v 0.01024696 0.00076504 -0.01345352
v 0.00773401 0.00075929 -0.01394263
v 0.00558928 0.00075604 -0.01424299
v 0.00281089 0.00075370 -0.01448334
v 0.01406506 0.00116852 -0.01263644
v 0.01275471 0.00116093 -0.01304793
v 0.01029968 0.00114954 -0.01368458
v 0.00777290 0.00114125 -0.01417705
v 0.00561696 0.00113657 -0.01447934
v 0.00282462 0.00113322 -0.01472115
v 0.00283314 0.00155623 -0.01486864
v 0.00360144 0.00200295 -0.01485168
v 0.00480515 0.00200519 -0.01474674
v 0.00119517 0.00200064 -0.01496562
v 0.00239766 0.00200129 -0.01493102
v 0.00283602 0.00200152 -0.01491841
v -0.00000000 0.00200000 -0.01500000
v -0.00000000 0.00155497 -0.01494986
v -0.00000000 0.00113223 -0.01480194
v -0.00000000 0.00075303 -0.01456366
v -0.00000000 0.00043635 -0.01424698
v -0.00000000 0.00019807 -0.01386777
v -0.00000000 0.00005016 -0.01344504
v 0.01794633 0.00161642 -0.01119388
v 0.01787373 0.00117970 -0.01107553
v 0.01775106 0.00078604 -0.01087556
v 0.01758476 0.00045612 -0.01060445
v 0.01738355 0.00020726 -0.01027645
v 0.01715801 0.00005251 -0.00990877
v 0.01814927 0.00159678 -0.01104961
v 0.01854739 0.00155208 -0.01064787
v 0.01869354 0.00153242 -0.01043769
v 0.01893069 0.00149186 -0.00992808
v 0.01806297 0.00116451 -0.01093708
v 0.01791947 0.00077546 -0.01074994
v 0.01843200 0.00113001 -0.01055467
v 0.01824650 0.00075148 -0.01040487
v 0.01856650 0.00111489 -0.01035591
v 0.01836512 0.00074099 -0.01022628
v 0.01878282 0.00108378 -0.00987655
v 0.01855477 0.00071944 -0.00979708
v 0.01883900 0.00107193 -0.00966352
v 0.01860351 0.00071128 -0.00960686
v 0.01772617 0.00044978 -0.01049786
v 0.01749309 0.00020431 -0.01019390
v 0.01800018 0.00043543 -0.01020594
v 0.01770537 0.00019763 -0.00996786
v 0.01809934 0.00042915 -0.01005520
v 0.01778225 0.00019473 -0.00985109
v 0.01825744 0.00041629 -0.00969347
v 0.01790501 0.00018878 -0.00957066
v 0.01829787 0.00041142 -0.00953332
v 0.01793648 0.00018652 -0.00944637
v 0.01899320 0.00147639 -0.00970062
v 0.01723227 0.00005175 -0.00985379
v 0.01737682 0.00005004 -0.00970252
v 0.01742949 0.00004929 -0.00962402
v 0.01751433 0.00004777 -0.00943452
v 0.01753641 0.00004719 -0.00935010
v -0.02323370 0.06415741 -0.00494229
v -0.02327039 0.06415741 -0.00476969
v -0.02270346 0.06415741 -0.00564746
v -0.02284569 0.06415741 -0.00554303
v -0.01858691 0.00199655 -0.01067979
v -0.01873999 0.00197299 -0.01046759
v -0.02308398 0.06415741 -0.00527126
v -0.01899131 0.00192420 -0.00994920
v -0.01902848 0.00191393 -0.00982110
v -0.01905886 0.00190555 -0.00971642
v -0.01908610 0.00188950 -0.00947887
v -0.01889469 0.00194296 -0.01014850
v -0.02317131 0.06415741 -0.00511138
v -0.01851521 0.00200582 -0.01074956
v -0.02297416 0.06415741 -0.00541662
v -0.02132499 0.04848051 -0.00715292
v -0.01798873 0.00207064 -0.01120820
v -0.01817388 0.00204992 -0.01108170
v -0.01826138 0.00203863 -0.01099656
v -0.02009198 0.03273661 -0.00858350
v -0.01885898 0.01699271 -0.01001408
v -0.01796504 0.00207327 -0.01122438
v -0.01769273 0.00210111 -0.01136722
v -0.02625700 0.11145611 -0.00143058
v -0.02502399 0.09571221 -0.00286117
v -0.02379099 0.07996831 -0.00429175
v -0.02255799 0.06422441 -0.00572233
v -0.02255274 0.06415741 -0.00572842
v -0.01687883 0.00000098 -0.00961186
v -0.01726079 0.00025147 -0.01043592
v -0.01722698 0.00021860 -0.01036299
v -0.01738355 0.00020726 -0.01027645
v -0.01722651 0.00021814 -0.01036198
v -0.01707660 0.00007232 -0.01003855
v -0.01715801 0.00005251 -0.00990877
v -0.01704507 0.00006095 -0.00997053
v -0.01704483 0.00006086 -0.00997000
v -0.01748117 0.00067140 -0.01091138
v -0.01738737 0.00047353 -0.01070901
v -0.01758476 0.00045612 -0.01060445
v -0.01738679 0.00047231 -0.01070776
v -0.01733231 0.00035739 -0.01059022
v -0.01775106 0.00078604 -0.01087556
v -0.01753392 0.00082763 -0.01102517
v -0.01769245 0.00189632 -0.01136720
v -0.01767406 0.00164224 -0.01132753
v -0.01794633 0.00161642 -0.01119388
v -0.01767379 0.00163850 -0.01132694
v -0.01765870 0.00143002 -0.01129439
v -0.01763067 0.00124107 -0.01123392
v -0.01787373 0.00117970 -0.01107553
v -0.01762113 0.00120032 -0.01121334
v -0.01762049 0.00119758 -0.01121196
v -0.01769260 0.00209668 -0.01136752
v -0.01814927 0.00159678 -0.01104961
v -0.01869354 0.00153242 -0.01043769
v -0.01854739 0.00155208 -0.01064787
v -0.01893069 0.00149186 -0.00992808
v -0.01723227 0.00005175 -0.00985379
v -0.01749309 0.00020431 -0.01019390
v -0.01737682 0.00005004 -0.00970252
v -0.01770537 0.00019763 -0.00996786
v -0.01742949 0.00004929 -0.00962402
v -0.01778225 0.00019473 -0.00985109
v -0.01751433 0.00004777 -0.00943452
v -0.01790501 0.00018878 -0.00957066
v -0.01753641 0.00004719 -0.00935010
v -0.01793648 0.00018652 -0.00944637
v -0.01772617 0.00044978 -0.01049786
v -0.01791947 0.00077546 -0.01074994
v -0.01800018 0.00043543 -0.01020594
v -0.01824650 0.00075148 -0.01040487
v -0.01809934 0.00042915 -0.01005520
v -0.01836512 0.00074099 -0.01022628
v -0.01825744 0.00041629 -0.00969347
v -0.01855477 0.00071944 -0.00979708
v -0.01829787 0.00041142 -0.00953332
v -0.01860351 0.00071128 -0.00960686
v -0.01806297 0.00116451 -0.01093708
v -0.01843200 0.00113001 -0.01055467
v -0.01856650 0.00111489 -0.01035591
v -0.01878282 0.00108378 -0.00987655
v -0.01883900 0.00107193 -0.00966352
v -0.01899320 0.00147639 -0.00970062
v -0.01630793 0.00118417 -0.01179832
v -0.01636126 0.00162219 -0.01192555
v -0.01411018 0.00160198 -0.01277006
v -0.01594547 0.00020812 -0.01093351
v -0.01769238 0.00209667 -0.01136763
v -0.01621739 0.00078915 -0.01158230
v -0.01609441 0.00045799 -0.01128887
v -0.01577843 0.00005274 -0.01053496
v -0.01412273 0.00205612 -0.01280722
v -0.01592122 0.00207528 -0.01212839
v -0.01637455 0.00208013 -0.01195728
v -0.01392095 0.00205432 -0.01287119
v -0.01286737 0.00204496 -0.01320523
v -0.01279523 0.00159216 -0.01318455
v -0.01066623 0.00202914 -0.01378460
v -0.01033186 0.00157741 -0.01382563
v -0.01177676 0.00203706 -0.01349398
v -0.01280703 0.00204442 -0.01322436
v -0.00836862 0.00201684 -0.01425729
v -0.00779683 0.00156666 -0.01432131
v -0.00952698 0.00202270 -0.01402964
v -0.01034187 0.00202681 -0.01386949
v -0.00780460 0.00201400 -0.01436814
v -0.00719344 0.00201194 -0.01445448
v -0.00563408 0.00156060 -0.01462545
v -0.00600442 0.00200796 -0.01462246
v -0.00563976 0.00200674 -0.01467397
v -0.00480515 0.00200519 -0.01474674
v -0.00283314 0.00155623 -0.01486864
v -0.00360144 0.00200295 -0.01485168
v -0.00283602 0.00200152 -0.01491841
v -0.00239766 0.00200129 -0.01493102
v -0.00119517 0.00200064 -0.01496562
v -0.01406506 0.00116852 -0.01263644
v -0.01275471 0.00116093 -0.01304793
v -0.01029968 0.00114954 -0.01368458
v -0.00777290 0.00114125 -0.01417705
v -0.00561696 0.00113657 -0.01447934
v -0.00282462 0.00113322 -0.01472115
v -0.01398970 0.00077826 -0.01241331
v -0.01268757 0.00077297 -0.01282156
v -0.01024696 0.00076504 -0.01345352
v -0.00773401 0.00075929 -0.01394263
v -0.00558928 0.00075604 -0.01424299
v -0.00281089 0.00075370 -0.01448334
v -0.01388803 0.00045145 -0.01211226
v -0.01259728 0.00044829 -0.01251711
v -0.01017640 0.00044353 -0.01314425
v -0.00768213 0.00044009 -0.01362994
v -0.00555242 0.00043814 -0.01392832
v -0.00279262 0.00043675 -0.01416715
v -0.01376533 0.00020508 -0.01174891
v -0.01248849 0.00020361 -0.01215028
v -0.01009159 0.00020140 -0.01277252
v -0.00761989 0.00019981 -0.01325477
v -0.00550823 0.00019890 -0.01355116
v -0.00277075 0.00019826 -0.01378846
v -0.01362796 0.00005195 -0.01134215
v -0.01236680 0.00005157 -0.01173999
v -0.00999686 0.00005101 -0.01235730
v -0.00755043 0.00005060 -0.01283612
v -0.00545896 0.00005037 -0.01313052
v -0.00274636 0.00005020 -0.01336625
v -0.00023495 0.12720001 -0.01499945
v 0.00000000 0.12720001 -0.01500000
v -0.00000000 0.06422441 -0.01500000
v -0.01829844 0.12720001 -0.01119410
v -0.01741106 0.12720001 -0.01158477
v -0.01676764 0.09257404 -0.01151971
v -0.01800882 0.04573119 -0.01027322
v -0.01946343 0.06127726 -0.00934739
v -0.01832940 0.06079444 -0.01019917
v -0.01902195 0.04628965 -0.00951447
v -0.02046019 0.06188136 -0.00845527
v -0.01519638 0.01567352 -0.01206330
v -0.01658683 0.03053381 -0.01117830
v -0.01548354 0.03018232 -0.01176607
v -0.02203149 0.06341168 -0.00658756
v -0.02469778 0.09510276 -0.00392314
v -0.02071096 0.04771606 -0.00790717
v -0.01939873 0.03211912 -0.00921848
v -0.01809473 0.01661994 -0.01052157
v -0.01718912 0.01625308 -0.01106159
v -0.01305565 0.02977033 -0.01281737
v -0.01430450 0.02992682 -0.01231373
v -0.01257763 0.06021049 -0.01303085
v -0.01174384 0.02971471 -0.01327356
v -0.01417600 0.06014659 -0.01242448
v -0.01089585 0.06041450 -0.01355970
v -0.00914706 0.06075493 -0.01400723
v -0.00734847 0.06122568 -0.01437121
v -0.00551761 0.06181858 -0.01465097
v -0.00367173 0.06252370 -0.01484734
v -0.00182739 0.06332972 -0.01496254
v -0.02131643 0.06259663 -0.00753220
v -0.01992334 0.04695425 -0.00872348
v -0.01854767 0.03150762 -0.00989985
v -0.01760948 0.03097724 -0.01055470
v -0.01622208 0.01593672 -0.01157646
v -0.01567587 0.06022398 -0.01174583
v -0.01706403 0.06044125 -0.01100150
v -0.01512374 0.12720001 -0.01251341
v -0.01443745 0.12720001 -0.01276478
v -0.01618292 0.12720001 -0.01212545
v -0.00909200 0.12720001 -0.01415584
v -0.00340466 0.12720001 -0.01488451
v -0.00248442 0.12720001 -0.01491788
v -0.00760696 0.12720001 -0.01439220
v -0.00628158 0.12720001 -0.01460314
v -0.00503083 0.12720001 -0.01472547
v -0.01269415 0.12720001 -0.01328276
v -0.01181685 0.12720001 -0.01354343
v -0.01017521 0.12720001 -0.01391239
v -0.02740151 0.12720001 -0.00120259
v -0.02739673 0.12720001 -0.00122424
v -0.02604370 0.11110013 -0.00257817
v -0.02713991 0.12720001 -0.00238629
v -0.02560370 0.11073621 -0.00386603
v -0.01999103 0.09280768 -0.00960963
v -0.02309383 0.12720001 -0.00812133
v -0.02199616 0.12720001 -0.00899697
v -0.01846456 0.09263552 -0.01060540
v -0.02334085 0.12720001 -0.00792428
v -0.02133142 0.09308628 -0.00854629
v -0.02450071 0.12720001 -0.00679799
v -0.02415626 0.09448373 -0.00510377
v -0.02493676 0.11041097 -0.00515846
v -0.02341685 0.09393387 -0.00627781
v -0.02247514 0.09346461 -0.00743048
v -0.02641701 0.12720001 -0.00414989
v -0.02570166 0.12720001 -0.00532186
v -0.02563119 0.12720001 -0.00542102
v -0.02555759 0.12720001 -0.00552457
v -0.02454252 0.12720001 -0.00675740
v -0.02706565 0.12720001 -0.00261077
v -0.02695614 0.12720001 -0.00294181
v -0.02647749 0.12720001 -0.00401437
v -0.02336040 0.07920693 -0.00525958
v -0.02272729 0.07843851 -0.00632573
v -0.02192491 0.07776010 -0.00737656
v -0.02095181 0.07718416 -0.00840006
v -0.02142655 0.12720001 -0.00937105
v -0.02023878 0.12720001 -0.01015108
v -0.01952489 0.12720001 -0.01053482
v 0.02725285 0.12720001 -0.00196606
v 0.02737632 0.12720001 -0.00122094
v 0.02604370 0.11110013 -0.00257817
v 0.02748529 0.12720001 -0.00010517
v 0.01809473 0.01661994 -0.01052157
v 0.01939873 0.03211912 -0.00921848
v 0.02071096 0.04771606 -0.00790717
v 0.02203149 0.06341168 -0.00658756
v 0.02745713 0.12720001 -0.00073327
v 0.02739672 0.12720001 -0.00109784
v 0.00367173 0.06252370 -0.01484734
v 0.00182739 0.06332972 -0.01496254
v 0.00551761 0.06181858 -0.01465097
v 0.00734847 0.06122568 -0.01437121
v 0.00914706 0.06075493 -0.01400723
v 0.01089585 0.06041450 -0.01355970
v 0.01257763 0.06021049 -0.01303085
v 0.01174384 0.02971471 -0.01327356
v 0.01305565 0.02977033 -0.01281737
v 0.01430450 0.02992682 -0.01231373
v 0.01519638 0.01567352 -0.01206330
v 0.01548354 0.03018232 -0.01176607
v 0.02046019 0.06188136 -0.00845527
v 0.02131643 0.06259663 -0.00753220
v 0.01902195 0.04628965 -0.00951447
v 0.01992334 0.04695425 -0.00872348
v 0.01760948 0.03097724 -0.01055470
v 0.01854767 0.03150762 -0.00989985
v 0.01718912 0.01625308 -0.01106159
v 0.01622208 0.01593672 -0.01157646
v 0.01658683 0.03053381 -0.01117830
v 0.01800882 0.04573119 -0.01027322
v 0.01946343 0.06127726 -0.00934739
v 0.01417600 0.06014659 -0.01242448
v 0.01567587 0.06022398 -0.01174583
v 0.01706403 0.06044125 -0.01100150
v 0.01832940 0.06079444 -0.01019917
v 0.01868410 0.12720001 -0.01097587
v 0.01676764 0.09257404 -0.01151971
v 0.01741798 0.12720001 -0.01160087
v 0.01733746 0.12720001 -0.01164062
v 0.01467961 0.12720001 -0.01267339
v 0.01491475 0.12720001 -0.01260034
v 0.01512487 0.12720001 -0.01251710
v 0.01673469 0.12720001 -0.01187939
v 0.00312807 0.12720001 -0.01490257
v 0.00503049 0.12720001 -0.01472142
v 0.00516397 0.12720001 -0.01470871
v 0.00777902 0.12720001 -0.01436059
v 0.00760631 0.12720001 -0.01438867
v 0.00630758 0.12720001 -0.01459981
v 0.00936459 0.12720001 -0.01410283
v 0.01017525 0.12720001 -0.01391337
v 0.01033132 0.12720001 -0.01387689
v 0.01224707 0.12720001 -0.01342915
v 0.01269602 0.12720001 -0.01328967
v 0.01281464 0.12720001 -0.01325282
v 0.02675761 0.12720001 -0.00340704
v 0.02560370 0.11073621 -0.00386603
v 0.02648632 0.12720001 -0.00396528
v 0.02493676 0.11041097 -0.00515846
v 0.02646547 0.12720001 -0.00400821
v 0.02624127 0.12720001 -0.00446955
v 0.02685219 0.12720001 -0.00321240
v 0.02704746 0.12720001 -0.00260497
v 0.02715722 0.12720001 -0.00226352
v 0.02414495 0.12720001 -0.00715444
v 0.02133142 0.09308628 -0.00854629
v 0.02309626 0.12720001 -0.00812525
v 0.01999103 0.09280768 -0.00960963
v 0.02298610 0.12720001 -0.00822723
v 0.02499926 0.12720001 -0.00620270
v 0.02247514 0.09346461 -0.00743048
v 0.02449312 0.12720001 -0.00679184
v 0.02432402 0.12720001 -0.00698866
v 0.02469778 0.09510276 -0.00392314
v 0.02415626 0.09448373 -0.00510377
v 0.02341685 0.09393387 -0.00627781
v 0.02540405 0.12720001 -0.00573154
v 0.02561650 0.12720001 -0.00541130
v 0.02581505 0.12720001 -0.00511202
v 0.02095181 0.07718416 -0.00840006
v 0.02192491 0.07776010 -0.00737656
v 0.02272729 0.07843851 -0.00632573
v 0.02336040 0.07920693 -0.00525958
v 0.01949538 0.12720001 -0.01057540
v 0.01953397 0.12720001 -0.01055193
v 0.01846456 0.09263552 -0.01060540
v 0.02021435 0.12720001 -0.01013803
v 0.02137862 0.12720001 -0.00942977
v 0.02143645 0.12720001 -0.00938651
v 0.02164814 0.12720001 -0.00922815
v 0.00248468 0.12720001 -0.01492261
v 0.00249120 0.12720001 -0.01492241
v 0.02747229 0.12732942 -0.00010513
v 0.02739896 0.12732942 -0.00109873
v 0.02715732 0.12732942 -0.00226422
v 0.02675345 0.12732942 -0.00340592
v 0.02649180 0.12732942 -0.00396768
v 0.02582118 0.12732942 -0.00511604
v 0.02414091 0.12732942 -0.00715109
v 0.02500386 0.12732942 -0.00620697
v 0.02295690 0.12732942 -0.00822934
v 0.02164661 0.12732942 -0.00922518
v 0.02021798 0.12732942 -0.01014361
v 0.01868704 0.12732942 -0.01098221
v 0.01673523 0.12732942 -0.01188167
v 0.01467655 0.12732942 -0.01266532
v 0.01281499 0.12732942 -0.01325271
v 0.01033286 0.12732942 -0.01388260
v 0.00778048 0.12732942 -0.01436941
v 0.00516449 0.12732942 -0.01471579
v 0.00249085 0.12732942 -0.01492124
v -0.00023487 0.12732942 -0.01498242
v -0.00627941 0.12732942 -0.01458625
v -0.00340350 0.12732942 -0.01486752
v -0.00908880 0.12732942 -0.01413910
v -0.01181257 0.12732942 -0.01352694
v -0.01443201 0.12732942 -0.01274864
v -0.01617663 0.12732942 -0.01210962
v -0.02023008 0.12732942 -0.01013643
v -0.01829099 0.12732942 -0.01117878
v -0.02198614 0.12732942 -0.00898320
v -0.02332962 0.12732942 -0.00791147
v -0.02453001 0.12732942 -0.00674583
v -0.02568767 0.12732942 -0.00531213
v -0.02554381 0.12732942 -0.00551456
v -0.02640194 0.12732942 -0.00414194
v -0.02694014 0.12732942 -0.00293595
v -0.02712357 0.12732942 -0.00238146
v -0.02738466 0.12732942 -0.00120010
v -0.02743026 0.12732942 0.00083484
v -0.02747296 0.12732942 -0.00000000
v -0.02685722 0.12732942 0.00315374
v -0.02722576 0.12732942 0.00200503
v -0.02662126 0.12732942 0.00370108
v -0.02599182 0.12732942 0.00485231
v -0.02521483 0.12732942 0.00594776
v -0.02488170 0.12732942 0.00635126
v -0.02259885 0.12732942 0.00851899
v -0.02380707 0.12732942 0.00747652
v -0.02126671 0.12732942 0.00948434
v -0.02033602 0.12732942 0.01007318
v -0.01855251 0.12732942 0.01104984
v -0.01665473 0.12732942 0.01191527
v -0.01390615 0.12732942 0.01292133
v -0.01617594 0.12732942 0.01210989
v -0.01155140 0.12732942 0.01359387
v -0.00911884 0.12732942 0.01413335
v -0.00661460 0.12732942 0.01454210
v -0.00404413 0.12732942 0.01481970
v -0.00141229 0.12732942 0.01496315
v -0.00075657 0.12732942 0.01497728
v 0.00217641 0.12732942 0.01493586
v 0.00507743 0.12732942 0.01472479
v 0.00792687 0.12732942 0.01434559
v 0.01070507 0.12732942 0.01379844
v 0.01339252 0.12732942 0.01308173
v 0.01543932 0.12732942 0.01239262
v 0.01762843 0.12732942 0.01149104
v 0.01964637 0.12732942 0.01047237
v 0.02148422 0.12732942 0.00933740
v 0.02296657 0.12732942 0.00822131
v 0.02422994 0.12732942 0.00706098
v 0.02530542 0.12732942 0.00583224
v 0.02577656 0.12732942 0.00518252
v 0.02647470 0.12732942 0.00400146
v 0.02699512 0.12732942 0.00278176
v 0.02715451 0.12732942 0.00227421
v 0.02739970 0.12732942 0.00109328
v 0.02735019 0.12745001 0.00108663
v 0.02710643 0.12745001 0.00226066
v 0.02694792 0.12745001 0.00276540
v 0.02643018 0.12745001 0.00397883
v 0.02573518 0.12745001 0.00515454
v 0.02526594 0.12745001 0.00580164
v 0.02419426 0.12745001 0.00702602
v 0.02293465 0.12745001 0.00818289
v 0.02145601 0.12745001 0.00929618
v 0.01962203 0.12745001 0.01042875
v 0.01760769 0.12745001 0.01144560
v 0.01542196 0.12745001 0.01234578
v 0.01337797 0.12745001 0.01303395
v 0.01069384 0.12745001 0.01374977
v 0.00791877 0.12745001 0.01429630
v 0.00507233 0.12745001 0.01467511
v 0.00217424 0.12745001 0.01488596
v -0.00075582 0.12745001 0.01492733
v -0.00141089 0.12745001 0.01491322
v -0.00404008 0.12745001 0.01476992
v -0.00660791 0.12745001 0.01449260
v -0.00910942 0.12745001 0.01408429
v -0.01153916 0.12745001 0.01354545
v -0.01389092 0.12745001 0.01287375
v -0.01615749 0.12745001 0.01206347
v -0.01663555 0.12745001 0.01186915
v -0.01853020 0.12745001 0.01100515
v -0.02031031 0.12745001 0.01003036
v -0.02123899 0.12745001 0.00944279
v -0.02256791 0.12745001 0.00847977
v -0.02377273 0.12745001 0.00744025
v -0.02484380 0.12745001 0.00631873
v -0.02517570 0.12745001 0.00591672
v -0.02594952 0.12745001 0.00482575
v -0.02657602 0.12745001 0.00367992
v -0.02681077 0.12745001 0.00313539
v -0.02717727 0.12745001 0.00199302
v -0.02738057 0.12745001 0.00082975
v -0.02742301 0.12745001 -0.00000000
v -0.02733524 0.12745001 -0.00119282
v -0.02707566 0.12745001 -0.00236732
v -0.02689324 0.12745001 -0.00291876
v -0.02635777 0.12745001 -0.00411863
v -0.02564667 0.12745001 -0.00528361
v -0.02550339 0.12745001 -0.00548522
v -0.02449334 0.12745001 -0.00671192
v -0.02329668 0.12745001 -0.00787392
v -0.02195674 0.12745001 -0.00894281
v -0.02020458 0.12745001 -0.01009348
v -0.01826913 0.12745001 -0.01113386
v -0.01615818 0.12745001 -0.01206320
v -0.01441607 0.12745001 -0.01270130
v -0.01180001 0.12745001 -0.01347860
v -0.00907942 0.12745001 -0.01409004
v -0.00627307 0.12745001 -0.01453670
v -0.00340011 0.12745001 -0.01481768
v -0.00023464 0.12745001 -0.01493247
v 0.00248837 0.12745001 -0.01487135
v 0.00515930 0.12745001 -0.01466610
v 0.00777254 0.12745001 -0.01432010
v 0.01032206 0.12745001 -0.01383383
v 0.01280118 0.12745001 -0.01320470
v 0.01466027 0.12745001 -0.01261809
v 0.01671593 0.12745001 -0.01183560
v 0.01866448 0.12745001 -0.01093764
v 0.02019250 0.12745001 -0.01010065
v 0.02161802 0.12745001 -0.00918422
v 0.02292501 0.12745001 -0.00819090
v 0.02410552 0.12745001 -0.00711584
v 0.02496551 0.12745001 -0.00617496
v 0.02577961 0.12745001 -0.00508834
v 0.02644719 0.12745001 -0.00394521
v 0.02670753 0.12745001 -0.00338626
v 0.02710922 0.12745001 -0.00225073
v 0.02734946 0.12745001 -0.00109206
v 0.02742234 0.12745001 -0.00010448
v 0.02727144 0.12755356 0.00107607
v 0.02702995 0.12755356 0.00223912
v 0.02687284 0.12755356 0.00273938
v 0.02635935 0.12755356 0.00394282
v 0.02566935 0.12755356 0.00511004
v 0.02520313 0.12755356 0.00575296
v 0.02413751 0.12755356 0.00697040
v 0.02288387 0.12755356 0.00812177
v 0.02141113 0.12755356 0.00923061
v 0.01958331 0.12755356 0.01035936
v 0.01757471 0.12755356 0.01137331
v 0.01539434 0.12755356 0.01227127
v 0.01335482 0.12755356 0.01295794
v 0.01067597 0.12755356 0.01367235
v 0.00790588 0.12755356 0.01421789
v 0.00506422 0.12755356 0.01459606
v 0.00217080 0.12755356 0.01480658
v -0.00075462 0.12755356 0.01484788
v -0.00140866 0.12755356 0.01483379
v -0.00403365 0.12755356 0.01469072
v -0.00659725 0.12755356 0.01441386
v -0.00909444 0.12755356 0.01400626
v -0.01151969 0.12755356 0.01346841
v -0.01386669 0.12755356 0.01279808
v -0.01612815 0.12755356 0.01198963
v -0.01660505 0.12755356 0.01179578
v -0.01849470 0.12755356 0.01093406
v -0.02026940 0.12755356 0.00996224
v -0.02119491 0.12755356 0.00937668
v -0.02251869 0.12755356 0.00841739
v -0.02371809 0.12755356 0.00738255
v -0.02478351 0.12755356 0.00626697
v -0.02511344 0.12755356 0.00586734
v -0.02588222 0.12755356 0.00478350
v -0.02650404 0.12755356 0.00364626
v -0.02673686 0.12755356 0.00310620
v -0.02710014 0.12755356 0.00197392
v -0.02730153 0.12755356 0.00082166
v -0.02734355 0.12755356 -0.00000000
v -0.02725663 0.12755356 -0.00118123
v -0.02699946 0.12755356 -0.00234481
v -0.02681863 0.12755356 -0.00289141
v -0.02628749 0.12755356 -0.00408155
v -0.02558143 0.12755356 -0.00523824
v -0.02543909 0.12755356 -0.00543853
v -0.02443500 0.12755356 -0.00665797
v -0.02324429 0.12755356 -0.00781418
v -0.02190998 0.12755356 -0.00887857
v -0.02016402 0.12755356 -0.01002515
v -0.01823436 0.12755356 -0.01106242
v -0.01612884 0.12755356 -0.01198936
v -0.01439071 0.12755356 -0.01262600
v -0.01178003 0.12755356 -0.01340169
v -0.00906450 0.12755356 -0.01401200
v -0.00626297 0.12755356 -0.01445788
v -0.00339471 0.12755356 -0.01473840
v -0.00023427 0.12755356 -0.01485301
v 0.00248443 0.12755356 -0.01479199
v 0.00515105 0.12755356 -0.01458708
v 0.00775990 0.12755356 -0.01424165
v 0.01030488 0.12755356 -0.01375625
v 0.01277921 0.12755356 -0.01312834
v 0.01463438 0.12755356 -0.01254297
v 0.01668522 0.12755356 -0.01176231
v 0.01862860 0.12755356 -0.01086674
v 0.02015198 0.12755356 -0.01003229
v 0.02157255 0.12755356 -0.00911906
v 0.02287427 0.12755356 -0.00812974
v 0.02404922 0.12755356 -0.00705976
v 0.02490451 0.12755356 -0.00612403
v 0.02571349 0.12755356 -0.00504428
v 0.02637623 0.12755356 -0.00390946
v 0.02663448 0.12755356 -0.00335498
v 0.02703272 0.12755356 -0.00222928
v 0.02727071 0.12755356 -0.00108144
v 0.02734289 0.12755356 -0.00010346
v 0.02716880 0.12763302 0.00106229
v 0.02693028 0.12763302 0.00221104
v 0.02677500 0.12763302 0.00270547
v 0.02626703 0.12763302 0.00389590
v 0.02558357 0.12763302 0.00505203
v 0.02512128 0.12763302 0.00568952
v 0.02406355 0.12763302 0.00689792
v 0.02281770 0.12763302 0.00804212
v 0.02135265 0.12763302 0.00914515
v 0.01953285 0.12763302 0.01026893
v 0.01753172 0.12763302 0.01127910
v 0.01535836 0.12763302 0.01217418
v 0.01332465 0.12763302 0.01285887
v 0.01065268 0.12763302 0.01357144
v 0.00788908 0.12763302 0.01411571
v 0.00505366 0.12763302 0.01449305
v 0.00216632 0.12763302 0.01470312
v -0.00075307 0.12763302 0.01474434
v -0.00140575 0.12763302 0.01473028
v -0.00402528 0.12763302 0.01458750
v -0.00658336 0.12763302 0.01431125
v -0.00907492 0.12763302 0.01390456
v -0.01149431 0.12763302 0.01336802
v -0.01383512 0.12763302 0.01269946
v -0.01608991 0.12763302 0.01189339
v -0.01656529 0.12763302 0.01170016
v -0.01844843 0.12763302 0.01084142
v -0.02021609 0.12763302 0.00987346
v -0.02113745 0.12763302 0.00929053
v -0.02245455 0.12763302 0.00833609
v -0.02364689 0.12763302 0.00730736
v -0.02470493 0.12763302 0.00619952
v -0.02503232 0.12763302 0.00580299
v -0.02579452 0.12763302 0.00472843
v -0.02641023 0.12763302 0.00360240
v -0.02664055 0.12763302 0.00306816
v -0.02699963 0.12763302 0.00194902
v -0.02719851 0.12763302 0.00081112
v -0.02724000 0.12763302 -0.00000000
v -0.02715418 0.12763302 -0.00116613
v -0.02690014 0.12763302 -0.00231548
v -0.02672141 0.12763302 -0.00285578
v -0.02619590 0.12763302 -0.00403323
v -0.02549642 0.12763302 -0.00517912
v -0.02535529 0.12763302 -0.00537770
v -0.02435897 0.12763302 -0.00658766
v -0.02317601 0.12763302 -0.00773632
v -0.02184903 0.12763302 -0.00879485
v -0.02011116 0.12763302 -0.00993611
v -0.01818904 0.12763302 -0.01096930
v -0.01609060 0.12763302 -0.01189312
v -0.01435766 0.12763302 -0.01252786
v -0.01175399 0.12763302 -0.01330147
v -0.00904505 0.12763302 -0.01391029
v -0.00624982 0.12763302 -0.01435517
v -0.00338767 0.12763302 -0.01463509
v -0.00023379 0.12763302 -0.01474946
v 0.00247930 0.12763302 -0.01468856
v 0.00514030 0.12763302 -0.01448408
v 0.00774343 0.12763302 -0.01413941
v 0.01028249 0.12763302 -0.01365514
v 0.01275058 0.12763302 -0.01302882
v 0.01460063 0.12763302 -0.01244507
v 0.01664521 0.12763302 -0.01166680
v 0.01858184 0.12763302 -0.01077435
v 0.02009917 0.12763302 -0.00994322
v 0.02151329 0.12763302 -0.00903414
v 0.02280815 0.12763302 -0.00805005
v 0.02397585 0.12763302 -0.00698668
v 0.02482502 0.12763302 -0.00605767
v 0.02562732 0.12763302 -0.00498686
v 0.02628374 0.12763302 -0.00386288
v 0.02653929 0.12763302 -0.00331422
v 0.02693301 0.12763302 -0.00220132
v 0.02716809 0.12763302 -0.00106759
v 0.02723934 0.12763302 -0.00010213
v 0.02704928 0.12768297 0.00104625
v 0.02681420 0.12768297 0.00217834
v 0.02666106 0.12768297 0.00266598
v 0.02615953 0.12768297 0.00384125
v 0.02548367 0.12768297 0.00498449
v 0.02502597 0.12768297 0.00561565
v 0.02397742 0.12768297 0.00681352
v 0.02274064 0.12768297 0.00794937
v 0.02128455 0.12768297 0.00904563
v 0.01947409 0.12768297 0.01016363
v 0.01748165 0.12768297 0.01116939
v 0.01531645 0.12768297 0.01206110
v 0.01328952 0.12768297 0.01274351
v 0.01062556 0.12768297 0.01345394
v 0.00786952 0.12768297 0.01399672
v 0.00504135 0.12768297 0.01437309
v 0.00216109 0.12768297 0.01458264
v -0.00075125 0.12768297 0.01462377
v -0.00140237 0.12768297 0.01460973
v -0.00401552 0.12768297 0.01446731
v -0.00656719 0.12768297 0.01419174
v -0.00905219 0.12768297 0.01378613
v -0.01146475 0.12768297 0.01325110
v -0.01379835 0.12768297 0.01258461
v -0.01604538 0.12768297 0.01178133
v -0.01651900 0.12768297 0.01158881
v -0.01839455 0.12768297 0.01073354
v -0.02015401 0.12768297 0.00977008
v -0.02107054 0.12768297 0.00919020
v -0.02237986 0.12768297 0.00824142
v -0.02356397 0.12768297 0.00721980
v -0.02461343 0.12768297 0.00612098
v -0.02493784 0.12768297 0.00572804
v -0.02569239 0.12768297 0.00466431
v -0.02630099 0.12768297 0.00355132
v -0.02652839 0.12768297 0.00302387
v -0.02688257 0.12768297 0.00192002
v -0.02707855 0.12768297 0.00079884
v -0.02711941 0.12768297 -0.00000000
v -0.02703488 0.12768297 -0.00114854
v -0.02678449 0.12768297 -0.00228133
v -0.02660818 0.12768297 -0.00281427
v -0.02608925 0.12768297 -0.00397696
v -0.02539741 0.12768297 -0.00511027
v -0.02525770 0.12768297 -0.00530685
v -0.02427044 0.12768297 -0.00650579
v -0.02309650 0.12768297 -0.00764565
v -0.02177806 0.12768297 -0.00869735
v -0.02004961 0.12768297 -0.00983241
v -0.01813627 0.12768297 -0.01086087
v -0.01604607 0.12768297 -0.01178105
v -0.01431917 0.12768297 -0.01241357
v -0.01172367 0.12768297 -0.01318475
v -0.00902240 0.12768297 -0.01379184
v -0.00623450 0.12768297 -0.01423556
v -0.00337948 0.12768297 -0.01451478
v -0.00023322 0.12768297 -0.01462887
v 0.00247332 0.12768297 -0.01456812
v 0.00512777 0.12768297 -0.01436414
v 0.00772426 0.12768297 -0.01402036
v 0.01025642 0.12768297 -0.01353740
v 0.01271725 0.12768297 -0.01291293
v 0.01456133 0.12768297 -0.01233107
v 0.01659861 0.12768297 -0.01155558
v 0.01852738 0.12768297 -0.01066676
v 0.02003768 0.12768297 -0.00983949
v 0.02144427 0.12768297 -0.00893525
v 0.02273116 0.12768297 -0.00795724
v 0.02389042 0.12768297 -0.00690158
v 0.02473244 0.12768297 -0.00598039
v 0.02552696 0.12768297 -0.00491999
v 0.02617604 0.12768297 -0.00380863
v 0.02642843 0.12768297 -0.00326675
v 0.02681690 0.12768297 -0.00216876
v 0.02704858 0.12768297 -0.00105147
v 0.02711876 0.12768297 -0.00010058
v 0.02039533 0.13084399 0.00747485
v 0.02147474 0.13055830 0.00646020
v 0.02185231 0.13051211 0.00609235
v 0.02185539 0.13052228 0.00609263
v 0.02230053 0.13045294 0.00559052
v 0.02230048 0.13045257 0.00559057
v 0.02230057 0.13045331 0.00559046
v 0.02190158 0.13050552 0.00603718
v 0.02230044 0.13045221 0.00559062
v 0.02186455 0.13056375 0.00609066
v 0.02230062 0.13045368 0.00559041
v 0.02230066 0.13045404 0.00559036
v 0.02185817 0.13053255 0.00609261
v 0.02186062 0.13054290 0.00609227
v 0.02186275 0.13055330 0.00609162
v 0.02146952 0.13065589 0.00650256
v 0.02146544 0.13063652 0.00650332
v 0.02146030 0.13061740 0.00650296
v 0.02145413 0.13059864 0.00650147
v 0.02144696 0.13058037 0.00649887
v 0.02105142 0.13059890 0.00679867
v 0.02126619 0.13057883 0.00663042
v 0.02143884 0.13056269 0.00649518
v 0.02032474 0.13069376 0.00741559
v 0.02029867 0.13066926 0.00738835
v 0.02062594 0.13063867 0.00713197
v 0.02034814 0.13072456 0.00743852
v 0.02036812 0.13076067 0.00745639
v 0.02038402 0.13080091 0.00746864
v 0.01949160 0.13070853 0.00794971
v 0.01952731 0.13073350 0.00799830
v 0.01955797 0.13077323 0.00804002
v 0.01958149 0.13082501 0.00807204
v 0.01959628 0.13088530 0.00809216
v 0.01983349 0.13068618 0.00766855
v 0.02002117 0.13067935 0.00755550
v 0.02021101 0.13067245 0.00744115
v -0.01959628 0.13088530 0.00809216
v -0.01806314 0.13088530 0.00911062
v 0.01871154 0.13088530 0.00870446
v 0.01869789 0.13082501 0.00868355
v 0.01867619 0.13077323 0.00865027
v 0.01864790 0.13073350 0.00860690
v 0.01861496 0.13070853 0.00855640
v 0.01778950 0.13088530 0.00927257
v 0.01606645 0.13088530 0.01018249
v 0.01423035 0.13088530 0.01098018
v 0.01199234 0.13088530 0.01176326
v 0.00972935 0.13088530 0.01238111
v 0.00252203 0.13088530 0.01341975
v 0.00498792 0.13088530 0.01320869
v 0.00739233 0.13088530 0.01286217
v -0.00000000 0.13088530 0.01349148
v -0.00055534 0.13088530 0.01348801
v -0.00329992 0.13088530 0.01336844
v -0.01107334 0.13088530 0.01203358
v -0.00863719 0.13088530 0.01262456
v -0.00600061 0.13088530 0.01308022
v -0.01336768 0.13088530 0.01130440
v -0.01551179 0.13088530 0.01044022
v -0.01749328 0.13088530 0.00944204
v 0.01777694 0.13082501 0.00925098
v 0.01605566 0.13082501 0.01015996
v 0.01422121 0.13082501 0.01095693
v 0.01198496 0.13082501 0.01173940
v 0.00972356 0.13082501 0.01235682
v 0.00738804 0.13082501 0.01283757
v 0.00498508 0.13082501 0.01318388
v 0.00252061 0.13082501 0.01339481
v -0.00000000 0.13082501 0.01346651
v -0.00055503 0.13082501 0.01346304
v -0.00329805 0.13082501 0.01334354
v -0.00599716 0.13082501 0.01305549
v -0.00863211 0.13082501 0.01260011
v -0.01106662 0.13082501 0.01200953
v -0.01335924 0.13082501 0.01128089
v -0.01550153 0.13082501 0.01041745
v -0.01748104 0.13082501 0.00942027
v -0.01805027 0.13082501 0.00908922
v -0.01958149 0.13082501 0.00807204
v 0.01775695 0.13077323 0.00921665
v 0.01603850 0.13077323 0.01012413
v 0.01420667 0.13077323 0.01091996
v 0.01197321 0.13077323 0.01170144
v 0.00971434 0.13077323 0.01231817
v 0.00738121 0.13077323 0.01279843
v 0.00498055 0.13077323 0.01314440
v 0.00251835 0.13077323 0.01335515
v -0.00000000 0.13077323 0.01342678
v -0.00055454 0.13077323 0.01342331
v -0.00329508 0.13077323 0.01330392
v -0.00599168 0.13077323 0.01301614
v -0.00862403 0.13077323 0.01256121
v -0.01105594 0.13077323 0.01197126
v -0.01334582 0.13077323 0.01124349
v -0.01548520 0.13077323 0.01038123
v -0.01746157 0.13077323 0.00938564
v -0.01802978 0.13077323 0.00905517
v -0.01955797 0.13077323 0.00804002
v 0.01773090 0.13073350 0.00917190
v 0.01601614 0.13073350 0.01007743
v 0.01418772 0.13073350 0.01087178
v 0.01195791 0.13073350 0.01165198
v 0.00970233 0.13073350 0.01226781
v 0.00737232 0.13073350 0.01274742
v 0.00497466 0.13073350 0.01309296
v 0.00251540 0.13073350 0.01330346
v -0.00000000 0.13073350 0.01337500
v -0.00055389 0.13073350 0.01337154
v -0.00329122 0.13073350 0.01325229
v -0.00598454 0.13073350 0.01296486
v -0.00861351 0.13073350 0.01251051
v -0.01104201 0.13073350 0.01192139
v -0.01332833 0.13073350 0.01119476
v -0.01546392 0.13073350 0.01033403
v -0.01743620 0.13073350 0.00934050
v -0.01800309 0.13073350 0.00901081
v -0.01952731 0.13073350 0.00799830
v 0.01770056 0.13070853 0.00911979
v 0.01599010 0.13070853 0.01002304
v 0.01416565 0.13070853 0.01081567
v 0.01194009 0.13070853 0.01159438
v 0.00968835 0.13070853 0.01220916
v 0.00736196 0.13070853 0.01268803
v 0.00496779 0.13070853 0.01303306
v 0.00251196 0.13070853 0.01324326
v -0.00000000 0.13070853 0.01331470
v -0.00055314 0.13070853 0.01331125
v -0.00328671 0.13070853 0.01319216
v -0.00597623 0.13070853 0.01290514
v -0.00860125 0.13070853 0.01245148
v -0.01102579 0.13070853 0.01186332
v -0.01330797 0.13070853 0.01113801
v -0.01543913 0.13070853 0.01027907
v -0.01740665 0.13070853 0.00928794
v -0.01797201 0.13070853 0.00895914
v -0.01949160 0.13070853 0.00794971
v 0.02126746 0.13055848 0.00663161
v 0.02125603 0.13050564 0.00661707
v 0.01855811 0.13069374 0.00810347
v 0.01700171 0.13050562 0.00808917
v 0.01700356 0.13053070 0.00809613
v 0.01851670 0.13050564 0.00791998
v 0.01852077 0.13055848 0.00793802
v 0.01700233 0.13051464 0.00809152
v 0.01700175 0.13050699 0.00808933
v 0.01852733 0.13060588 0.00796707
v 0.01701377 0.13060227 0.00813445
v 0.01701023 0.13058318 0.00812116
v 0.01702966 0.13065798 0.00819395
v 0.01702484 0.13064472 0.00817590
v 0.01853604 0.13064547 0.00800568
v 0.01701984 0.13062556 0.00815719
v 0.01701462 0.13060553 0.00813763
v 0.01704948 0.13069140 0.00826790
v 0.01854648 0.13067525 0.00805192
v 0.01705002 0.13069203 0.00826990
v 0.01705194 0.13069300 0.00827703
v 0.01704411 0.13068521 0.00824788
v 0.01703798 0.13067365 0.00822498
v 0.01703351 0.13066523 0.00820831
v 0.01706566 0.13069997 0.00832805
v 0.02001707 0.13067525 0.00754332
v 0.01999671 0.13064547 0.00750051
v 0.01995897 0.13050564 0.00742117
v 0.01997971 0.13060588 0.00746477
v 0.01996691 0.13055848 0.00743787
v -0.01989664 0.13068388 0.00763051
v -0.02146952 0.13065589 0.00650256
v -0.02230066 0.13045404 0.00559036
v -0.02230062 0.13045368 0.00559041
v -0.02230057 0.13045331 0.00559046
v -0.02230053 0.13045294 0.00559052
v -0.02230048 0.13045257 0.00559057
v -0.02230044 0.13045221 0.00559062
v -0.02186455 0.13056375 0.00609066
v -0.02186275 0.13055330 0.00609162
v -0.02186062 0.13054290 0.00609227
v -0.02185817 0.13053255 0.00609261
v -0.02185539 0.13052228 0.00609263
v -0.02185231 0.13051211 0.00609235
v -0.02146544 0.13063652 0.00650332
v -0.02146030 0.13061740 0.00650296
v -0.02145413 0.13059864 0.00650147
v -0.02144696 0.13058037 0.00649887
v -0.02183177 0.13051462 0.00611236
v -0.02143884 0.13056269 0.00649518
v -0.02133357 0.13057253 0.00657764
v -0.02125897 0.13057950 0.00663608
v -0.02029867 0.13066926 0.00738835
v -0.02032474 0.13069376 0.00741559
v -0.02034130 0.13066527 0.00735495
v -0.02083897 0.13061876 0.00696510
v -0.02039533 0.13084399 0.00747485
v -0.02038402 0.13080091 0.00746864
v -0.02036812 0.13076067 0.00745639
v -0.02034814 0.13072456 0.00743852
v -0.02000506 0.13067994 0.00756520
v 0.01690161 0.13069149 0.00835128
v -0.01704411 0.13068521 0.00824788
v -0.01703351 0.13066523 0.00820831
v -0.01558901 0.13066651 0.00896176
v -0.01702484 0.13064472 0.00817590
v -0.01701984 0.13062556 0.00815719
v -0.01556669 0.13062678 0.00891505
v -0.01701377 0.13060227 0.00813445
v -0.01701023 0.13058318 0.00812116
v -0.01554956 0.13057501 0.00887920
v -0.01700175 0.13050699 0.00808933
v -0.01700356 0.13053070 0.00809613
v -0.01700233 0.13051464 0.00809152
v -0.01553879 0.13051471 0.00885667
v -0.01702966 0.13065798 0.00819395
v -0.01706566 0.13069997 0.00832805
v -0.01561501 0.13069149 0.00901617
v -0.01705002 0.13069203 0.00826990
v -0.01704948 0.13069140 0.00826790
v 0.01687220 0.13066651 0.00829864
v 0.01684694 0.13062678 0.00825344
v 0.01682756 0.13057501 0.00821876
v 0.01681538 0.13051471 0.00819696
v -0.00950571 0.13051471 0.01093594
v -0.01170240 0.13051471 0.01033953
v -0.01373942 0.13051471 0.00963276
v -0.00722973 0.13051471 0.01140039
v -0.00488227 0.13051471 0.01173510
v -0.00247027 0.13051471 0.01193912
v -0.00000000 0.13051471 0.01200852
v 0.00057592 0.13051471 0.01200476
v 0.00329185 0.13051471 0.01188500
v 0.00595850 0.13051471 0.01159892
v 0.00855250 0.13051471 0.01114823
v 0.01060597 0.13051471 0.01065682
v 0.01284267 0.13051471 0.00996408
v 0.01491695 0.13051471 0.00914325
v 0.01492709 0.13057501 0.00916608
v 0.01285094 0.13057501 0.00998764
v 0.01061250 0.13057501 0.01068093
v 0.00855761 0.13057501 0.01117267
v 0.00596196 0.13057501 0.01162365
v 0.00329372 0.13057501 0.01190990
v 0.00057625 0.13057501 0.01202973
v -0.00000000 0.13057501 0.01203349
v -0.00247167 0.13057501 0.01196405
v -0.00488509 0.13057501 0.01175991
v -0.00723398 0.13057501 0.01142500
v -0.00951146 0.13057501 0.01096024
v -0.01170976 0.13057501 0.01036340
v -0.01374846 0.13057501 0.00965604
v 0.01494322 0.13062678 0.00920238
v 0.01286410 0.13062678 0.01002513
v 0.01062290 0.13062678 0.01071927
v 0.00856574 0.13062678 0.01121156
v 0.00596746 0.13062678 0.01166300
v 0.00329671 0.13062678 0.01194952
v 0.00057676 0.13062678 0.01206946
v -0.00000000 0.13062678 0.01207322
v -0.00247391 0.13062678 0.01200372
v -0.00488956 0.13062678 0.01179939
v -0.00724074 0.13062678 0.01146415
v -0.00952061 0.13062678 0.01099890
v -0.01172146 0.13062678 0.01040136
v -0.01376285 0.13062678 0.00969308
v 0.01496425 0.13066651 0.00924970
v 0.01288125 0.13066651 0.01007398
v 0.01063644 0.13066651 0.01076925
v 0.00857633 0.13066651 0.01126225
v 0.00597464 0.13066651 0.01171428
v 0.00330061 0.13066651 0.01200115
v 0.00057744 0.13066651 0.01212123
v -0.00000000 0.13066651 0.01212500
v -0.00247682 0.13066651 0.01205542
v -0.00489539 0.13066651 0.01185084
v -0.00724955 0.13066651 0.01151517
v -0.00953254 0.13066651 0.01104929
v -0.01173672 0.13066651 0.01045084
v -0.01378160 0.13066651 0.00974134
v 0.01498874 0.13069149 0.00930480
v 0.01290123 0.13069149 0.01013087
v 0.01065222 0.13069149 0.01082744
v 0.00858866 0.13069149 0.01132127
v 0.00598299 0.13069149 0.01177399
v 0.00330514 0.13069149 0.01206128
v 0.00057823 0.13069149 0.01218152
v -0.00000000 0.13069149 0.01218530
v -0.00248021 0.13069149 0.01211562
v -0.00490218 0.13069149 0.01191075
v -0.00725981 0.13069149 0.01157458
v -0.00954643 0.13069149 0.01110796
v -0.01175448 0.13069149 0.01050846
v -0.01380344 0.13069149 0.00979754
v -0.01850448 0.13062678 0.00799132
v -0.01997109 0.13062678 0.00748953
v -0.01995405 0.13057101 0.00745351
v -0.01849049 0.13051471 0.00792815
v -0.01851568 0.13066651 0.00804187
v -0.01852872 0.13069149 0.00810074
v -0.01849589 0.13057501 0.00795253
v -0.02125024 0.13051471 0.00662447
v -0.01999320 0.13066651 0.00753634
v -0.01994345 0.13051471 0.00743102
v 0.01989664 0.13068388 -0.00763051
v 0.01949160 0.13070853 -0.00794971
v 0.02034130 0.13066527 -0.00735495
v 0.02029867 0.13066926 -0.00738835
v 0.02032474 0.13069376 -0.00741559
v 0.02186455 0.13056375 -0.00609066
v 0.02230066 0.13045404 -0.00559036
v 0.02230062 0.13045368 -0.00559041
v 0.02230057 0.13045331 -0.00559046
v 0.02230053 0.13045294 -0.00559052
v 0.02230048 0.13045257 -0.00559057
v 0.02230044 0.13045221 -0.00559062
v 0.02186275 0.13055330 -0.00609162
v 0.02186062 0.13054290 -0.00609227
v 0.02185817 0.13053255 -0.00609261
v 0.02185539 0.13052228 -0.00609263
v 0.02185231 0.13051211 -0.00609235
v 0.02146952 0.13065589 -0.00650256
v 0.02146544 0.13063652 -0.00650332
v 0.02146030 0.13061740 -0.00650296
v 0.02145413 0.13059864 -0.00650147
v 0.02144696 0.13058037 -0.00649887
v 0.02183177 0.13051462 -0.00611236
v 0.02083897 0.13061876 -0.00696510
v 0.02143884 0.13056269 -0.00649518
v 0.02133357 0.13057253 -0.00657764
v 0.02125897 0.13057950 -0.00663608
v 0.02039533 0.13084399 -0.00747485
v 0.02038402 0.13080091 -0.00746864
v 0.02036812 0.13076067 -0.00745639
v 0.02034814 0.13072456 -0.00743852
v 0.02000506 0.13067994 -0.00756520
v 0.01959628 0.13088530 -0.00809216
v 0.01958149 0.13082501 -0.00807204
v 0.01955797 0.13077323 -0.00804002
v 0.01952731 0.13073350 -0.00799830
v 0.01850448 0.13062678 -0.00799132
v 0.01997109 0.13062678 -0.00748953
v 0.01995405 0.13057101 -0.00745351
v 0.01702966 0.13065798 -0.00819395
v 0.01703498 0.13066995 -0.00821382
v 0.01851568 0.13066651 -0.00804187
v 0.01706566 0.13069997 -0.00832805
v 0.01852872 0.13069149 -0.00810074
v 0.01705002 0.13069203 -0.00826990
v 0.01704950 0.13069126 -0.00826796
v 0.01700585 0.13055248 -0.00810471
v 0.01700930 0.13057416 -0.00811766
v 0.01849589 0.13057501 -0.00795253
v 0.01701377 0.13060227 -0.00813445
v 0.01701765 0.13061954 -0.00814899
v 0.01700033 0.13047470 -0.00808397
v 0.01700262 0.13051442 -0.00809259
v 0.01849049 0.13051471 -0.00792815
v 0.01700356 0.13053070 -0.00809613
v 0.02125024 0.13051471 -0.00662447
v 0.01999320 0.13066651 -0.00753634
v 0.01701968 0.13062603 -0.00815658
v 0.01994345 0.13051471 -0.00743102
v -0.01959628 0.13088530 -0.00809216
v -0.01958149 0.13082501 -0.00807204
v -0.01871154 0.13088530 -0.00870446
v -0.01955797 0.13077323 -0.00804002
v -0.01869789 0.13082501 -0.00868355
v -0.01952731 0.13073350 -0.00799830
v -0.01867619 0.13077323 -0.00865027
v -0.01949160 0.13070853 -0.00794971
v -0.01864790 0.13073350 -0.00860690
v -0.01861496 0.13070853 -0.00855640
v -0.01778950 0.13088530 -0.00927257
v -0.01606645 0.13088530 -0.01018249
v -0.01423035 0.13088530 -0.01098018
v -0.01199234 0.13088530 -0.01176326
v -0.00972935 0.13088530 -0.01238111
v -0.00739233 0.13088530 -0.01286217
v -0.00498792 0.13088530 -0.01320869
v -0.00252203 0.13088530 -0.01341975
v 0.00000000 0.13088530 -0.01349148
v 0.00863719 0.13088530 -0.01262456
v 0.00600061 0.13088530 -0.01308022
v 0.00055534 0.13088530 -0.01348801
v 0.00329992 0.13088530 -0.01336844
v 0.01107334 0.13088530 -0.01203358
v 0.01336768 0.13088530 -0.01130440
v 0.01551179 0.13088530 -0.01044022
v 0.01749328 0.13088530 -0.00944204
v 0.01806314 0.13088530 -0.00911062
v -0.01777694 0.13082501 -0.00925098
v -0.01605566 0.13082501 -0.01015996
v -0.01422121 0.13082501 -0.01095693
v -0.01198496 0.13082501 -0.01173940
v -0.00972356 0.13082501 -0.01235682
v -0.00738804 0.13082501 -0.01283757
v -0.00498508 0.13082501 -0.01318388
v -0.00252061 0.13082501 -0.01339481
v 0.00000000 0.13082501 -0.01346651
v 0.00055503 0.13082501 -0.01346304
v 0.00329805 0.13082501 -0.01334354
v 0.00599716 0.13082501 -0.01305549
v 0.00863211 0.13082501 -0.01260011
v 0.01106662 0.13082501 -0.01200953
v 0.01335924 0.13082501 -0.01128089
v 0.01550153 0.13082501 -0.01041745
v 0.01748104 0.13082501 -0.00942027
v 0.01805027 0.13082501 -0.00908922
v -0.01775695 0.13077323 -0.00921665
v -0.01603850 0.13077323 -0.01012413
v -0.01420667 0.13077323 -0.01091996
v -0.01197321 0.13077323 -0.01170144
v -0.00971434 0.13077323 -0.01231817
v -0.00738121 0.13077323 -0.01279843
v -0.00498055 0.13077323 -0.01314440
v -0.00251835 0.13077323 -0.01335515
v 0.00000000 0.13077323 -0.01342678
v 0.00055454 0.13077323 -0.01342331
v 0.00329508 0.13077323 -0.01330392
v 0.00599168 0.13077323 -0.01301614
v 0.00862403 0.13077323 -0.01256121
v 0.01105594 0.13077323 -0.01197126
v 0.01334582 0.13077323 -0.01124349
v 0.01548520 0.13077323 -0.01038123
v 0.01746157 0.13077323 -0.00938564
v 0.01802978 0.13077323 -0.00905517
v -0.01773090 0.13073350 -0.00917190
v -0.01601614 0.13073350 -0.01007743
v -0.01418772 0.13073350 -0.01087178
v -0.01195791 0.13073350 -0.01165198
v -0.00970233 0.13073350 -0.01226781
v -0.00737232 0.13073350 -0.01274742
v -0.00497466 0.13073350 -0.01309296
v -0.00251540 0.13073350 -0.01330346
v 0.00000000 0.13073350 -0.01337500
v 0.00055389 0.13073350 -0.01337154
v 0.00329122 0.13073350 -0.01325229
v 0.00598454 0.13073350 -0.01296486
v 0.00861351 0.13073350 -0.01251051
v 0.01104201 0.13073350 -0.01192139
v 0.01332833 0.13073350 -0.01119476
v 0.01546392 0.13073350 -0.01033403
v 0.01743620 0.13073350 -0.00934050
v 0.01800309 0.13073350 -0.00901081
v -0.01770056 0.13070853 -0.00911979
v -0.01599010 0.13070853 -0.01002304
v -0.01416565 0.13070853 -0.01081567
v -0.01194009 0.13070853 -0.01159438
v -0.00968835 0.13070853 -0.01220916
v -0.00736196 0.13070853 -0.01268803
v -0.00496779 0.13070853 -0.01303306
v -0.00251196 0.13070853 -0.01324326
v 0.00000000 0.13070853 -0.01331470
v 0.00055314 0.13070853 -0.01331125
v 0.00328671 0.13070853 -0.01319216
v 0.00597623 0.13070853 -0.01290514
v 0.00860125 0.13070853 -0.01245148
v 0.01102579 0.13070853 -0.01186332
v 0.01330797 0.13070853 -0.01113801
v 0.01543913 0.13070853 -0.01027907
v 0.01740665 0.13070853 -0.00928794
v 0.01797201 0.13070853 -0.00895914
v 0.01701968 0.13062603 -0.00815658
v 0.01556669 0.13062678 -0.00891505
v -0.01702966 0.13065798 -0.00819395
v -0.01703498 0.13066995 -0.00821382
v -0.01687220 0.13066651 -0.00829864
v -0.01704950 0.13069126 -0.00826796
v -0.01705002 0.13069203 -0.00826990
v -0.01690161 0.13069149 -0.00835128
v -0.01705194 0.13069300 -0.00827703
v -0.01706566 0.13069997 -0.00832805
v -0.01701765 0.13061954 -0.00814899
v -0.01701968 0.13062603 -0.00815658
v -0.01684694 0.13062678 -0.00825344
v -0.01702537 0.13064424 -0.00817787
v -0.01700675 0.13055813 -0.00810809
v -0.01700930 0.13057416 -0.00811766
v -0.01682756 0.13057501 -0.00821876
v -0.01701377 0.13060227 -0.00813445
v -0.01700209 0.13050529 -0.00809061
v -0.01700262 0.13051442 -0.00809259
v -0.01681538 0.13051471 -0.00819696
v -0.01700356 0.13053070 -0.00809613
v -0.01700585 0.13055248 -0.00810471
v -0.01700033 0.13047470 -0.00808397
v 0.01553879 0.13051471 -0.00885667
v 0.01554956 0.13057501 -0.00887920
v 0.01561501 0.13069149 -0.00901617
v 0.00950571 0.13051471 -0.01093594
v 0.01170240 0.13051471 -0.01033953
v 0.01373942 0.13051471 -0.00963276
v 0.00722973 0.13051471 -0.01140039
v 0.00488227 0.13051471 -0.01173510
v 0.00247027 0.13051471 -0.01193912
v 0.00000000 0.13051471 -0.01200852
v -0.00057592 0.13051471 -0.01200476
v -0.00329185 0.13051471 -0.01188500
v -0.00595850 0.13051471 -0.01159892
v -0.00855250 0.13051471 -0.01114823
v -0.01060597 0.13051471 -0.01065682
v -0.01284267 0.13051471 -0.00996408
v -0.01491695 0.13051471 -0.00914325
v -0.01492709 0.13057501 -0.00916608
v -0.01285094 0.13057501 -0.00998764
v -0.01061250 0.13057501 -0.01068093
v -0.00855761 0.13057501 -0.01117267
v -0.00596196 0.13057501 -0.01162365
v -0.00329372 0.13057501 -0.01190990
v -0.00057625 0.13057501 -0.01202973
v 0.00000000 0.13057501 -0.01203349
v 0.00247167 0.13057501 -0.01196405
v 0.00488509 0.13057501 -0.01175991
v 0.00723398 0.13057501 -0.01142500
v 0.00951146 0.13057501 -0.01096024
v 0.01170976 0.13057501 -0.01036340
v 0.01374846 0.13057501 -0.00965604
v -0.01494322 0.13062678 -0.00920238
v -0.01286410 0.13062678 -0.01002513
v -0.01062290 0.13062678 -0.01071927
v -0.00856574 0.13062678 -0.01121156
v -0.00596746 0.13062678 -0.01166300
v -0.00329671 0.13062678 -0.01194952
v -0.00057676 0.13062678 -0.01206946
v 0.00000000 0.13062678 -0.01207322
v 0.00247391 0.13062678 -0.01200372
v 0.00488956 0.13062678 -0.01179939
v 0.00724074 0.13062678 -0.01146415
v 0.00952061 0.13062678 -0.01099890
v 0.01172146 0.13062678 -0.01040136
v 0.01376285 0.13062678 -0.00969308
v -0.01496425 0.13066651 -0.00924970
v -0.01288125 0.13066651 -0.01007398
v -0.01063644 0.13066651 -0.01076925
v -0.00857633 0.13066651 -0.01126225
v -0.00597464 0.13066651 -0.01171428
v -0.00330061 0.13066651 -0.01200115
v -0.00057744 0.13066651 -0.01212123
v 0.00000000 0.13066651 -0.01212500
v 0.00247682 0.13066651 -0.01205542
v 0.00489539 0.13066651 -0.01185084
v 0.00724955 0.13066651 -0.01151517
v 0.00953254 0.13066651 -0.01104929
v 0.01173672 0.13066651 -0.01045084
v 0.01378160 0.13066651 -0.00974134
v 0.01558901 0.13066651 -0.00896176
v -0.01498874 0.13069149 -0.00930480
v -0.01290123 0.13069149 -0.01013087
v -0.01065222 0.13069149 -0.01082744
v -0.00858866 0.13069149 -0.01132127
v -0.00598299 0.13069149 -0.01177399
v -0.00330514 0.13069149 -0.01206128
v -0.00057823 0.13069149 -0.01218152
v 0.00000000 0.13069149 -0.01218530
v 0.00248021 0.13069149 -0.01211562
v 0.00490218 0.13069149 -0.01191075
v 0.00725981 0.13069149 -0.01157458
v 0.00954643 0.13069149 -0.01110796
v 0.01175448 0.13069149 -0.01050846
v 0.01380344 0.13069149 -0.00979754
v -0.02147474 0.13055830 -0.00646020
v -0.02185231 0.13051211 -0.00609235
v -0.02185539 0.13052228 -0.00609263
v -0.02230053 0.13045294 -0.00559052
v -0.02230048 0.13045257 -0.00559057
v -0.02230057 0.13045331 -0.00559046
v -0.02190158 0.13050552 -0.00603718
v -0.02230044 0.13045221 -0.00559062
v -0.02186455 0.13056375 -0.00609066
v -0.02230062 0.13045368 -0.00559041
v -0.02230066 0.13045404 -0.00559036
v -0.02185817 0.13053255 -0.00609261
v -0.02186062 0.13054290 -0.00609227
v -0.02186275 0.13055330 -0.00609162
v -0.02146952 0.13065589 -0.00650256
v -0.02146544 0.13063652 -0.00650332
v -0.02146030 0.13061740 -0.00650296
v -0.02145413 0.13059864 -0.00650147
v -0.02144696 0.13058037 -0.00649887
v -0.02032474 0.13069376 -0.00741559
v -0.02029867 0.13066926 -0.00738835
v -0.02062594 0.13063867 -0.00713197
v -0.02105142 0.13059890 -0.00679867
v -0.02125897 0.13057950 -0.00663608
v -0.02143884 0.13056269 -0.00649518
v -0.02034814 0.13072456 -0.00743852
v -0.02036812 0.13076067 -0.00745639
v -0.02038402 0.13080091 -0.00746864
v -0.02039533 0.13084399 -0.00747485
v -0.01983349 0.13068618 -0.00766855
v -0.02000506 0.13067994 -0.00756520
v -0.02021101 0.13067245 -0.00744115
v -0.02126026 0.13055848 -0.00663725
v -0.02124886 0.13050564 -0.00662270
v -0.01853068 0.13069374 -0.00810960
v -0.02000026 0.13067525 -0.00755129
v -0.01998002 0.13064547 -0.00750843
v -0.01849000 0.13050564 -0.00792595
v -0.01849400 0.13055848 -0.00794400
v -0.01850044 0.13060588 -0.00797308
v -0.01851925 0.13067525 -0.00805801
v -0.01850900 0.13064547 -0.00801173
v -0.01994249 0.13050564 -0.00742898
v -0.01996311 0.13060588 -0.00747263
v -0.01995038 0.13055848 -0.00744570
v 0.01850780 0.12789438 0.00792198
v 0.01994249 0.12789438 0.00742898
v 0.01706566 0.12770005 0.00832805
v 0.01854897 0.12770628 0.00810552
v 0.01703498 0.12773006 0.00821382
v 0.01704950 0.12770875 0.00826796
v 0.01853741 0.12772477 0.00805396
v 0.01705002 0.12770799 0.00826990
v 0.01705194 0.12770702 0.00827703
v 0.01702966 0.12774204 0.00819395
v 0.01852703 0.12775455 0.00800771
v 0.01702537 0.12775578 0.00817787
v 0.01701968 0.12777398 0.00815658
v 0.01851837 0.12779414 0.00796909
v 0.01701765 0.12778048 0.00814899
v 0.01851185 0.12784154 0.00794002
v 0.01700930 0.12782586 0.00811766
v 0.01701377 0.12779775 0.00813445
v 0.01700209 0.12789472 0.00809061
v 0.01700262 0.12788559 0.00809259
v 0.01700356 0.12786932 0.00809613
v 0.01700585 0.12784754 0.00810471
v 0.01700675 0.12784189 0.00810809
v 0.01700033 0.12792531 0.00808397
v 0.02123448 0.12789438 0.00663393
v 0.02232194 0.12789451 0.00557603
v 0.02232287 0.12788530 0.00557680
v 0.02124585 0.12784154 0.00664851
v 0.02234217 0.12782501 0.00559266
v 0.02126416 0.12779414 0.00667201
v 0.02235971 0.12779541 0.00560708
v 0.02128849 0.12775455 0.00670323
v 0.02237285 0.12777323 0.00561789
v 0.02241285 0.12773350 0.00565078
v 0.02131763 0.12772477 0.00674062
v 0.02242613 0.12772638 0.00566170
v 0.02245942 0.12770853 0.00568907
v 0.02135010 0.12770628 0.00678230
v 0.02246653 0.12770731 0.00569492
v 0.01995038 0.12784154 0.00744570
v 0.01996311 0.12779414 0.00747263
v 0.01998002 0.12775455 0.00750843
v 0.02000026 0.12772477 0.00755129
v 0.02002283 0.12770628 0.00759906
v 0.02308497 0.12782501 0.00458308
v 0.02232287 0.12788530 -0.00557680
v 0.02234217 0.12782501 -0.00559266
v 0.02288448 0.12788530 -0.00483599
v 0.02355519 0.12788530 -0.00373133
v 0.02405281 0.12788530 -0.00259313
v 0.02416391 0.12788530 -0.00225759
v 0.02441749 0.12788530 -0.00116330
v 0.02450832 0.12788530 -0.00005501
v 0.02450172 0.12788530 0.00031819
v 0.02437489 0.12788530 0.00140885
v 0.02408982 0.12788530 0.00248656
v 0.02366304 0.12788530 0.00351787
v 0.02306405 0.12788530 0.00456943
v 0.02316163 0.12773350 0.00463306
v 0.02321213 0.12770853 0.00466599
v 0.02376767 0.12773350 0.00356906
v 0.02382183 0.12770853 0.00359556
v 0.02420011 0.12773350 0.00252402
v 0.02425720 0.12770853 0.00254342
v 0.02448932 0.12773350 0.00143061
v 0.02454856 0.12770853 0.00144188
v 0.02461809 0.12773350 0.00032316
v 0.02467834 0.12770853 0.00032574
v 0.02462479 0.12773350 -0.00005588
v 0.02468509 0.12770853 -0.00005632
v 0.02453257 0.12773350 -0.00118134
v 0.02459214 0.12770853 -0.00119068
v 0.02427525 0.12773350 -0.00229182
v 0.02433288 0.12770853 -0.00230954
v 0.02416259 0.12773350 -0.00263208
v 0.02421941 0.12770853 -0.00265225
v 0.02365848 0.12773350 -0.00378518
v 0.02371194 0.12770853 -0.00381305
v 0.02298010 0.12773350 -0.00490250
v 0.02302960 0.12770853 -0.00493693
v 0.02245942 0.12770853 -0.00568907
v 0.02368548 0.12782501 0.00352885
v 0.02411347 0.12782501 0.00249459
v 0.02439943 0.12782501 0.00141351
v 0.02452667 0.12782501 0.00031925
v 0.02453329 0.12782501 -0.00005520
v 0.02444217 0.12782501 -0.00116717
v 0.02418778 0.12782501 -0.00226493
v 0.02407635 0.12782501 -0.00260149
v 0.02357734 0.12782501 -0.00374288
v 0.02290498 0.12782501 -0.00485025
v 0.02237285 0.12777323 -0.00561789
v 0.02311825 0.12777323 0.00460478
v 0.02372117 0.12777323 0.00354631
v 0.02415109 0.12777323 0.00250737
v 0.02443846 0.12777323 0.00142094
v 0.02456637 0.12777323 0.00032095
v 0.02457302 0.12777323 -0.00005549
v 0.02448142 0.12777323 -0.00117332
v 0.02422575 0.12777323 -0.00227660
v 0.02411379 0.12777323 -0.00261477
v 0.02361257 0.12777323 -0.00376124
v 0.02293760 0.12777323 -0.00487294
v 0.02241285 0.12773350 -0.00565078
v 0.01556668 0.12777323 0.00891505
v -0.01701765 0.12778048 0.00814899
v -0.01701968 0.12777398 0.00815658
v -0.01548927 0.12777323 0.00895188
v -0.01702966 0.12774204 0.00819395
v -0.01703498 0.12773006 0.00821382
v -0.01551143 0.12773350 0.00899867
v -0.01706566 0.12770005 0.00832805
v -0.01553724 0.12770853 0.00905316
v -0.01705002 0.12770799 0.00826990
v -0.01704950 0.12770875 0.00826796
v -0.01700585 0.12784754 0.00810471
v -0.01700930 0.12782586 0.00811766
v -0.01547227 0.12782501 0.00891597
v -0.01701377 0.12779775 0.00813445
v -0.01700033 0.12792531 0.00808397
v -0.01700262 0.12788559 0.00809259
v -0.01546158 0.12788530 0.00889340
v -0.01700356 0.12786932 0.00809613
v 0.01553878 0.12788530 0.00885667
v 0.01554955 0.12782501 0.00887920
v 0.01561501 0.12770853 0.00901617
v 0.01373942 0.12788530 0.00963276
v 0.01170238 0.12788530 0.01033954
v 0.00950568 0.12788530 0.01093594
v 0.00722970 0.12788530 0.01140039
v 0.00488225 0.12788530 0.01173510
v 0.00247024 0.12788530 0.01193912
v -0.00000000 0.12788530 0.01200852
v -0.00239935 0.12788530 0.01194306
v -0.00374153 0.12788530 0.01184871
v -0.00637814 0.12788530 0.01153798
v -0.00892358 0.12788530 0.01106873
v -0.01135632 0.12788530 0.01044411
v -0.01365523 0.12788530 0.00966532
v -0.01366420 0.12782501 0.00968862
v -0.01136341 0.12782501 0.01046806
v -0.00892894 0.12782501 0.01109312
v -0.00638186 0.12782501 0.01156268
v -0.00374367 0.12782501 0.01187359
v -0.00240072 0.12782501 0.01196800
v -0.00000000 0.12782501 0.01203349
v 0.00247165 0.12782501 0.01196406
v 0.00488506 0.12782501 0.01175992
v 0.00723395 0.12782501 0.01142500
v 0.00951144 0.12782501 0.01096025
v 0.01170974 0.12782501 0.01036340
v 0.01374846 0.12782501 0.00965604
v -0.01367847 0.12777323 0.00972570
v -0.01137469 0.12777323 0.01050615
v -0.00893746 0.12777323 0.01113193
v -0.00638777 0.12777323 0.01160196
v -0.00374708 0.12777323 0.01191317
v -0.00240289 0.12777323 0.01200766
v -0.00000000 0.12777323 0.01207322
v 0.00247388 0.12777323 0.01200372
v 0.00488953 0.12777323 0.01179940
v 0.00724071 0.12777323 0.01146415
v 0.00952059 0.12777323 0.01099891
v 0.01172144 0.12777323 0.01040137
v 0.01376285 0.12777323 0.00969308
v -0.01369706 0.12773350 0.00977402
v -0.01138939 0.12773350 0.01055580
v -0.00894856 0.12773350 0.01118250
v -0.00639548 0.12773350 0.01165316
v -0.00375151 0.12773350 0.01196476
v -0.00240572 0.12773350 0.01205936
v -0.00000000 0.12773350 0.01212500
v 0.00247680 0.12773350 0.01205542
v 0.00489536 0.12773350 0.01185084
v 0.00724953 0.12773350 0.01151517
v 0.00953252 0.12773350 0.01104929
v 0.01173669 0.12773350 0.01045085
v 0.01378160 0.12773350 0.00974134
v 0.01558901 0.12773350 0.00896177
v -0.01371872 0.12770853 0.00983030
v -0.01140651 0.12770853 0.01061361
v -0.00896149 0.12770853 0.01124139
v -0.00640446 0.12770853 0.01171279
v -0.00375668 0.12770853 0.01202483
v -0.00240901 0.12770853 0.01211957
v -0.00000000 0.12770853 0.01218530
v 0.00248019 0.12770853 0.01211562
v 0.00490215 0.12770853 0.01191075
v 0.00725979 0.12770853 0.01157459
v 0.00954641 0.12770853 0.01110797
v 0.01175445 0.12770853 0.01050847
v 0.01380344 0.12770853 0.00979754
v 0.01848158 0.12788530 -0.00793012
v 0.01700233 0.12788538 -0.00809152
v 0.01700175 0.12789302 -0.00808933
v 0.01700356 0.12786932 -0.00809613
v 0.01848694 0.12782501 -0.00795451
v 0.01701023 0.12781683 -0.00812116
v 0.01701377 0.12779775 -0.00813445
v 0.01849549 0.12777323 -0.00799331
v 0.01701984 0.12777446 -0.00815719
v 0.01850662 0.12773350 -0.00804387
v 0.01702966 0.12774204 -0.00819395
v 0.01702484 0.12775529 -0.00817590
v 0.01851958 0.12770853 -0.00810276
v 0.01704411 0.12771480 -0.00824788
v 0.01703351 0.12773478 -0.00820831
v 0.01706566 0.12770005 -0.00832805
v 0.01705002 0.12770799 -0.00826990
v 0.01704948 0.12770861 -0.00826790
v 0.01992694 0.12788530 -0.00743879
v 0.02122867 0.12788530 -0.00664131
v 0.01993755 0.12782501 -0.00746140
v 0.01995442 0.12777323 -0.00749737
v 0.01997641 0.12773350 -0.00754424
v 0.02000202 0.12770853 -0.00759883
v 0.02124399 0.12782501 -0.00666103
v 0.02126837 0.12777323 -0.00669240
v 0.02130014 0.12773350 -0.00673328
v 0.02133714 0.12770853 -0.00678089
v -0.02232287 0.12788530 0.00557680
v -0.01848158 0.12788530 0.00793012
v -0.01848694 0.12782501 0.00795451
v -0.01849549 0.12777323 0.00799331
v -0.01851958 0.12770853 0.00810276
v -0.01850662 0.12773350 0.00804387
v -0.01701968 0.12777398 0.00815658
v -0.01992694 0.12788530 0.00743879
v -0.02122867 0.12788530 0.00664131
v -0.01993755 0.12782501 0.00746140
v -0.01995442 0.12777323 0.00749737
v -0.01997641 0.12773350 0.00754424
v -0.02000202 0.12770853 0.00759883
v -0.02124399 0.12782501 0.00666103
v -0.02126837 0.12777323 0.00669240
v -0.02130014 0.12773350 0.00673328
v -0.02133714 0.12770853 0.00678089
v -0.02234217 0.12782501 0.00559266
v -0.02237285 0.12777323 0.00561789
v -0.02241285 0.12773350 0.00565078
v -0.02245942 0.12770853 0.00568907
v 0.01546158 0.12788530 -0.00889340
v 0.01547227 0.12782501 -0.00891597
v 0.01551143 0.12773350 -0.00899867
v -0.01703798 0.12772637 -0.00822498
v -0.01703351 0.12773478 -0.00820831
v -0.01558901 0.12773350 -0.00896177
v -0.01700171 0.12789440 -0.00808917
v -0.01700175 0.12789302 -0.00808933
v -0.01701023 0.12781683 -0.00812116
v -0.01700700 0.12784227 -0.00810903
v -0.01553878 0.12788530 -0.00885667
v -0.01700356 0.12786932 -0.00809613
v -0.01700233 0.12788538 -0.00809152
v -0.01702966 0.12774204 -0.00819395
v -0.01702509 0.12775459 -0.00817686
v -0.01556668 0.12777323 -0.00891505
v -0.01702484 0.12775529 -0.00817590
v -0.01701984 0.12777446 -0.00815719
v -0.01704411 0.12771480 -0.00824788
v -0.01706566 0.12770005 -0.00832805
v -0.01705194 0.12770702 -0.00827703
v -0.01561501 0.12770853 -0.00901617
v -0.01705002 0.12770799 -0.00826990
v -0.01704948 0.12770861 -0.00826790
v 0.01553724 0.12770853 -0.00905316
v 0.01548927 0.12777323 -0.00895188
v -0.01373942 0.12788530 -0.00963276
v -0.01170238 0.12788530 -0.01033954
v -0.00950568 0.12788530 -0.01093594
v -0.00722970 0.12788530 -0.01140039
v -0.00488225 0.12788530 -0.01173510
v -0.00247024 0.12788530 -0.01193912
v 0.00000000 0.12788530 -0.01200852
v 0.00239935 0.12788530 -0.01194306
v 0.00374153 0.12788530 -0.01184871
v 0.00637814 0.12788530 -0.01153798
v 0.00892358 0.12788530 -0.01106873
v 0.01135632 0.12788530 -0.01044411
v 0.01365523 0.12788530 -0.00966532
v 0.01366420 0.12782501 -0.00968862
v 0.01136341 0.12782501 -0.01046806
v 0.00892894 0.12782501 -0.01109312
v 0.00638186 0.12782501 -0.01156268
v 0.00374367 0.12782501 -0.01187359
v 0.00240072 0.12782501 -0.01196800
v 0.00000000 0.12782501 -0.01203349
v -0.00247165 0.12782501 -0.01196406
v -0.00488506 0.12782501 -0.01175992
v -0.00723395 0.12782501 -0.01142500
v -0.00951144 0.12782501 -0.01096025
v -0.01170974 0.12782501 -0.01036340
v -0.01374846 0.12782501 -0.00965604
v -0.01554955 0.12782501 -0.00887920
v -0.01701377 0.12779775 -0.00813445
v 0.01367847 0.12777323 -0.00972570
v 0.01137469 0.12777323 -0.01050615
v 0.00893746 0.12777323 -0.01113193
v 0.00638777 0.12777323 -0.01160196
v 0.00374708 0.12777323 -0.01191317
v 0.00240289 0.12777323 -0.01200766
v 0.00000000 0.12777323 -0.01207322
v -0.00247388 0.12777323 -0.01200372
v -0.00488953 0.12777323 -0.01179940
v -0.00724071 0.12777323 -0.01146415
v -0.00952059 0.12777323 -0.01099891
v -0.01172144 0.12777323 -0.01040137
v -0.01376285 0.12777323 -0.00969308
v 0.01369706 0.12773350 -0.00977402
v 0.01138939 0.12773350 -0.01055580
v 0.00894856 0.12773350 -0.01118250
v 0.00639548 0.12773350 -0.01165316
v 0.00375151 0.12773350 -0.01196476
v 0.00240572 0.12773350 -0.01205936
v 0.00000000 0.12773350 -0.01212500
v -0.00247680 0.12773350 -0.01205542
v -0.00489536 0.12773350 -0.01185084
v -0.00724953 0.12773350 -0.01151517
v -0.00953252 0.12773350 -0.01104929
v -0.01173669 0.12773350 -0.01045085
v -0.01378160 0.12773350 -0.00974134
v 0.01371872 0.12770853 -0.00983030
v 0.01140651 0.12770853 -0.01061361
v 0.00896149 0.12770853 -0.01124139
v 0.00640446 0.12770853 -0.01171279
v 0.00375668 0.12770853 -0.01202483
v 0.00240901 0.12770853 -0.01211957
v 0.00000000 0.12770853 -0.01218530
v -0.00248019 0.12770853 -0.01211562
v -0.00490215 0.12770853 -0.01191075
v -0.00725979 0.12770853 -0.01157459
v -0.00954641 0.12770853 -0.01110797
v -0.01175445 0.12770853 -0.01050847
v -0.01380344 0.12770853 -0.00979754
v -0.02306405 0.12788530 -0.00456943
v -0.02366304 0.12788530 -0.00351787
v -0.02288448 0.12788530 0.00483599
v -0.02355519 0.12788530 0.00373133
v -0.02405281 0.12788530 0.00259313
v -0.02416391 0.12788530 0.00225759
v -0.02441749 0.12788530 0.00116330
v -0.02450832 0.12788530 0.00005501
v -0.02450172 0.12788530 -0.00031819
v -0.02437489 0.12788530 -0.00140885
v -0.02408982 0.12788530 -0.00248656
v -0.02308497 0.12782501 -0.00458308
v -0.02368548 0.12782501 -0.00352885
v -0.02411347 0.12782501 -0.00249459
v -0.02439943 0.12782501 -0.00141351
v -0.02452667 0.12782501 -0.00031925
v -0.02453329 0.12782501 0.00005520
v -0.02444217 0.12782501 0.00116717
v -0.02418778 0.12782501 0.00226493
v -0.02407635 0.12782501 0.00260149
v -0.02357734 0.12782501 0.00374288
v -0.02290498 0.12782501 0.00485025
v -0.02311825 0.12777323 -0.00460478
v -0.02372117 0.12777323 -0.00354631
v -0.02415109 0.12777323 -0.00250737
v -0.02443846 0.12777323 -0.00142094
v -0.02456637 0.12777323 -0.00032095
v -0.02457302 0.12777323 0.00005549
v -0.02448142 0.12777323 0.00117332
v -0.02422575 0.12777323 0.00227660
v -0.02411379 0.12777323 0.00261477
v -0.02361257 0.12777323 0.00376124
v -0.02293760 0.12777323 0.00487294
v -0.02316163 0.12773350 -0.00463306
v -0.02376767 0.12773350 -0.00356906
v -0.02420011 0.12773350 -0.00252402
v -0.02448932 0.12773350 -0.00143061
v -0.02461809 0.12773350 -0.00032316
v -0.02462479 0.12773350 0.00005588
v -0.02453257 0.12773350 0.00118134
v -0.02427525 0.12773350 0.00229182
v -0.02416259 0.12773350 0.00263208
v -0.02365848 0.12773350 0.00378518
v -0.02298010 0.12773350 0.00490250
v -0.02321213 0.12770853 -0.00466599
v -0.02382183 0.12770853 -0.00359556
v -0.02425720 0.12770853 -0.00254342
v -0.02454856 0.12770853 -0.00144188
v -0.02467834 0.12770853 -0.00032574
v -0.02468509 0.12770853 0.00005632
v -0.02459214 0.12770853 0.00119068
v -0.02433288 0.12770853 0.00230954
v -0.02421941 0.12770853 0.00265225
v -0.02371194 0.12770853 0.00381305
v -0.02302960 0.12770853 0.00493693
v -0.02232194 0.12789451 -0.00557603
v -0.02232287 0.12788530 -0.00557680
v -0.02234217 0.12782501 -0.00559266
v -0.02237285 0.12777323 -0.00561789
v -0.02241285 0.12773350 -0.00565078
v -0.02245942 0.12770853 -0.00568907
v -0.02246653 0.12770731 -0.00569492
v -0.01848109 0.12789438 -0.00792792
v -0.01852153 0.12770628 -0.00811162
v -0.01851017 0.12772477 -0.00806002
v -0.01849998 0.12775455 -0.00801372
v -0.01849147 0.12779414 -0.00797506
v -0.01848507 0.12784154 -0.00794598
v -0.02122729 0.12789438 -0.00663953
v -0.01992598 0.12789438 -0.00743675
v -0.02123863 0.12784154 -0.00665413
v -0.02125691 0.12779414 -0.00667765
v -0.02128120 0.12775455 -0.00670890
v -0.02131028 0.12772477 -0.00674633
v -0.02134271 0.12770628 -0.00678805
v -0.01993384 0.12784154 -0.00745349
v -0.01994649 0.12779414 -0.00748046
v -0.01996330 0.12775455 -0.00751630
v -0.01998343 0.12772477 -0.00755921
v -0.02000588 0.12770628 -0.00760705
f 1 2 3
f 4 5 6
f 5 7 6
f 6 7 2
f 7 8 2
f 2 8 3
f 4 6 9
f 6 10 9
f 9 10 11
f 10 12 11
f 11 12 13
f 14 15 16
f 15 17 16
f 16 17 18
f 17 19 18
f 18 19 12
f 19 20 12
f 12 20 13
f 14 16 21
f 16 22 21
f 21 22 23
f 23 22 24
f 22 25 24
f 24 25 26
f 26 25 27
f 25 28 27
f 27 28 29
f 30 31 32
f 31 33 32
f 32 33 28
f 33 34 28
f 28 34 29
f 35 36 37
f 36 38 37
f 37 38 30
f 38 39 30
f 30 39 31
f 35 37 40
f 37 41 40
f 40 41 42
f 42 41 43
f 41 44 43
f 43 44 45
f 45 44 46
f 44 47 46
f 46 47 48
f 48 47 49
f 47 50 49
f 49 50 51
f 52 53 54
f 53 55 54
f 54 55 56
f 55 57 56
f 56 57 50
f 57 58 50
f 50 58 51
f 52 54 59
f 54 60 59
f 59 60 61
f 61 60 62
f 60 63 62
f 62 63 64
f 64 63 65
f 63 66 65
f 65 66 67
f 68 69 66
f 69 70 66
f 66 70 67
f 3 71 1
f 71 72 1
f 1 72 73
f 72 74 73
f 73 74 68
f 68 74 69
f 74 75 69
f 69 75 76
f 77 78 79
f 77 79 80
f 79 81 80
f 80 81 75
f 81 82 75
f 75 82 76
f 78 77 83
f 77 84 83
f 83 84 85
f 84 86 85
f 85 86 87
f 86 88 87
f 87 88 89
f 88 90 89
f 89 90 91
f 90 92 91
f 91 92 93
f 92 94 93
f 93 94 95
f 94 96 95
f 95 96 97
f 96 98 97
f 97 98 99
f 98 100 99
f 99 100 101
f 100 102 101
f 102 103 101
f 101 103 104
f 103 105 104
f 104 105 106
f 106 105 107
f 105 108 107
f 107 108 109
f 108 110 109
f 109 110 111
f 110 112 111
f 111 112 113
f 112 114 113
f 113 114 115
f 114 116 115
f 115 116 117
f 116 118 117
f 117 118 119
f 118 120 119
f 119 120 121
f 120 122 121
f 121 122 123
f 122 124 123
f 123 124 125
f 124 126 125
f 125 126 127
f 126 128 127
f 128 129 127
f 127 129 130
f 129 131 130
f 130 131 132
f 131 133 132
f 132 133 134
f 134 133 135
f 133 136 135
f 135 136 137
f 136 138 137
f 137 138 139
f 138 140 139
f 139 140 141
f 140 142 141
f 141 142 143
f 142 144 143
f 143 144 145
f 144 146 145
f 145 146 147
f 146 148 147
f 147 148 149
f 148 150 149
f 149 150 151
f 150 152 151
f 151 152 153
f 152 154 153
f 154 155 153
f 153 155 156
f 155 157 156
f 156 157 158
f 157 159 158
f 158 159 160
f 160 159 161
f 159 162 161
f 161 162 163
f 162 164 163
f 163 164 165
f 164 166 165
f 165 166 167
f 166 168 167
f 167 168 169
f 168 170 169
f 169 170 171
f 170 172 171
f 171 172 173
f 172 174 173
f 173 174 175
f 174 176 175
f 175 176 177
f 176 178 177
f 177 178 179
f 178 180 179
f 180 181 179
f 179 181 182
f 181 183 182
f 182 183 184
f 183 185 184
f 184 185 186
f 185 187 186
f 186 187 188
f 188 187 189
f 187 190 189
f 189 190 191
f 190 192 191
f 191 192 193
f 192 194 193
f 193 194 195
f 194 196 195
f 195 196 197
f 196 198 197
f 197 198 199
f 198 200 199
f 199 200 201
f 200 202 201
f 201 202 203
f 202 204 203
f 203 204 205
f 204 206 205
f 206 207 205
f 205 207 208
f 207 209 208
f 208 209 210
f 209 211 210
f 210 211 212
f 211 213 212
f 212 213 214
f 215 216 217
f 216 218 217
f 217 218 219
f 214 213 220
f 213 221 220
f 220 221 222
f 221 223 222
f 222 223 224
f 223 225 224
f 224 225 226
f 225 227 226
f 226 227 228
f 219 218 229
f 218 230 229
f 229 230 231
f 230 232 231
f 231 232 233
f 234 235 232
f 235 236 232
f 232 236 233
f 237 238 234
f 238 239 234
f 234 239 235
f 240 241 237
f 241 242 237
f 237 242 238
f 243 244 240
f 244 245 240
f 240 245 241
f 246 247 243
f 247 248 243
f 243 248 244
f 249 250 246
f 250 251 246
f 246 251 247
f 249 246 252
f 246 253 252
f 252 253 254
f 253 255 254
f 254 255 256
f 256 255 257
f 255 258 257
f 257 258 259
f 259 258 260
f 258 261 260
f 260 261 262
f 262 261 263
f 261 264 263
f 263 264 265
f 266 267 268
f 267 269 268
f 268 269 264
f 269 270 264
f 264 270 265
f 271 272 273
f 272 274 273
f 273 274 266
f 274 275 266
f 266 275 267
f 271 273 276
f 273 277 276
f 276 277 278
f 278 277 279
f 277 280 279
f 279 280 281
f 281 280 282
f 280 283 282
f 282 283 284
f 284 283 285
f 283 286 285
f 285 286 287
f 288 289 290
f 289 291 290
f 290 291 292
f 291 293 292
f 292 293 286
f 293 294 286
f 286 294 287
f 288 290 295
f 290 296 295
f 295 296 297
f 297 296 298
f 296 216 298
f 298 216 228
f 216 215 228
f 228 215 226
f 299 300 301
f 301 300 302
f 300 303 302
f 302 303 304
f 301 305 299
f 305 306 299
f 299 306 307
f 306 308 307
f 307 308 309
f 308 310 309
f 309 310 311
f 310 312 311
f 311 312 313
f 312 314 313
f 313 314 315
f 314 316 315
f 315 316 317
f 316 318 317
f 317 318 319
f 318 320 319
f 319 320 321
f 320 322 321
f 321 322 323
f 322 324 323
f 323 324 325
f 324 326 325
f 325 326 327
f 326 328 327
f 327 328 329
f 328 330 329
f 329 330 331
f 330 332 331
f 331 332 333
f 332 334 333
f 333 334 335
f 334 336 335
f 335 336 337
f 336 338 337
f 337 338 339
f 338 340 339
f 339 340 341
f 340 342 341
f 341 342 343
f 342 344 343
f 343 344 345
f 344 346 345
f 345 346 347
f 346 348 347
f 347 348 349
f 348 350 349
f 350 351 349
f 351 350 352
f 350 353 352
f 352 353 354
f 354 353 355
f 353 356 355
f 355 356 357
f 357 356 358
f 356 359 358
f 358 359 360
f 361 362 363
f 364 365 366
f 367 368 369
f 366 365 370
f 365 371 370
f 370 371 372
f 371 373 372
f 372 373 374
f 373 375 374
f 375 376 374
f 374 376 377
f 364 366 378
f 366 379 378
f 378 379 380
f 379 381 380
f 380 381 382
f 381 383 382
f 382 383 384
f 383 385 384
f 384 385 386
f 385 387 386
f 386 387 388
f 387 389 388
f 388 389 390
f 389 391 390
f 390 391 392
f 391 393 392
f 392 393 394
f 393 395 394
f 394 395 396
f 395 397 396
f 396 397 398
f 397 399 398
f 398 399 400
f 399 401 400
f 400 401 402
f 401 403 402
f 402 403 404
f 403 405 404
f 404 405 406
f 405 407 406
f 406 407 408
f 407 409 408
f 408 409 410
f 409 411 410
f 410 411 412
f 411 413 412
f 412 413 414
f 413 415 414
f 414 415 416
f 415 417 416
f 416 417 418
f 419 420 421
f 417 422 418
f 422 423 418
f 418 423 424
f 423 425 424
f 424 425 426
f 425 427 426
f 426 427 428
f 427 429 428
f 428 429 430
f 429 431 430
f 430 431 432
f 431 433 432
f 432 433 434
f 433 435 434
f 434 435 436
f 435 437 436
f 436 437 438
f 437 439 438
f 438 439 440
f 439 441 440
f 440 441 442
f 441 443 442
f 442 443 421
f 443 444 421
f 421 444 419
f 445 446 447
f 420 419 448
f 419 449 448
f 448 449 450
f 449 451 450
f 450 451 447
f 451 452 447
f 447 452 445
f 360 362 453
f 362 454 453
f 453 454 455
f 360 359 362
f 359 456 362
f 362 456 363
f 455 454 457
f 454 458 457
f 457 458 459
f 458 460 459
f 459 460 461
f 460 462 461
f 461 462 463
f 462 464 463
f 463 464 465
f 464 466 465
f 465 466 467
f 467 466 468
f 466 469 468
f 468 469 470
f 469 471 470
f 470 471 472
f 471 473 472
f 473 474 472
f 472 474 475
f 474 476 475
f 475 476 477
f 476 478 477
f 476 479 478
f 479 480 478
f 478 480 481
f 480 482 481
f 481 482 483
f 482 484 483
f 483 484 485
f 484 486 485
f 485 486 487
f 486 488 487
f 488 489 487
f 487 489 490
f 489 491 490
f 490 491 492
f 491 493 492
f 492 493 494
f 494 493 495
f 493 496 495
f 495 496 497
f 496 498 497
f 497 498 499
f 498 500 499
f 499 500 501
f 500 502 501
f 501 502 503
f 502 504 503
f 503 504 505
f 504 506 505
f 505 506 507
f 506 508 507
f 508 509 507
f 507 509 510
f 509 511 510
f 510 511 512
f 511 513 512
f 511 514 513
f 514 515 513
f 513 515 516
f 515 517 516
f 516 517 518
f 517 519 518
f 518 519 520
f 519 521 520
f 520 521 522
f 521 523 522
f 522 523 524
f 523 525 524
f 524 525 526
f 525 527 526
f 526 527 528
f 527 529 528
f 527 530 529
f 530 531 529
f 529 531 532
f 531 533 532
f 532 533 534
f 533 535 534
f 534 535 536
f 537 538 539
f 538 540 539
f 376 367 377
f 367 369 377
f 377 369 540
f 369 541 540
f 540 541 539
f 542 543 544
f 542 544 545
f 544 546 545
f 545 546 547
f 546 548 547
f 547 548 549
f 548 550 549
f 549 550 551
f 550 552 551
f 551 552 553
f 552 554 553
f 553 554 537
f 554 555 537
f 537 555 538
f 556 557 558
f 543 542 559
f 542 560 559
f 559 560 558
f 560 561 558
f 558 561 556
f 562 536 563
f 536 535 563
f 563 535 564
f 535 565 564
f 564 565 566
f 565 567 566
f 566 567 557
f 567 568 557
f 557 568 558
f 569 570 571
f 570 572 571
f 361 363 572
f 363 573 572
f 572 573 571
f 574 575 576
f 575 577 576
f 576 577 578
f 577 579 578
f 578 579 569
f 579 580 569
f 569 580 570
f 576 581 574
f 581 582 574
f 574 582 583
f 582 584 583
f 583 584 585
f 584 586 585
f 585 586 587
f 586 588 587
f 587 588 589
f 588 590 589
f 589 590 591
f 590 592 591
f 591 592 593
f 592 594 593
f 593 594 452
f 594 595 452
f 452 595 445
f 447 446 596
f 446 597 596
f 598 599 597
f 599 600 597
f 597 600 596
f 598 601 599
f 601 602 599
f 599 602 603
f 602 604 603
f 603 604 605
f 604 606 605
f 605 606 607
f 606 608 607
f 609 610 611
f 611 610 608
f 610 612 608
f 608 612 607
f 611 613 609
f 613 614 609
f 609 614 615
f 614 616 615
f 615 616 617
f 616 618 617
f 617 618 619
f 618 620 619
f 619 620 621
f 620 622 621
f 621 622 623
f 622 624 623
f 623 624 625
f 624 626 625
f 625 626 627
f 626 628 627
f 627 628 629
f 628 630 629
f 629 630 631
f 630 632 631
f 631 632 633
f 632 634 633
f 633 634 635
f 634 636 635
f 635 636 637
f 636 638 637
f 637 638 639
f 638 640 639
f 639 640 641
f 640 642 641
f 641 642 643
f 642 644 643
f 643 644 645
f 644 646 645
f 645 646 647
f 646 648 647
f 647 648 649
f 648 650 649
f 649 650 651
f 650 652 651
f 651 652 653
f 652 654 653
f 653 654 655
f 654 656 655
f 655 656 657
f 657 656 658
f 656 659 658
f 658 659 660
f 659 661 660
f 661 662 660
f 660 662 663
f 662 664 663
f 664 665 663
f 663 665 666
f 665 667 666
f 666 667 668
f 667 368 668
f 668 368 367
f 536 562 669
f 562 670 669
f 671 672 670
f 672 673 670
f 670 673 669
f 671 674 672
f 674 675 672
f 672 675 676
f 675 677 676
f 676 677 678
f 677 679 678
f 678 679 304
f 679 302 304
f 680 681 682
f 683 684 685
f 680 682 686
f 682 687 686
f 686 687 688
f 683 685 689
f 685 690 689
f 689 690 691
f 690 692 691
f 691 692 693
f 692 694 693
f 693 694 695
f 694 696 695
f 695 696 697
f 688 687 698
f 687 699 698
f 698 699 700
f 699 701 700
f 700 701 702
f 701 703 702
f 702 703 704
f 703 705 704
f 704 705 706
f 696 707 697
f 707 708 697
f 697 708 709
f 708 710 709
f 709 710 711
f 710 712 711
f 711 712 713
f 712 714 713
f 713 714 715
f 714 716 715
f 715 716 717
f 716 718 717
f 717 718 719
f 718 706 719
f 719 706 720
f 706 705 720
f 721 722 723
f 724 725 726
f 721 723 727
f 723 728 727
f 727 728 729
f 724 726 730
f 726 731 730
f 730 731 732
f 731 733 732
f 732 733 734
f 733 735 734
f 734 735 736
f 735 737 736
f 736 737 738
f 729 728 739
f 728 740 739
f 739 740 741
f 740 742 741
f 741 742 743
f 742 744 743
f 743 744 745
f 744 746 745
f 745 746 747
f 737 748 738
f 748 749 738
f 738 749 750
f 749 751 750
f 750 751 752
f 751 753 752
f 752 753 754
f 753 755 754
f 754 755 756
f 755 757 756
f 756 757 758
f 757 759 758
f 758 759 760
f 759 747 760
f 760 747 761
f 747 746 761
f 268 762 763
f 268 763 266
f 234 764 765
f 766 273 767
f 273 266 767
f 767 266 768
f 266 763 768
f 255 769 770
f 234 765 237
f 264 771 268
f 771 772 268
f 268 772 762
f 258 773 774
f 230 775 776
f 777 778 290
f 258 774 261
f 255 770 258
f 770 779 258
f 258 779 773
f 769 255 780
f 255 253 780
f 780 253 781
f 230 776 232
f 774 782 261
f 782 783 261
f 261 783 264
f 783 784 264
f 264 784 771
f 765 785 237
f 785 786 237
f 237 786 240
f 776 787 232
f 787 788 232
f 232 788 234
f 788 789 234
f 234 789 764
f 216 790 791
f 246 243 792
f 216 791 218
f 766 793 273
f 793 794 273
f 273 794 277
f 792 795 246
f 795 796 246
f 246 796 253
f 796 797 253
f 253 797 781
f 791 798 218
f 798 799 218
f 218 799 230
f 799 800 230
f 230 800 775
f 790 216 801
f 216 296 801
f 801 296 802
f 283 803 804
f 786 805 240
f 805 806 240
f 240 806 243
f 806 807 243
f 243 807 792
f 290 778 296
f 778 808 296
f 296 808 802
f 283 804 286
f 777 290 809
f 290 292 809
f 809 292 810
f 804 811 286
f 811 812 286
f 286 812 292
f 812 813 292
f 292 813 810
f 803 283 814
f 283 280 814
f 814 280 815
f 794 816 277
f 816 817 277
f 277 817 280
f 817 818 280
f 280 818 815
f 819 820 821
f 822 823 824
f 825 826 827
f 828 829 830
f 827 826 831
f 832 833 834
f 835 836 837
f 838 839 840
f 839 838 841
f 842 843 844
f 845 846 847
f 848 849 850
f 851 852 853
f 854 855 856
f 855 857 856
f 858 859 860
f 861 862 859
f 863 864 865
f 866 867 868
f 869 870 871
f 872 873 874
f 875 876 877
f 878 879 880
f 881 882 883
f 884 885 886
f 887 888 889
f 890 891 892
f 893 894 857
f 895 896 897
f 896 898 897
f 897 898 899
f 898 900 899
f 900 898 901
f 898 902 901
f 901 902 903
f 902 904 903
f 903 904 905
f 906 907 908
f 907 909 908
f 908 909 904
f 909 910 904
f 904 910 905
f 911 912 906
f 912 913 906
f 906 913 907
f 914 915 911
f 915 916 911
f 911 916 912
f 917 918 914
f 918 919 914
f 914 919 915
f 920 921 922
f 920 922 923
f 924 925 926
f 925 927 926
f 928 929 927
f 929 930 927
f 927 930 926
f 930 931 926
f 926 931 920
f 931 932 920
f 920 932 921
f 933 934 835
f 934 935 835
f 936 937 933
f 937 938 933
f 933 938 934
f 939 940 941
f 941 942 939
f 942 943 939
f 939 943 936
f 943 944 936
f 936 944 937
f 940 939 945
f 939 946 945
f 945 946 947
f 947 946 948
f 946 949 948
f 948 949 950
f 950 949 951
f 949 952 951
f 951 952 953
f 954 955 831
f 955 956 831
f 831 956 827
f 956 957 827
f 827 957 958
f 957 959 958
f 960 961 962
f 961 963 962
f 964 965 966
f 967 968 969
f 968 970 969
f 971 972 973
f 974 975 976
f 975 977 976
f 976 977 978
f 979 980 974
f 980 981 974
f 974 981 975
f 982 983 984
f 983 985 984
f 984 985 979
f 985 986 979
f 979 986 980
f 982 984 987
f 984 988 987
f 987 988 989
f 990 991 988
f 991 992 988
f 988 992 989
f 993 994 990
f 994 995 990
f 990 995 991
f 993 990 996
f 990 997 996
f 996 997 998
f 997 999 998
f 998 999 1000
f 1001 1002 1003
f 1003 1004 1001
f 1004 1005 1001
f 1001 1005 999
f 1005 1006 999
f 999 1006 1000
f 857 894 1007
f 894 1008 1007
f 1008 1009 1007
f 1007 1009 1002
f 1009 1010 1002
f 1002 1010 1003
f 1011 1012 1013
f 1012 1014 1013
f 1013 1014 1015
f 1016 1017 854
f 1018 1019 1020
f 1021 1022 1023
f 1022 1024 1023
f 1023 1024 1020
f 1024 1025 1020
f 1020 1025 1018
f 1026 1027 1021
f 1027 1028 1021
f 1021 1028 1022
f 1029 1030 1026
f 1030 1031 1026
f 1026 1031 1027
f 1032 1029 1033
f 1032 1034 1029
f 1034 1035 1029
f 1029 1035 1030
f 1036 1037 1038
f 1037 1039 1038
f 1038 1039 1033
f 1039 1040 1033
f 1033 1040 1032
f 1041 1042 1043
f 1042 1044 1043
f 1043 1044 1045
f 1046 1047 1048
f 1047 1049 1048
f 1050 1051 1052
f 1051 1053 1052
f 1052 1053 1054
f 878 1055 1056
f 1055 878 1057
f 878 880 1057
f 1057 880 1058
f 1058 880 1059
f 880 1060 1059
f 1059 1060 1061
f 1062 1063 1064
f 1063 1065 1064
f 1064 1065 1060
f 1065 1066 1060
f 1060 1066 1061
f 895 1067 896
f 1067 1068 896
f 896 1068 1069
f 1070 1071 1072
f 1070 1072 1073
f 1074 1075 1076
f 1075 1077 1076
f 1076 1077 1078
f 1079 1080 1081
f 1080 1082 1081
f 1081 1083 1079
f 1083 1084 1079
f 1079 1084 1085
f 1084 1086 1085
f 1085 1086 1087
f 877 876 1088
f 876 1089 1088
f 1089 1090 1088
f 1088 1090 1086
f 1090 1091 1086
f 1086 1091 1087
f 1092 1093 1094
f 1094 1095 1092
f 1095 1096 1092
f 1092 1096 877
f 1096 1097 877
f 877 1097 875
f 874 873 1098
f 873 1099 1098
f 1098 1099 1093
f 1099 1100 1093
f 1093 1100 1094
f 872 874 1101
f 874 1102 1101
f 1101 1102 1103
f 1102 1104 1103
f 1103 1104 1105
f 1104 1106 1105
f 1105 1106 1107
f 1106 1108 1107
f 1107 1108 1109
f 1109 1108 1110
f 1108 1111 1110
f 1110 1111 1112
f 1111 1113 1112
f 1112 1113 1114
f 1115 1116 1117
f 1118 1119 1120
f 1121 1122 1120
f 1122 1123 1120
f 1120 1123 1118
f 1124 1125 1126
f 1125 1127 1126
f 1126 1127 1121
f 1127 1128 1121
f 1121 1128 1122
f 1129 1130 1131
f 1130 1132 1131
f 1132 1130 1133
f 1130 821 1133
f 1133 821 1134
f 821 820 1134
f 1134 820 871
f 870 1135 871
f 1135 1136 871
f 871 1136 1134
f 1137 1138 1139
f 1138 1140 1139
f 823 1141 1142
f 822 1143 823
f 1143 1144 823
f 823 1144 1141
f 1145 1146 1147
f 1146 1148 1147
f 1147 1148 822
f 1148 1149 822
f 822 1149 1143
f 1145 1147 1150
f 1147 1151 1150
f 1150 1151 1152
f 868 867 1151
f 867 1153 1151
f 1151 1153 1152
f 866 868 1154
f 868 1155 1154
f 1154 1155 1156
f 1157 1158 1155
f 1158 1159 1155
f 1155 1159 1156
f 1160 1161 1157
f 1161 1162 1157
f 1157 1162 1158
f 1163 1164 1165
f 1164 1166 1165
f 1165 1166 1160
f 1166 1167 1160
f 1160 1167 1161
f 1163 1165 1168
f 1165 1169 1168
f 1168 1169 1170
f 1170 1169 1171
f 1169 1172 1171
f 1171 1172 1173
f 1174 1175 1176
f 1175 1177 1176
f 1176 1177 1172
f 1177 1178 1172
f 1172 1178 1173
f 1179 1180 1181
f 1180 1182 1181
f 1183 1184 1185
f 1184 1186 1185
f 1185 1186 1187
f 859 862 860
f 862 1188 860
f 860 1188 1189
f 1190 865 1191
f 865 864 1191
f 1191 864 1192
f 1193 1194 1195
f 1194 1196 1195
f 1195 1196 1197
f 1196 1198 1197
f 1197 1198 1199
f 1198 1192 1199
f 1200 1193 858
f 1193 1195 858
f 858 1195 859
f 1195 1197 859
f 859 1197 861
f 1197 1199 861
f 1017 1201 854
f 1201 1011 854
f 854 1011 855
f 1011 1013 855
f 855 1013 857
f 1013 1015 857
f 857 1015 893
f 850 849 1202
f 849 1203 1202
f 1202 1203 1204
f 1203 1205 1204
f 1204 1205 1206
f 1205 1207 1206
f 1206 1207 1208
f 1207 1209 1208
f 1208 1209 1210
f 1200 858 1211
f 858 860 1211
f 1211 860 1212
f 860 1189 1212
f 1212 1189 1213
f 1214 1215 1216
f 1214 1216 1217
f 1215 1214 1218
f 1214 1219 1218
f 1218 1219 853
f 853 852 1218
f 852 1220 1218
f 1218 1220 1215
f 1220 1221 1215
f 1215 1221 1216
f 1222 848 1223
f 848 850 1223
f 1223 850 1213
f 850 1202 1213
f 1213 1202 1212
f 1202 1204 1212
f 1212 1204 1211
f 1204 1206 1211
f 1211 1206 1200
f 1206 1208 1200
f 1200 1208 1193
f 1208 1210 1193
f 1193 1210 1194
f 1224 846 1225
f 846 845 1225
f 1225 845 1226
f 1048 1227 1228
f 1192 1198 1191
f 1198 1196 1191
f 1191 1196 1190
f 1196 1194 1190
f 1190 1194 1229
f 1194 1210 1229
f 1229 1210 1019
f 1210 1209 1019
f 1019 1209 1020
f 1209 1207 1020
f 1020 1207 1023
f 1207 1205 1023
f 1023 1205 1021
f 1205 1203 1021
f 1021 1203 1026
f 1203 849 1026
f 1026 849 1029
f 849 848 1029
f 1029 848 1033
f 848 1222 1033
f 1033 1222 1038
f 1226 1230 1225
f 1230 1231 1225
f 1225 1231 1224
f 1231 1232 1224
f 1224 1232 846
f 1232 1233 846
f 846 1233 847
f 1233 1044 847
f 847 1044 892
f 1044 1042 892
f 892 1042 890
f 1042 1041 890
f 1048 1228 1046
f 1228 1234 1046
f 1046 1234 1235
f 1236 1237 1238
f 882 884 883
f 884 886 883
f 883 886 1239
f 886 1240 1239
f 1239 1240 851
f 1219 1241 853
f 1241 1242 853
f 853 1242 851
f 1242 1236 851
f 851 1236 1239
f 1236 1238 1239
f 1239 1238 883
f 1054 889 1052
f 889 888 1052
f 1052 888 1235
f 888 887 1235
f 1235 887 1046
f 887 1243 1046
f 1046 1243 1047
f 885 1050 886
f 1050 1052 886
f 886 1052 1240
f 1052 1235 1240
f 1240 1235 851
f 1235 1234 851
f 851 1234 852
f 1234 1228 852
f 852 1228 1220
f 1228 1227 1220
f 1220 1227 1221
f 844 1244 1245
f 1244 1246 1245
f 1245 1246 1247
f 1246 1248 1247
f 1247 1248 1249
f 1248 1250 1249
f 1249 1250 1251
f 1250 1252 1251
f 1251 1252 1253
f 1252 1254 1253
f 1253 1254 1255
f 1254 1256 1255
f 1255 1256 1257
f 1256 1258 1257
f 1257 1258 1259
f 1258 1260 1259
f 1259 1260 1261
f 1260 1262 1261
f 1261 1262 1263
f 1262 1264 1263
f 1263 1264 1265
f 1264 1266 1265
f 1267 1268 1269
f 1268 1270 1269
f 1269 1270 1271
f 1270 1272 1271
f 1271 1272 1273
f 1272 1274 1273
f 1273 1274 1275
f 1274 1276 1275
f 1275 1276 1277
f 1276 840 1277
f 844 843 1244
f 843 1278 1244
f 1244 1278 1246
f 1278 1279 1246
f 1246 1279 1248
f 1280 1281 1282
f 1281 1283 1282
f 1282 1283 1284
f 1283 1285 1284
f 1284 1285 1286
f 1287 1288 1289
f 1288 1290 1289
f 1289 1290 1291
f 1290 1292 1291
f 1291 1292 1293
f 1294 1295 1296
f 1295 1297 1296
f 1296 1297 1298
f 1297 1299 1298
f 1298 1299 1300
f 1299 1301 1300
f 1300 1301 1302
f 1301 1303 1302
f 1302 1303 1304
f 1303 1305 1304
f 1304 1305 1306
f 1305 1307 1306
f 1306 1307 1308
f 1307 1309 1308
f 1308 1309 1310
f 1309 1311 1310
f 1310 1311 1312
f 1311 1313 1312
f 1312 1313 1314
f 1313 1315 1314
f 1314 1315 1316
f 1286 841 1284
f 841 838 1284
f 1284 838 1282
f 838 840 1282
f 1282 840 1280
f 840 1276 1280
f 1280 1276 1317
f 1276 1274 1317
f 1317 1274 1318
f 1274 1272 1318
f 1318 1272 1319
f 1272 1270 1319
f 1319 1270 1320
f 1270 1268 1320
f 924 926 1321
f 926 920 1321
f 1321 920 1322
f 920 923 1322
f 1322 923 1323
f 879 1266 880
f 1266 1264 880
f 880 1264 1060
f 1264 1262 1060
f 1060 1262 1064
f 1262 1260 1064
f 1064 1260 1062
f 1260 1258 1062
f 1062 1258 1324
f 1258 1256 1324
f 1324 1256 1325
f 1256 1254 1325
f 1325 1254 1326
f 1254 1252 1326
f 1326 1252 1327
f 1252 1250 1327
f 1327 1250 1328
f 1250 1248 1328
f 1328 1248 1329
f 1248 1279 1329
f 1329 1279 1323
f 1279 1278 1323
f 1323 1278 1322
f 1278 843 1322
f 1322 843 1321
f 843 842 1321
f 1321 842 924
f 922 1330 923
f 1330 917 923
f 923 917 1323
f 917 914 1323
f 1323 914 1329
f 914 911 1329
f 1329 911 1328
f 911 906 1328
f 1328 906 1327
f 906 908 1327
f 1327 908 1326
f 908 904 1326
f 1326 904 1325
f 904 902 1325
f 1325 902 1324
f 902 898 1324
f 1324 898 1062
f 898 896 1062
f 1062 896 1063
f 896 1069 1063
f 834 833 1331
f 833 1332 1331
f 1331 1332 1333
f 1332 1334 1333
f 1333 1334 1335
f 1334 1336 1335
f 1335 1336 1337
f 1336 837 1337
f 1337 837 1338
f 837 836 1338
f 1338 836 1339
f 826 828 831
f 828 830 831
f 831 830 954
f 830 1340 954
f 954 1340 1341
f 1340 1342 1341
f 1343 1344 1345
f 1344 829 1345
f 1345 829 1346
f 829 828 1346
f 1346 828 1347
f 828 826 1347
f 1347 826 1286
f 826 825 1286
f 1286 825 841
f 1348 1349 1350
f 1349 964 1350
f 1350 964 962
f 964 966 962
f 962 966 960
f 835 837 933
f 837 1336 933
f 933 1336 936
f 1336 1334 936
f 936 1334 939
f 1334 1332 939
f 939 1332 946
f 1332 833 946
f 946 833 949
f 833 832 949
f 949 832 952
f 959 953 958
f 953 952 958
f 958 952 827
f 952 832 827
f 827 832 825
f 832 834 825
f 825 834 841
f 834 1331 841
f 841 1331 839
f 1331 1333 839
f 839 1333 840
f 1333 1335 840
f 840 1335 1277
f 1335 1337 1277
f 1277 1337 1275
f 1337 1338 1275
f 1275 1338 1273
f 1338 1339 1273
f 1273 1339 1271
f 1351 856 1352
f 856 857 1352
f 1352 857 1353
f 857 1007 1353
f 1353 1007 1354
f 1007 1002 1354
f 1354 1002 1355
f 1002 1001 1355
f 1355 1001 1356
f 1001 999 1356
f 1356 999 1357
f 999 997 1357
f 1357 997 1358
f 997 990 1358
f 1358 990 1359
f 990 988 1359
f 1359 988 1360
f 988 984 1360
f 1360 984 1361
f 984 979 1361
f 1361 979 1362
f 979 974 1362
f 1362 974 1363
f 974 976 1363
f 1363 1294 1362
f 1294 1296 1362
f 1362 1296 1361
f 1296 1298 1361
f 1361 1298 1360
f 1298 1300 1360
f 1360 1300 1359
f 1300 1302 1359
f 1359 1302 1358
f 1302 1304 1358
f 1358 1304 1357
f 1304 1306 1357
f 1357 1306 1356
f 1306 1308 1356
f 1356 1308 1355
f 1308 1310 1355
f 1355 1310 1354
f 1310 1312 1354
f 1354 1312 1353
f 1312 1314 1353
f 1353 1314 1352
f 1314 1316 1352
f 1352 1316 1351
f 1364 1185 1181
f 1185 1187 1181
f 1181 1187 1179
f 1071 1183 1072
f 1183 1185 1072
f 1072 1185 1365
f 1185 1364 1365
f 1365 1364 1366
f 1364 1367 1366
f 1366 1367 1368
f 1343 1368 1369
f 1368 1367 1369
f 1369 1367 1370
f 1367 1364 1370
f 1370 1364 1371
f 1364 1181 1371
f 1371 1181 1176
f 1181 1182 1176
f 1176 1182 1174
f 1078 1073 1076
f 1073 1072 1076
f 1076 1072 1372
f 1072 1365 1372
f 1372 1365 1293
f 1365 1366 1293
f 1293 1366 1291
f 1366 1368 1291
f 1291 1368 1289
f 1368 1343 1289
f 1289 1343 1287
f 1288 1373 1290
f 1373 1374 1290
f 1290 1374 1292
f 1374 1375 1292
f 1292 1375 1293
f 1375 1376 1293
f 1293 1376 1372
f 1376 1377 1372
f 1372 1377 1076
f 1377 1081 1076
f 1076 1081 1074
f 1081 1082 1074
f 1378 1379 1380
f 1379 1381 1380
f 1380 1381 1382
f 1348 1383 1349
f 1383 1384 1349
f 1349 1384 1385
f 1384 1386 1385
f 1385 1386 1387
f 1386 1388 1387
f 1387 1388 1389
f 1388 1390 1389
f 1389 1390 1382
f 1382 1391 1389
f 1391 1392 1389
f 1389 1392 1387
f 1392 1393 1387
f 1387 1393 1385
f 1393 1394 1385
f 1385 1394 1349
f 1394 968 1349
f 1349 968 964
f 968 967 964
f 964 967 965
f 1382 1381 1391
f 1381 1395 1391
f 1391 1395 1392
f 1395 1396 1392
f 1392 1396 1393
f 1396 1397 1393
f 1393 1397 1394
f 1397 971 1394
f 1394 971 968
f 971 973 968
f 968 973 970
f 1343 1345 1287
f 1345 1346 1287
f 1287 1346 1288
f 1346 1347 1288
f 1288 1347 1373
f 1347 1286 1373
f 1373 1286 1374
f 1286 1285 1374
f 1374 1285 1375
f 1285 1283 1375
f 1375 1283 1376
f 1283 1281 1376
f 1376 1281 1377
f 1281 1280 1377
f 1377 1280 1081
f 1280 1317 1081
f 1081 1317 1083
f 1317 1318 1083
f 1083 1318 1084
f 1318 1319 1084
f 1084 1319 1086
f 1319 1320 1086
f 1086 1320 1088
f 1320 1268 1088
f 1088 1268 877
f 1268 1267 877
f 877 1267 1092
f 1155 1398 1157
f 1398 1399 1157
f 1157 1399 1160
f 1399 1400 1160
f 1160 1400 1165
f 1400 1378 1165
f 1165 1378 1169
f 1378 1380 1169
f 1169 1380 1172
f 1380 1382 1172
f 1172 1382 1176
f 1382 1390 1176
f 1176 1390 1371
f 1390 1388 1371
f 1371 1388 1370
f 1388 1386 1370
f 1370 1386 1369
f 1386 1384 1369
f 1369 1384 1343
f 1384 1383 1343
f 1343 1383 1344
f 1383 1348 1344
f 1344 1348 829
f 1348 1350 829
f 829 1350 830
f 1350 962 830
f 830 962 1340
f 962 963 1340
f 1340 963 1342
f 1398 1401 1399
f 1401 1402 1399
f 1399 1402 1400
f 1402 1403 1400
f 1400 1403 1378
f 1403 1404 1378
f 1378 1404 1379
f 1405 1406 1407
f 1406 1408 1407
f 1409 824 1410
f 824 823 1410
f 1410 823 1139
f 823 1142 1139
f 1139 1142 1137
f 1411 1412 1413
f 1412 1414 1413
f 1413 1414 1415
f 1414 1416 1415
f 1415 1416 1417
f 1416 1418 1417
f 1418 1419 1417
f 1417 1419 1420
f 1419 1421 1420
f 1420 1421 1408
f 1421 1422 1408
f 1408 1422 1407
f 891 1036 892
f 1036 1038 892
f 892 1038 847
f 1038 1222 847
f 847 1222 845
f 1222 1223 845
f 845 1223 1226
f 1223 1213 1226
f 1226 1213 1423
f 1213 1189 1423
f 1423 1189 1424
f 1189 1188 1424
f 1424 1188 1411
f 1188 862 1411
f 1411 862 1412
f 862 861 1412
f 1412 861 1414
f 861 1199 1414
f 1414 1199 1416
f 1199 1192 1416
f 1416 1192 1418
f 1192 864 1418
f 1418 864 1419
f 864 863 1419
f 1419 863 1421
f 1425 1409 819
f 1409 1410 819
f 819 1410 820
f 1410 1139 820
f 820 1139 871
f 1139 1140 871
f 871 1140 869
f 1425 819 1426
f 819 821 1426
f 1426 821 1427
f 821 1130 1427
f 1427 1130 1217
f 1130 1129 1217
f 1217 1129 1214
f 1428 1120 1115
f 1120 1119 1115
f 1115 1119 1116
f 1429 1428 1430
f 1428 1115 1430
f 1430 1115 1113
f 1115 1117 1113
f 1113 1117 1114
f 1131 1124 1129
f 1124 1126 1129
f 1129 1126 1214
f 1126 1121 1214
f 1214 1121 1219
f 1121 1120 1219
f 1219 1120 1241
f 1120 1428 1241
f 1241 1428 1242
f 1428 1429 1242
f 1242 1429 1236
f 1429 1430 1236
f 1236 1430 1237
f 1049 1045 1048
f 1045 1044 1048
f 1048 1044 1227
f 1044 1233 1227
f 1227 1233 1221
f 1233 1232 1221
f 1221 1232 1216
f 1232 1231 1216
f 1216 1231 1217
f 1231 1230 1217
f 1217 1230 1427
f 1230 1226 1427
f 1427 1226 1426
f 1226 1423 1426
f 1426 1423 1425
f 1423 1424 1425
f 1425 1424 1409
f 1424 1411 1409
f 1409 1411 824
f 1411 1413 824
f 824 1413 822
f 1413 1415 822
f 822 1415 1147
f 1415 1417 1147
f 1147 1417 1151
f 1417 1420 1151
f 1151 1420 868
f 1420 1408 868
f 868 1408 1155
f 1408 1406 1155
f 1155 1406 1398
f 1406 1405 1398
f 1398 1405 1401
f 1018 1016 1019
f 1016 854 1019
f 1019 854 1229
f 854 856 1229
f 1229 856 1190
f 856 1351 1190
f 1190 1351 865
f 1351 1316 865
f 865 1316 863
f 1316 1315 863
f 863 1315 1421
f 1315 1313 1421
f 1421 1313 1422
f 1313 1311 1422
f 1422 1311 1407
f 1311 1309 1407
f 1407 1309 1405
f 1309 1307 1405
f 1405 1307 1401
f 1307 1305 1401
f 1401 1305 1402
f 1305 1303 1402
f 1402 1303 1403
f 1303 1301 1403
f 1403 1301 1404
f 1301 1299 1404
f 1404 1299 1379
f 1299 1297 1379
f 1379 1297 1381
f 1297 1295 1381
f 1381 1295 1395
f 1295 1294 1395
f 1395 1294 1396
f 1294 1363 1396
f 1396 1363 1397
f 1363 976 1397
f 1397 976 971
f 976 978 971
f 971 978 972
f 935 928 835
f 928 927 835
f 835 927 836
f 927 925 836
f 836 925 1339
f 925 924 1339
f 1339 924 1271
f 924 842 1271
f 1271 842 1269
f 842 844 1269
f 1269 844 1267
f 844 1245 1267
f 1267 1245 1092
f 1245 1247 1092
f 1092 1247 1093
f 1247 1249 1093
f 1093 1249 1098
f 1249 1251 1098
f 1098 1251 874
f 1251 1253 874
f 874 1253 1102
f 1253 1255 1102
f 1102 1255 1104
f 1255 1257 1104
f 1104 1257 1106
f 1257 1259 1106
f 1106 1259 1108
f 1259 1261 1108
f 1108 1261 1111
f 1261 1263 1111
f 1111 1263 1113
f 1263 1265 1113
f 1113 1265 1430
f 1265 1266 1430
f 1430 1266 1237
f 1266 879 1237
f 1237 879 1238
f 879 878 1238
f 1238 878 883
f 878 1056 883
f 883 1056 881
f 1074 1082 1431
f 1079 1085 1432
f 1433 1132 1133
f 1434 1435 1436
f 1435 1437 1438
f 1437 1439 1440
f 1439 1441 1442
f 1183 1071 1443
f 1071 1070 1443
f 1443 1070 1434
f 1183 1443 1184
f 1443 1444 1184
f 1184 1444 1186
f 1444 1445 1186
f 1186 1445 1187
f 1445 1446 1187
f 1187 1446 1179
f 1179 1446 1180
f 1446 1447 1180
f 1180 1447 1182
f 1447 1448 1182
f 1182 1448 1174
f 1174 1448 1175
f 1448 1449 1175
f 1175 1449 1177
f 1449 1450 1177
f 1177 1450 1178
f 1451 1168 1452
f 1168 1170 1452
f 1452 1170 1453
f 1170 1171 1453
f 1453 1171 1450
f 1171 1173 1450
f 1450 1173 1178
f 1454 1164 1451
f 1164 1163 1451
f 1451 1163 1168
f 1455 1167 1454
f 1167 1166 1454
f 1454 1166 1164
f 1456 1158 1457
f 1158 1162 1457
f 1457 1162 1455
f 1162 1161 1455
f 1455 1161 1167
f 867 866 1458
f 866 1154 1458
f 1458 1154 1459
f 1154 1156 1459
f 1459 1156 1456
f 1156 1159 1456
f 1456 1159 1158
f 867 1458 1153
f 1458 1460 1153
f 1153 1460 1152
f 1460 1461 1152
f 1152 1461 1150
f 1461 1462 1150
f 1150 1462 1145
f 1145 1462 1146
f 1462 1463 1146
f 1146 1463 1148
f 1463 1464 1148
f 1148 1464 1149
f 1465 1142 1466
f 1142 1141 1466
f 1466 1141 1467
f 1141 1144 1467
f 1467 1144 1464
f 1144 1143 1464
f 1464 1143 1149
f 1468 1140 1469
f 1140 1138 1469
f 1469 1138 1465
f 1138 1137 1465
f 1465 1137 1142
f 1135 870 1468
f 870 869 1468
f 1468 869 1140
f 1468 1470 1135
f 1470 1471 1135
f 1135 1471 1136
f 1471 1134 1136
f 1134 1471 1133
f 1471 1472 1133
f 1133 1472 1433
f 1132 1433 1131
f 1433 1473 1131
f 1131 1473 1124
f 1124 1473 1125
f 1473 1474 1125
f 1125 1474 1127
f 1127 1474 1128
f 1474 1475 1128
f 1128 1475 1122
f 1122 1475 1123
f 1475 1476 1123
f 1123 1476 1118
f 1476 1477 1118
f 1118 1477 1119
f 1119 1477 1116
f 1477 1478 1116
f 1116 1478 1117
f 1117 1478 1114
f 1478 1479 1114
f 1114 1479 1112
f 1479 1480 1112
f 1112 1480 1110
f 1110 1480 1109
f 1480 1481 1109
f 1109 1481 1107
f 1481 1482 1107
f 1107 1482 1105
f 1105 1482 1103
f 1482 1483 1103
f 1103 1483 1101
f 1483 1484 1101
f 1101 1484 872
f 872 1484 873
f 1484 1485 873
f 873 1485 1099
f 1485 1486 1099
f 1099 1486 1100
f 1100 1486 1094
f 1486 1487 1094
f 1094 1487 1095
f 1095 1487 1096
f 1487 1488 1096
f 1096 1488 1097
f 1488 1489 1097
f 1097 1489 875
f 875 1489 876
f 1489 1490 876
f 876 1490 1089
f 1089 1490 1090
f 1490 1491 1090
f 1090 1491 1091
f 793 766 1441
f 766 767 1441
f 1441 767 1442
f 767 768 1442
f 1442 768 1492
f 768 763 1492
f 1492 763 1493
f 763 762 1493
f 1493 762 1494
f 762 772 1494
f 1494 772 1495
f 772 771 1495
f 1495 771 1496
f 771 784 1496
f 1496 784 1497
f 784 783 1497
f 1497 783 1498
f 783 782 1498
f 1498 782 1499
f 782 774 1499
f 1499 774 1500
f 774 773 1500
f 1500 773 1501
f 773 779 1501
f 1501 779 1502
f 779 770 1502
f 1502 770 1503
f 770 769 1503
f 1503 769 1504
f 769 780 1504
f 1504 780 1505
f 780 781 1505
f 1505 781 1506
f 781 797 1506
f 1506 797 1507
f 797 796 1507
f 1507 796 1508
f 796 795 1508
f 1508 795 1509
f 795 792 1509
f 1509 792 1510
f 792 807 1510
f 1510 807 1511
f 807 806 1511
f 1511 806 1512
f 806 805 1512
f 1512 805 1513
f 805 786 1513
f 1513 786 1514
f 786 785 1514
f 1514 785 1515
f 785 765 1515
f 1515 765 1516
f 765 764 1516
f 1516 764 1517
f 764 789 1517
f 1517 789 1518
f 789 788 1518
f 1518 788 1519
f 788 787 1519
f 1519 787 1520
f 787 776 1520
f 1520 776 1521
f 776 775 1521
f 1521 775 1522
f 775 800 1522
f 1522 800 1523
f 800 799 1523
f 1523 799 1524
f 799 798 1524
f 1524 798 1525
f 798 791 1525
f 1525 791 1526
f 791 790 1526
f 1526 790 1527
f 790 801 1527
f 1527 801 1528
f 801 802 1528
f 1528 802 1529
f 802 808 1529
f 1529 808 1530
f 808 778 1530
f 1530 778 1531
f 778 777 1531
f 1531 777 1532
f 777 809 1532
f 1532 809 1533
f 809 810 1533
f 1533 810 1534
f 810 813 1534
f 1534 813 1535
f 813 812 1535
f 1535 812 1536
f 812 811 1536
f 1536 811 1537
f 811 804 1537
f 1537 804 1538
f 804 803 1538
f 1538 803 1539
f 803 814 1539
f 1539 814 1540
f 814 815 1540
f 1540 815 1541
f 1439 1442 1440
f 1442 1492 1440
f 1440 1492 1542
f 1492 1493 1542
f 1542 1493 1543
f 1493 1494 1543
f 1543 1494 1544
f 1494 1495 1544
f 1544 1495 1545
f 1495 1496 1545
f 1545 1496 1546
f 1496 1497 1546
f 1546 1497 1547
f 1497 1498 1547
f 1547 1498 1548
f 1498 1499 1548
f 1548 1499 1549
f 1499 1500 1549
f 1549 1500 1550
f 1500 1501 1550
f 1550 1501 1551
f 1501 1502 1551
f 1551 1502 1552
f 1502 1503 1552
f 1552 1503 1553
f 1503 1504 1553
f 1553 1504 1554
f 1504 1505 1554
f 1554 1505 1555
f 1505 1506 1555
f 1555 1506 1556
f 1506 1507 1556
f 1556 1507 1557
f 1507 1508 1557
f 1557 1508 1558
f 1508 1509 1558
f 1558 1509 1559
f 1509 1510 1559
f 1559 1510 1560
f 1510 1511 1560
f 1560 1511 1561
f 1511 1512 1561
f 1561 1512 1562
f 1512 1513 1562
f 1562 1513 1563
f 1513 1514 1563
f 1563 1514 1564
f 1514 1515 1564
f 1564 1515 1565
f 1515 1516 1565
f 1565 1516 1566
f 1516 1517 1566
f 1566 1517 1567
f 1517 1518 1567
f 1567 1518 1568
f 1518 1519 1568
f 1568 1519 1569
f 1519 1520 1569
f 1569 1520 1570
f 1520 1521 1570
f 1570 1521 1571
f 1521 1522 1571
f 1571 1522 1572
f 1522 1523 1572
f 1572 1523 1573
f 1523 1524 1573
f 1573 1524 1574
f 1524 1525 1574
f 1574 1525 1575
f 1525 1526 1575
f 1575 1526 1576
f 1526 1527 1576
f 1576 1527 1577
f 1527 1528 1577
f 1577 1528 1578
f 1528 1529 1578
f 1578 1529 1579
f 1529 1530 1579
f 1579 1530 1580
f 1530 1531 1580
f 1580 1531 1581
f 1531 1532 1581
f 1581 1532 1582
f 1532 1533 1582
f 1582 1533 1583
f 1533 1534 1583
f 1583 1534 1584
f 1534 1535 1584
f 1584 1535 1585
f 1535 1536 1585
f 1585 1536 1586
f 1536 1537 1586
f 1586 1537 1587
f 1537 1538 1587
f 1587 1538 1588
f 1538 1539 1588
f 1588 1539 1589
f 1539 1540 1589
f 1589 1540 1590
f 1540 1541 1590
f 1590 1541 1591
f 1437 1440 1438
f 1440 1542 1438
f 1438 1542 1592
f 1542 1543 1592
f 1592 1543 1593
f 1543 1544 1593
f 1593 1544 1594
f 1544 1545 1594
f 1594 1545 1595
f 1545 1546 1595
f 1595 1546 1596
f 1546 1547 1596
f 1596 1547 1597
f 1547 1548 1597
f 1597 1548 1598
f 1548 1549 1598
f 1598 1549 1599
f 1549 1550 1599
f 1599 1550 1600
f 1550 1551 1600
f 1600 1551 1601
f 1551 1552 1601
f 1601 1552 1602
f 1552 1553 1602
f 1602 1553 1603
f 1553 1554 1603
f 1603 1554 1604
f 1554 1555 1604
f 1604 1555 1605
f 1555 1556 1605
f 1605 1556 1606
f 1556 1557 1606
f 1606 1557 1607
f 1557 1558 1607
f 1607 1558 1608
f 1558 1559 1608
f 1608 1559 1609
f 1559 1560 1609
f 1609 1560 1610
f 1560 1561 1610
f 1610 1561 1611
f 1561 1562 1611
f 1611 1562 1612
f 1562 1563 1612
f 1612 1563 1613
f 1563 1564 1613
f 1613 1564 1614
f 1564 1565 1614
f 1614 1565 1615
f 1565 1566 1615
f 1615 1566 1616
f 1566 1567 1616
f 1616 1567 1617
f 1567 1568 1617
f 1617 1568 1618
f 1568 1569 1618
f 1618 1569 1619
f 1569 1570 1619
f 1619 1570 1620
f 1570 1571 1620
f 1620 1571 1621
f 1571 1572 1621
f 1621 1572 1622
f 1572 1573 1622
f 1622 1573 1623
f 1573 1574 1623
f 1623 1574 1624
f 1574 1575 1624
f 1624 1575 1625
f 1575 1576 1625
f 1625 1576 1626
f 1576 1577 1626
f 1626 1577 1627
f 1577 1578 1627
f 1627 1578 1628
f 1578 1579 1628
f 1628 1579 1629
f 1579 1580 1629
f 1629 1580 1630
f 1580 1581 1630
f 1630 1581 1631
f 1581 1582 1631
f 1631 1582 1632
f 1582 1583 1632
f 1632 1583 1633
f 1583 1584 1633
f 1633 1584 1634
f 1584 1585 1634
f 1634 1585 1635
f 1585 1586 1635
f 1635 1586 1636
f 1586 1587 1636
f 1636 1587 1637
f 1587 1588 1637
f 1637 1588 1638
f 1588 1589 1638
f 1638 1589 1639
f 1589 1590 1639
f 1639 1590 1640
f 1590 1591 1640
f 1640 1591 1641
f 1435 1438 1436
f 1438 1592 1436
f 1436 1592 1642
f 1592 1593 1642
f 1642 1593 1643
f 1593 1594 1643
f 1643 1594 1644
f 1594 1595 1644
f 1644 1595 1645
f 1595 1596 1645
f 1645 1596 1646
f 1596 1597 1646
f 1646 1597 1647
f 1597 1598 1647
f 1647 1598 1648
f 1598 1599 1648
f 1648 1599 1649
f 1599 1600 1649
f 1649 1600 1650
f 1600 1601 1650
f 1650 1601 1651
f 1601 1602 1651
f 1651 1602 1652
f 1602 1603 1652
f 1652 1603 1653
f 1603 1604 1653
f 1653 1604 1654
f 1604 1605 1654
f 1654 1605 1655
f 1605 1606 1655
f 1655 1606 1656
f 1606 1607 1656
f 1656 1607 1657
f 1607 1608 1657
f 1657 1608 1658
f 1608 1609 1658
f 1658 1609 1659
f 1609 1610 1659
f 1659 1610 1660
f 1610 1611 1660
f 1660 1611 1661
f 1611 1612 1661
f 1661 1612 1662
f 1612 1613 1662
f 1662 1613 1663
f 1613 1614 1663
f 1663 1614 1664
f 1614 1615 1664
f 1664 1615 1665
f 1615 1616 1665
f 1665 1616 1666
f 1616 1617 1666
f 1666 1617 1667
f 1617 1618 1667
f 1667 1618 1668
f 1618 1619 1668
f 1668 1619 1669
f 1619 1620 1669
f 1669 1620 1670
f 1620 1621 1670
f 1670 1621 1671
f 1621 1622 1671
f 1671 1622 1672
f 1622 1623 1672
f 1672 1623 1673
f 1623 1624 1673
f 1673 1624 1674
f 1624 1625 1674
f 1674 1625 1675
f 1625 1626 1675
f 1675 1626 1676
f 1626 1627 1676
f 1676 1627 1677
f 1627 1628 1677
f 1677 1628 1678
f 1628 1629 1678
f 1678 1629 1679
f 1629 1630 1679
f 1679 1630 1680
f 1630 1631 1680
f 1680 1631 1681
f 1631 1632 1681
f 1681 1632 1682
f 1632 1633 1682
f 1682 1633 1683
f 1633 1634 1683
f 1683 1634 1684
f 1634 1635 1684
f 1684 1635 1685
f 1635 1636 1685
f 1685 1636 1686
f 1636 1637 1686
f 1686 1637 1687
f 1637 1638 1687
f 1687 1638 1688
f 1638 1639 1688
f 1688 1639 1689
f 1639 1640 1689
f 1689 1640 1690
f 1640 1641 1690
f 1690 1641 1691
f 1434 1436 1443
f 1436 1642 1443
f 1443 1642 1444
f 1642 1643 1444
f 1444 1643 1445
f 1643 1644 1445
f 1445 1644 1446
f 1644 1645 1446
f 1446 1645 1447
f 1645 1646 1447
f 1447 1646 1448
f 1646 1647 1448
f 1448 1647 1449
f 1647 1648 1449
f 1449 1648 1450
f 1648 1649 1450
f 1450 1649 1453
f 1649 1650 1453
f 1453 1650 1452
f 1650 1651 1452
f 1452 1651 1451
f 1651 1652 1451
f 1451 1652 1454
f 1652 1653 1454
f 1454 1653 1455
f 1653 1654 1455
f 1455 1654 1457
f 1654 1655 1457
f 1457 1655 1456
f 1655 1656 1456
f 1456 1656 1459
f 1656 1657 1459
f 1459 1657 1458
f 1657 1658 1458
f 1458 1658 1460
f 1658 1659 1460
f 1460 1659 1461
f 1659 1660 1461
f 1461 1660 1462
f 1660 1661 1462
f 1462 1661 1463
f 1661 1662 1463
f 1463 1662 1464
f 1662 1663 1464
f 1464 1663 1467
f 1663 1664 1467
f 1467 1664 1466
f 1664 1665 1466
f 1466 1665 1465
f 1665 1666 1465
f 1465 1666 1469
f 1666 1667 1469
f 1469 1667 1468
f 1667 1668 1468
f 1468 1668 1470
f 1668 1669 1470
f 1470 1669 1471
f 1669 1670 1471
f 1471 1670 1472
f 1670 1671 1472
f 1472 1671 1433
f 1671 1672 1433
f 1433 1672 1473
f 1672 1673 1473
f 1473 1673 1474
f 1673 1674 1474
f 1474 1674 1475
f 1674 1675 1475
f 1475 1675 1476
f 1675 1676 1476
f 1476 1676 1477
f 1676 1677 1477
f 1477 1677 1478
f 1677 1678 1478
f 1478 1678 1479
f 1678 1679 1479
f 1479 1679 1480
f 1679 1680 1480
f 1480 1680 1481
f 1680 1681 1481
f 1481 1681 1482
f 1681 1682 1482
f 1482 1682 1483
f 1682 1683 1483
f 1483 1683 1484
f 1683 1684 1484
f 1484 1684 1485
f 1684 1685 1485
f 1485 1685 1486
f 1685 1686 1486
f 1486 1686 1487
f 1686 1687 1487
f 1487 1687 1488
f 1687 1688 1488
f 1488 1688 1489
f 1688 1689 1489
f 1489 1689 1490
f 1689 1690 1490
f 1490 1690 1491
f 1690 1691 1491
f 1491 1691 1432
f 1432 1085 1491
f 1085 1087 1491
f 1491 1087 1091
f 1080 1079 1692
f 1079 1432 1692
f 1692 1432 1693
f 1432 1691 1693
f 1693 1691 1694
f 1691 1641 1694
f 1694 1641 1695
f 1641 1591 1695
f 1695 1591 1696
f 1591 1541 1696
f 1696 1541 818
f 1541 815 818
f 1082 1080 1431
f 1080 1692 1431
f 1431 1692 1697
f 1692 1693 1697
f 1697 1693 1698
f 1693 1694 1698
f 1698 1694 1699
f 1694 1695 1699
f 1699 1695 1700
f 1695 1696 1700
f 1700 1696 817
f 1696 818 817
f 817 816 1700
f 816 1701 1700
f 1700 1701 1699
f 1701 1702 1699
f 1699 1702 1698
f 1702 1703 1698
f 1698 1703 1697
f 1703 1704 1697
f 1697 1704 1431
f 1704 1705 1431
f 1431 1705 1074
f 1705 1075 1074
f 816 794 1701
f 794 1706 1701
f 1701 1706 1702
f 1706 1707 1702
f 1702 1707 1703
f 1707 1708 1703
f 1703 1708 1704
f 1708 1709 1704
f 1704 1709 1705
f 1709 1710 1705
f 1705 1710 1075
f 1073 1078 1710
f 1078 1077 1710
f 1710 1077 1075
f 794 793 1706
f 793 1441 1706
f 1706 1441 1707
f 1441 1439 1707
f 1707 1439 1708
f 1439 1437 1708
f 1708 1437 1709
f 1437 1435 1709
f 1709 1435 1710
f 1435 1434 1710
f 1710 1434 1073
f 1434 1070 1073
f 1067 895 1711
f 1712 910 909
f 1713 909 907
f 1330 922 1714
f 1068 1715 1716
f 574 583 1717
f 583 585 1717
f 1717 585 1718
f 585 587 1718
f 1718 587 1719
f 1720 1063 1716
f 1063 1069 1716
f 1716 1069 1068
f 1721 1061 1722
f 1061 1066 1722
f 1722 1066 1720
f 1066 1065 1720
f 1720 1065 1063
f 1723 1058 1721
f 1058 1059 1721
f 1721 1059 1061
f 587 589 1719
f 589 591 1719
f 1719 591 1724
f 591 593 1724
f 1724 593 1725
f 593 452 1725
f 1725 452 1726
f 452 451 1726
f 1726 451 449
f 419 1727 449
f 1727 1728 449
f 449 1728 1726
f 1729 1056 1730
f 1056 1055 1730
f 1730 1055 1723
f 1055 1057 1723
f 1723 1057 1058
f 1731 882 1729
f 882 881 1729
f 1729 881 1056
f 1732 885 1731
f 885 884 1731
f 1731 884 882
f 419 444 1727
f 444 443 1727
f 1727 443 1733
f 443 441 1733
f 1733 441 1734
f 441 439 1734
f 1734 439 1735
f 889 1054 1736
f 1054 1053 1736
f 1736 1053 1737
f 1053 1051 1737
f 1737 1051 1732
f 1051 1050 1732
f 1732 1050 885
f 439 437 1735
f 437 435 1735
f 1735 435 1738
f 435 433 1738
f 1738 433 1739
f 889 1736 887
f 1736 1740 887
f 887 1740 1243
f 1741 1049 1740
f 1049 1047 1740
f 1740 1047 1243
f 433 431 1739
f 431 429 1739
f 1739 429 1742
f 429 427 1742
f 1742 427 1743
f 1744 1745 890
f 890 1041 1744
f 1041 1043 1744
f 1744 1043 1741
f 1043 1045 1741
f 1741 1045 1049
f 1746 1037 1747
f 1037 1036 1747
f 1747 1036 1745
f 1036 891 1745
f 1745 891 890
f 413 1748 1749
f 427 425 1743
f 425 423 1743
f 1743 423 1750
f 423 422 1750
f 1750 422 1751
f 422 417 1751
f 1751 417 1749
f 417 415 1749
f 1749 415 413
f 1752 1032 1753
f 1032 1040 1753
f 1753 1040 1746
f 1040 1039 1746
f 1746 1039 1037
f 1754 1035 1752
f 1035 1034 1752
f 1752 1034 1032
f 413 411 1748
f 411 409 1748
f 1748 409 1755
f 409 407 1755
f 1755 407 1756
f 407 405 1756
f 1756 405 1757
f 1758 1027 1759
f 1027 1031 1759
f 1759 1031 1754
f 1031 1030 1754
f 1754 1030 1035
f 405 403 1757
f 403 401 1757
f 1757 401 1760
f 401 399 1760
f 1760 399 1761
f 1762 1022 1758
f 1022 1028 1758
f 1758 1028 1027
f 1763 1025 1762
f 1025 1024 1762
f 1762 1024 1022
f 1201 1017 1764
f 1017 1016 1764
f 1764 1016 1763
f 1016 1018 1763
f 1763 1018 1025
f 389 1765 1766
f 399 397 1761
f 397 395 1761
f 1761 395 1767
f 395 393 1767
f 1767 393 1766
f 393 391 1766
f 1766 391 389
f 1201 1764 1011
f 1764 1768 1011
f 1011 1768 1012
f 1768 1769 1012
f 1012 1769 1014
f 1014 1769 1015
f 1769 1770 1015
f 1015 1770 893
f 893 1770 894
f 1770 1771 894
f 894 1771 1008
f 389 387 1765
f 387 385 1765
f 1765 385 1772
f 385 383 1772
f 1772 383 1773
f 383 381 1773
f 1773 381 1774
f 381 379 1774
f 1774 379 1775
f 379 366 1775
f 1008 1771 1009
f 1771 1776 1009
f 1009 1776 1010
f 1776 1777 1010
f 1010 1777 1003
f 1777 1778 1003
f 1003 1778 1004
f 366 370 1775
f 370 372 1775
f 1775 372 1779
f 372 374 1779
f 1779 374 1780
f 374 377 1780
f 1780 377 1781
f 1782 1006 1778
f 1006 1005 1778
f 1778 1005 1004
f 377 540 1781
f 540 538 1781
f 1781 538 1783
f 538 555 1783
f 1783 555 1784
f 555 554 1784
f 1784 554 552
f 1785 993 1786
f 993 996 1786
f 1786 996 1787
f 996 998 1787
f 1787 998 1782
f 998 1000 1782
f 1782 1000 1006
f 550 1788 552
f 1788 1789 552
f 552 1789 1784
f 1790 995 1785
f 995 994 1785
f 1785 994 993
f 1791 989 1792
f 989 992 1792
f 1792 992 1790
f 992 991 1790
f 1790 991 995
f 550 548 1788
f 548 546 1788
f 1788 546 1793
f 546 544 1793
f 1793 544 1794
f 544 543 1794
f 1794 543 1795
f 1796 983 1797
f 983 982 1797
f 1797 982 1791
f 982 987 1791
f 1791 987 989
f 980 986 1796
f 986 985 1796
f 1796 985 983
f 543 559 1795
f 559 558 1795
f 1795 558 1798
f 558 568 1798
f 1798 568 1799
f 568 567 1799
f 1799 567 565
f 535 1800 565
f 1800 1801 565
f 565 1801 1799
f 1796 1802 980
f 1802 1803 980
f 980 1803 981
f 1803 1804 981
f 981 1804 975
f 1805 972 1806
f 972 978 1806
f 1806 978 1804
f 978 977 1804
f 1804 977 975
f 535 533 1800
f 533 531 1800
f 1800 531 1807
f 531 530 1807
f 1807 530 1808
f 530 527 1808
f 1808 527 1809
f 1810 969 1811
f 969 970 1811
f 1811 970 1805
f 970 973 1805
f 1805 973 972
f 527 525 1809
f 525 523 1809
f 1809 523 1812
f 523 521 1812
f 1812 521 1813
f 1814 965 1810
f 965 967 1810
f 1810 967 969
f 1815 961 1816
f 961 960 1816
f 1816 960 1814
f 960 966 1814
f 1814 966 965
f 521 519 1813
f 519 517 1813
f 1813 517 1817
f 517 515 1817
f 1817 515 1818
f 515 514 1818
f 1818 514 1819
f 1820 1342 1815
f 1342 963 1815
f 1815 963 961
f 1821 954 1820
f 954 1341 1820
f 1820 1341 1342
f 514 511 1819
f 511 509 1819
f 1819 509 1822
f 509 508 1822
f 1822 508 1823
f 959 957 1824
f 957 956 1824
f 1824 956 1821
f 956 955 1821
f 1821 955 954
f 959 1824 953
f 1824 1825 953
f 953 1825 951
f 951 1825 950
f 1825 1826 950
f 950 1826 948
f 508 506 1823
f 506 504 1823
f 1823 504 1827
f 504 502 1827
f 1827 502 1828
f 502 500 1828
f 1828 500 1829
f 500 498 1829
f 948 1826 947
f 1826 1830 947
f 947 1830 945
f 498 496 1829
f 496 493 1829
f 1829 493 1831
f 493 491 1831
f 1831 491 1832
f 945 1830 940
f 1830 1833 940
f 940 1833 941
f 1833 1834 941
f 941 1834 942
f 1834 1835 942
f 942 1835 943
f 943 1835 944
f 1835 1836 944
f 944 1836 937
f 491 489 1832
f 489 488 1832
f 1832 488 1837
f 488 486 1837
f 1837 486 1838
f 486 484 1838
f 1838 484 1839
f 1840 935 1841
f 935 934 1841
f 1841 934 1836
f 934 938 1836
f 1836 938 937
f 1842 1843 1844
f 1843 1840 1844
f 1844 1840 1845
f 1840 1841 1845
f 1845 1841 1846
f 1841 1836 1846
f 1846 1836 1847
f 1836 1835 1847
f 1847 1835 1848
f 1835 1834 1848
f 1848 1834 1849
f 1834 1833 1849
f 1849 1833 1850
f 1833 1830 1850
f 1850 1830 1851
f 1830 1826 1851
f 1851 1826 1852
f 1826 1825 1852
f 1852 1825 1853
f 1825 1824 1853
f 1853 1824 1854
f 1824 1821 1854
f 1854 1821 1855
f 1821 1820 1855
f 1855 1820 1856
f 1820 1815 1856
f 1856 1815 1857
f 1815 1816 1857
f 1857 1816 1858
f 1816 1814 1858
f 1858 1814 1859
f 1814 1810 1859
f 1859 1810 1860
f 1810 1811 1860
f 1860 1811 1861
f 1811 1805 1861
f 1861 1805 1862
f 1805 1806 1862
f 1862 1806 1863
f 1806 1804 1863
f 1863 1804 1864
f 1804 1803 1864
f 1864 1803 1865
f 1803 1802 1865
f 1865 1802 1866
f 1802 1796 1866
f 1866 1796 1867
f 1796 1797 1867
f 1867 1797 1868
f 1797 1791 1868
f 1868 1791 1869
f 1791 1792 1869
f 1869 1792 1870
f 1792 1790 1870
f 1870 1790 1871
f 1790 1785 1871
f 1871 1785 1872
f 1785 1786 1872
f 1872 1786 1873
f 1786 1787 1873
f 1873 1787 1874
f 1787 1782 1874
f 1874 1782 1875
f 1782 1778 1875
f 1875 1778 1876
f 1778 1777 1876
f 1876 1777 1877
f 1777 1776 1877
f 1877 1776 1878
f 1776 1771 1878
f 1878 1771 1879
f 1771 1770 1879
f 1879 1770 1880
f 1770 1769 1880
f 1880 1769 1881
f 1769 1768 1881
f 1881 1768 1882
f 1768 1764 1882
f 1882 1764 1883
f 1764 1763 1883
f 1883 1763 1884
f 1763 1762 1884
f 1884 1762 1885
f 1762 1758 1885
f 1885 1758 1886
f 1758 1759 1886
f 1886 1759 1887
f 1759 1754 1887
f 1887 1754 1888
f 1754 1752 1888
f 1888 1752 1889
f 1752 1753 1889
f 1889 1753 1890
f 1753 1746 1890
f 1890 1746 1891
f 1746 1747 1891
f 1891 1747 1892
f 1747 1745 1892
f 1892 1745 1893
f 1745 1744 1893
f 1893 1744 1894
f 1744 1741 1894
f 1894 1741 1895
f 1741 1740 1895
f 1895 1740 1896
f 1740 1736 1896
f 1896 1736 1897
f 1736 1737 1897
f 1897 1737 1898
f 1737 1732 1898
f 1898 1732 1899
f 1732 1731 1899
f 1899 1731 1900
f 1731 1729 1900
f 1900 1729 1901
f 1729 1730 1901
f 1901 1730 1902
f 1730 1723 1902
f 1902 1723 1903
f 1723 1721 1903
f 1903 1721 1904
f 1721 1722 1904
f 1904 1722 1905
f 1722 1720 1905
f 1905 1720 1906
f 1720 1716 1906
f 1906 1716 1907
f 1716 1715 1907
f 1907 1715 1908
f 931 930 1843
f 930 929 1843
f 1843 929 1840
f 929 928 1840
f 1840 928 935
f 484 482 1839
f 482 480 1839
f 1839 480 1909
f 480 479 1909
f 1909 479 1910
f 479 476 1910
f 1910 476 474
f 1911 1842 1912
f 1842 1844 1912
f 1912 1844 1913
f 1844 1845 1913
f 1913 1845 1914
f 1845 1846 1914
f 1914 1846 1915
f 1846 1847 1915
f 1915 1847 1916
f 1847 1848 1916
f 1916 1848 1917
f 1848 1849 1917
f 1917 1849 1918
f 1849 1850 1918
f 1918 1850 1919
f 1850 1851 1919
f 1919 1851 1920
f 1851 1852 1920
f 1920 1852 1921
f 1852 1853 1921
f 1921 1853 1922
f 1853 1854 1922
f 1922 1854 1923
f 1854 1855 1923
f 1923 1855 1924
f 1855 1856 1924
f 1924 1856 1925
f 1856 1857 1925
f 1925 1857 1926
f 1857 1858 1926
f 1926 1858 1927
f 1858 1859 1927
f 1927 1859 1928
f 1859 1860 1928
f 1928 1860 1929
f 1860 1861 1929
f 1929 1861 1930
f 1861 1862 1930
f 1930 1862 1931
f 1862 1863 1931
f 1931 1863 1932
f 1863 1864 1932
f 1932 1864 1933
f 1864 1865 1933
f 1933 1865 1934
f 1865 1866 1934
f 1934 1866 1935
f 1866 1867 1935
f 1935 1867 1936
f 1867 1868 1936
f 1936 1868 1937
f 1868 1869 1937
f 1937 1869 1938
f 1869 1870 1938
f 1938 1870 1939
f 1870 1871 1939
f 1939 1871 1940
f 1871 1872 1940
f 1940 1872 1941
f 1872 1873 1941
f 1941 1873 1942
f 1873 1874 1942
f 1942 1874 1943
f 1874 1875 1943
f 1943 1875 1944
f 1875 1876 1944
f 1944 1876 1945
f 1876 1877 1945
f 1945 1877 1946
f 1877 1878 1946
f 1946 1878 1947
f 1878 1879 1947
f 1947 1879 1948
f 1879 1880 1948
f 1948 1880 1949
f 1880 1881 1949
f 1949 1881 1950
f 1881 1882 1950
f 1950 1882 1951
f 1882 1883 1951
f 1951 1883 1952
f 1883 1884 1952
f 1952 1884 1953
f 1884 1885 1953
f 1953 1885 1954
f 1885 1886 1954
f 1954 1886 1955
f 1886 1887 1955
f 1955 1887 1956
f 1887 1888 1956
f 1956 1888 1957
f 1888 1889 1957
f 1957 1889 1958
f 1889 1890 1958
f 1958 1890 1959
f 1890 1891 1959
f 1959 1891 1960
f 1891 1892 1960
f 1960 1892 1961
f 1892 1893 1961
f 1961 1893 1962
f 1893 1894 1962
f 1962 1894 1963
f 1894 1895 1963
f 1963 1895 1964
f 1895 1896 1964
f 1964 1896 1965
f 1896 1897 1965
f 1965 1897 1966
f 1897 1898 1966
f 1966 1898 1967
f 1898 1899 1967
f 1967 1899 1968
f 1899 1900 1968
f 1968 1900 1969
f 1900 1901 1969
f 1969 1901 1970
f 1901 1902 1970
f 1970 1902 1971
f 1902 1903 1971
f 1971 1903 1972
f 1903 1904 1972
f 1972 1904 1973
f 1904 1905 1973
f 1973 1905 1974
f 1905 1906 1974
f 1974 1906 1975
f 1906 1907 1975
f 1975 1907 1976
f 1907 1908 1976
f 1976 1908 1977
f 473 1978 474
f 1978 1979 474
f 474 1979 1910
f 1980 1911 1981
f 1911 1912 1981
f 1981 1912 1982
f 1912 1913 1982
f 1982 1913 1983
f 1913 1914 1983
f 1983 1914 1984
f 1914 1915 1984
f 1984 1915 1985
f 1915 1916 1985
f 1985 1916 1986
f 1916 1917 1986
f 1986 1917 1987
f 1917 1918 1987
f 1987 1918 1988
f 1918 1919 1988
f 1988 1919 1989
f 1919 1920 1989
f 1989 1920 1990
f 1920 1921 1990
f 1990 1921 1991
f 1921 1922 1991
f 1991 1922 1992
f 1922 1923 1992
f 1992 1923 1993
f 1923 1924 1993
f 1993 1924 1994
f 1924 1925 1994
f 1994 1925 1995
f 1925 1926 1995
f 1995 1926 1996
f 1926 1927 1996
f 1996 1927 1997
f 1927 1928 1997
f 1997 1928 1998
f 1928 1929 1998
f 1998 1929 1999
f 1929 1930 1999
f 1999 1930 2000
f 1930 1931 2000
f 2000 1931 2001
f 1931 1932 2001
f 2001 1932 2002
f 1932 1933 2002
f 2002 1933 2003
f 1933 1934 2003
f 2003 1934 2004
f 1934 1935 2004
f 2004 1935 2005
f 1935 1936 2005
f 2005 1936 2006
f 1936 1937 2006
f 2006 1937 2007
f 1937 1938 2007
f 2007 1938 2008
f 1938 1939 2008
f 2008 1939 2009
f 1939 1940 2009
f 2009 1940 2010
f 1940 1941 2010
f 2010 1941 2011
f 1941 1942 2011
f 2011 1942 2012
f 1942 1943 2012
f 2012 1943 2013
f 1943 1944 2013
f 2013 1944 2014
f 1944 1945 2014
f 2014 1945 2015
f 1945 1946 2015
f 2015 1946 2016
f 1946 1947 2016
f 2016 1947 2017
f 1947 1948 2017
f 2017 1948 2018
f 1948 1949 2018
f 2018 1949 2019
f 1949 1950 2019
f 2019 1950 2020
f 1950 1951 2020
f 2020 1951 2021
f 1951 1952 2021
f 2021 1952 2022
f 1952 1953 2022
f 2022 1953 2023
f 1953 1954 2023
f 2023 1954 2024
f 1954 1955 2024
f 2024 1955 2025
f 1955 1956 2025
f 2025 1956 2026
f 1956 1957 2026
f 2026 1957 2027
f 1957 1958 2027
f 2027 1958 2028
f 1958 1959 2028
f 2028 1959 2029
f 1959 1960 2029
f 2029 1960 2030
f 1960 1961 2030
f 2030 1961 2031
f 1961 1962 2031
f 2031 1962 2032
f 1962 1963 2032
f 2032 1963 2033
f 1963 1964 2033
f 2033 1964 2034
f 1964 1965 2034
f 2034 1965 2035
f 1965 1966 2035
f 2035 1966 2036
f 1966 1967 2036
f 2036 1967 2037
f 1967 1968 2037
f 2037 1968 2038
f 1968 1969 2038
f 2038 1969 2039
f 1969 1970 2039
f 2039 1970 2040
f 1970 1971 2040
f 2040 1971 2041
f 1971 1972 2041
f 2041 1972 2042
f 1972 1973 2042
f 2042 1973 2043
f 1973 1974 2043
f 2043 1974 2044
f 1974 1975 2044
f 2044 1975 2045
f 1975 1976 2045
f 2045 1976 2046
f 1976 1977 2046
f 2046 1977 2047
f 922 921 2048
f 921 932 2048
f 2048 932 931
f 2049 1980 2050
f 1980 1981 2050
f 2050 1981 1978
f 1981 1982 1978
f 1978 1982 1979
f 1982 1983 1979
f 1979 1983 1910
f 1983 1984 1910
f 1910 1984 1909
f 1984 1985 1909
f 1909 1985 1839
f 1985 1986 1839
f 1839 1986 1838
f 1986 1987 1838
f 1838 1987 1837
f 1987 1988 1837
f 1837 1988 1832
f 1988 1989 1832
f 1832 1989 1831
f 1989 1990 1831
f 1831 1990 1829
f 1990 1991 1829
f 1829 1991 1828
f 1991 1992 1828
f 1828 1992 1827
f 1992 1993 1827
f 1827 1993 1823
f 1993 1994 1823
f 1823 1994 1822
f 1994 1995 1822
f 1822 1995 1819
f 1995 1996 1819
f 1819 1996 1818
f 1996 1997 1818
f 1818 1997 1817
f 1997 1998 1817
f 1817 1998 1813
f 1998 1999 1813
f 1813 1999 1812
f 1999 2000 1812
f 1812 2000 1809
f 2000 2001 1809
f 1809 2001 1808
f 2001 2002 1808
f 1808 2002 1807
f 2002 2003 1807
f 1807 2003 1800
f 2003 2004 1800
f 1800 2004 1801
f 2004 2005 1801
f 1801 2005 1799
f 2005 2006 1799
f 1799 2006 1798
f 2006 2007 1798
f 1798 2007 1795
f 2007 2008 1795
f 1795 2008 1794
f 2008 2009 1794
f 1794 2009 1793
f 2009 2010 1793
f 1793 2010 1788
f 2010 2011 1788
f 1788 2011 1789
f 2011 2012 1789
f 1789 2012 1784
f 2012 2013 1784
f 1784 2013 1783
f 2013 2014 1783
f 1783 2014 1781
f 2014 2015 1781
f 1781 2015 1780
f 2015 2016 1780
f 1780 2016 1779
f 2016 2017 1779
f 1779 2017 1775
f 2017 2018 1775
f 1775 2018 1774
f 2018 2019 1774
f 1774 2019 1773
f 2019 2020 1773
f 1773 2020 1772
f 2020 2021 1772
f 1772 2021 1765
f 2021 2022 1765
f 1765 2022 1766
f 2022 2023 1766
f 1766 2023 1767
f 2023 2024 1767
f 1767 2024 1761
f 2024 2025 1761
f 1761 2025 1760
f 2025 2026 1760
f 1760 2026 1757
f 2026 2027 1757
f 1757 2027 1756
f 2027 2028 1756
f 1756 2028 1755
f 2028 2029 1755
f 1755 2029 1748
f 2029 2030 1748
f 1748 2030 1749
f 2030 2031 1749
f 1749 2031 1751
f 2031 2032 1751
f 1751 2032 1750
f 2032 2033 1750
f 1750 2033 1743
f 2033 2034 1743
f 1743 2034 1742
f 2034 2035 1742
f 1742 2035 1739
f 2035 2036 1739
f 1739 2036 1738
f 2036 2037 1738
f 1738 2037 1735
f 2037 2038 1735
f 1735 2038 1734
f 2038 2039 1734
f 1734 2039 1733
f 2039 2040 1733
f 1733 2040 1727
f 2040 2041 1727
f 1727 2041 1728
f 2041 2042 1728
f 1728 2042 1726
f 2042 2043 1726
f 1726 2043 1725
f 2043 2044 1725
f 1725 2044 1724
f 2044 2045 1724
f 1724 2045 1719
f 2045 2046 1719
f 1719 2046 1718
f 2046 2047 1718
f 1718 2047 1717
f 919 918 2051
f 918 917 2051
f 2051 917 1330
f 916 915 2052
f 915 919 2052
f 473 471 1978
f 471 469 1978
f 1978 469 2050
f 469 466 2050
f 2050 466 2049
f 466 464 2049
f 2049 464 462
f 922 2048 1714
f 2048 2053 1714
f 1714 2053 2054
f 2053 2055 2054
f 2054 2055 2056
f 2055 2057 2056
f 2056 2057 2058
f 2057 2059 2058
f 2058 2059 2060
f 913 912 2061
f 912 916 2061
f 931 1843 2048
f 1843 1842 2048
f 2048 1842 2053
f 1842 1911 2053
f 2053 1911 2055
f 1911 1980 2055
f 2055 1980 2057
f 1980 2049 2057
f 2057 2049 2059
f 2049 462 2059
f 2059 462 2060
f 2062 907 913
f 462 460 2060
f 460 458 2060
f 2060 458 454
f 919 2051 2052
f 2051 2063 2052
f 2052 2063 2064
f 2063 2065 2064
f 2064 2065 2066
f 2065 2067 2066
f 2066 2067 2068
f 2067 2069 2068
f 2068 2069 2070
f 1330 1714 2051
f 1714 2054 2051
f 2051 2054 2063
f 2054 2056 2063
f 2063 2056 2065
f 2056 2058 2065
f 2065 2058 2067
f 2058 2060 2067
f 2067 2060 2069
f 2060 454 2069
f 2069 454 2070
f 454 362 2070
f 362 361 2070
f 2070 361 572
f 913 2061 2062
f 2061 2071 2062
f 2062 2071 2072
f 2071 2073 2072
f 2072 2073 2074
f 2073 2075 2074
f 2074 2075 2076
f 2075 2077 2076
f 2076 2077 2078
f 2079 2080 1712
f 916 2052 2061
f 2052 2064 2061
f 2061 2064 2071
f 2064 2066 2071
f 2071 2066 2073
f 2066 2068 2073
f 2073 2068 2075
f 2068 2070 2075
f 2075 2070 2077
f 2070 572 2077
f 2077 572 2078
f 2081 2082 2079
f 2079 2082 2080
f 2082 2083 2080
f 2080 2083 900
f 900 901 2080
f 901 903 2080
f 2080 903 1712
f 903 905 1712
f 1712 905 910
f 572 570 2078
f 570 580 2078
f 2078 580 579
f 899 900 2084
f 900 2083 2084
f 2084 2083 2085
f 2083 2082 2085
f 2085 2082 2086
f 2082 2081 2086
f 2086 2081 2087
f 907 2062 1713
f 2062 2072 1713
f 1713 2072 2088
f 2072 2074 2088
f 2088 2074 2089
f 2074 2076 2089
f 2089 2076 2090
f 2076 2078 2090
f 2090 2078 2091
f 2078 579 2091
f 2091 579 577
f 1711 2084 2092
f 2084 2085 2092
f 2092 2085 2093
f 2085 2086 2093
f 2093 2086 2094
f 2086 2087 2094
f 2094 2087 2095
f 1711 895 2084
f 895 897 2084
f 2084 897 899
f 909 1713 1712
f 1713 2088 1712
f 1712 2088 2079
f 2088 2089 2079
f 2079 2089 2081
f 2089 2090 2081
f 2081 2090 2087
f 2090 2091 2087
f 2087 2091 2095
f 2091 577 2095
f 2095 577 575
f 575 574 2095
f 574 1717 2095
f 2095 1717 2094
f 1717 2047 2094
f 2094 2047 2093
f 2047 1977 2093
f 2093 1977 2092
f 1977 1908 2092
f 2092 1908 1711
f 1908 1715 1711
f 1711 1715 1067
f 1715 1068 1067
f 60 54 2096
f 54 56 2096
f 2096 56 50
f 68 66 2096
f 66 63 2096
f 2096 63 60
f 2 1 2096
f 1 73 2096
f 2096 73 68
f 12 10 2096
f 10 6 2096
f 2096 6 2
f 22 16 2096
f 16 18 2096
f 2096 18 12
f 32 28 2096
f 28 25 2096
f 2096 25 22
f 41 37 2096
f 37 30 2096
f 2096 30 32
f 50 47 2096
f 47 44 2096
f 2096 44 41
f 75 74 2097
f 2097 2098 75
f 2098 2099 75
f 75 2099 2100
f 2099 2101 2100
f 2102 2103 2104
f 2105 2102 2106
f 2102 2104 2106
f 2106 2104 215
f 2104 226 215
f 2099 2098 2107
f 2098 2108 2107
f 2107 2108 2109
f 2108 2110 2109
f 2109 2110 2111
f 2110 2112 2111
f 2111 2112 2113
f 2112 2114 2113
f 2113 2114 2115
f 2114 2116 2115
f 2115 2116 2117
f 2116 2118 2117
f 2117 2118 2119
f 2118 2120 2119
f 2119 2120 2121
f 2120 2122 2121
f 2121 2122 2123
f 2122 2124 2123
f 2123 2124 2125
f 2124 2126 2125
f 2125 2126 2127
f 2126 2128 2127
f 2127 2128 2129
f 2128 2130 2129
f 2129 2130 2131
f 2130 2132 2131
f 2131 2132 2133
f 2132 2134 2133
f 2133 2134 2135
f 2134 2136 2135
f 2135 2136 2137
f 2136 2138 2137
f 2137 2138 2139
f 2138 2140 2139
f 2139 2140 2141
f 2140 2142 2141
f 2141 2142 2143
f 2142 2144 2143
f 2143 2144 2145
f 2144 2146 2145
f 2145 2146 2147
f 2146 2148 2147
f 2147 2148 2149
f 2148 2150 2149
f 2149 2150 2151
f 2150 2152 2151
f 2151 2152 2153
f 2152 2154 2153
f 2153 2154 2155
f 2154 2156 2155
f 2155 2156 2157
f 2156 2158 2157
f 2157 2158 2159
f 2158 2160 2159
f 2159 2160 2161
f 2160 2162 2161
f 2161 2162 2163
f 2162 2164 2163
f 2163 2164 2165
f 2164 2166 2165
f 2165 2166 2167
f 2166 2168 2167
f 2167 2168 2169
f 2168 2170 2169
f 2169 2170 2171
f 2170 2172 2171
f 2171 2172 2173
f 2172 2174 2173
f 2173 2174 2175
f 2174 2176 2175
f 2175 2176 2177
f 2176 2178 2177
f 2177 2178 2179
f 2178 2180 2179
f 2179 2180 2181
f 2180 2182 2181
f 2181 2182 2183
f 2182 2184 2183
f 2183 2184 2185
f 2184 2186 2185
f 2185 2186 2187
f 2186 2188 2187
f 2187 2188 2189
f 2188 2190 2189
f 2189 2190 2191
f 2190 2192 2191
f 2191 2192 2193
f 2192 2194 2193
f 2193 2194 2195
f 2194 2196 2195
f 2195 2196 2197
f 2196 2198 2197
f 2197 2198 2199
f 2198 2200 2199
f 2199 2200 2201
f 2200 2202 2201
f 2201 2202 2203
f 2202 2204 2203
f 2203 2204 2205
f 2204 2206 2205
f 2205 2206 2207
f 2206 2208 2207
f 2207 2208 2209
f 2208 2210 2209
f 2209 2210 2211
f 2210 2212 2211
f 2211 2212 2213
f 2212 2214 2213
f 2213 2214 2215
f 2214 2216 2215
f 2215 2216 2217
f 2216 2218 2217
f 2217 2218 2219
f 2218 2220 2219
f 2219 2220 2221
f 2220 2222 2221
f 2221 2222 2223
f 2222 2224 2223
f 2223 2224 2225
f 2224 2226 2225
f 2225 2226 2227
f 2226 2228 2227
f 2227 2228 2229
f 2228 2230 2229
f 2229 2230 2231
f 2230 2232 2231
f 2231 2232 2233
f 2232 2234 2233
f 2233 2234 2235
f 2234 2236 2235
f 2235 2236 2237
f 2236 2238 2237
f 2237 2238 2102
f 2238 2103 2102
f 2101 2099 2239
f 2099 2107 2239
f 2239 2107 2240
f 2107 2109 2240
f 2240 2109 2241
f 2109 2111 2241
f 2241 2111 2242
f 2111 2113 2242
f 2242 2113 2243
f 2113 2115 2243
f 2243 2115 2244
f 2115 2117 2244
f 2244 2117 2245
f 2117 2119 2245
f 2245 2119 2246
f 2119 2121 2246
f 2246 2121 2247
f 2121 2123 2247
f 2247 2123 2248
f 2123 2125 2248
f 2248 2125 2249
f 2125 2127 2249
f 2249 2127 2250
f 2127 2129 2250
f 2250 2129 2251
f 2129 2131 2251
f 2251 2131 2252
f 2131 2133 2252
f 2252 2133 2253
f 2133 2135 2253
f 2253 2135 2254
f 2135 2137 2254
f 2254 2137 2255
f 2137 2139 2255
f 2255 2139 2256
f 2139 2141 2256
f 2256 2141 2257
f 2141 2143 2257
f 2257 2143 2258
f 2143 2145 2258
f 2258 2145 2259
f 2145 2147 2259
f 2259 2147 2260
f 2147 2149 2260
f 2260 2149 2261
f 2149 2151 2261
f 2261 2151 2262
f 2151 2153 2262
f 2262 2153 2263
f 2153 2155 2263
f 2263 2155 2264
f 2155 2157 2264
f 2264 2157 2265
f 2157 2159 2265
f 2265 2159 2266
f 2159 2161 2266
f 2266 2161 2267
f 2161 2163 2267
f 2267 2163 2268
f 2163 2165 2268
f 2268 2165 2269
f 2165 2167 2269
f 2269 2167 2270
f 2167 2169 2270
f 2270 2169 2271
f 2169 2171 2271
f 2271 2171 2272
f 2171 2173 2272
f 2272 2173 2273
f 2173 2175 2273
f 2273 2175 2274
f 2175 2177 2274
f 2274 2177 2275
f 2177 2179 2275
f 2275 2179 2276
f 2179 2181 2276
f 2276 2181 2277
f 2181 2183 2277
f 2277 2183 2278
f 2183 2185 2278
f 2278 2185 2279
f 2185 2187 2279
f 2279 2187 2280
f 2187 2189 2280
f 2280 2189 2281
f 2189 2191 2281
f 2281 2191 2282
f 2191 2193 2282
f 2282 2193 2283
f 2193 2195 2283
f 2283 2195 2284
f 2195 2197 2284
f 2284 2197 2285
f 2197 2199 2285
f 2285 2199 2286
f 2199 2201 2286
f 2286 2201 2287
f 2201 2203 2287
f 2287 2203 2288
f 2203 2205 2288
f 2288 2205 2289
f 2205 2207 2289
f 2289 2207 2290
f 2207 2209 2290
f 2290 2209 2291
f 2209 2211 2291
f 2291 2211 2292
f 2211 2213 2292
f 2292 2213 2293
f 2213 2215 2293
f 2293 2215 2294
f 2215 2217 2294
f 2294 2217 2295
f 2217 2219 2295
f 2295 2219 2296
f 2219 2221 2296
f 2296 2221 2297
f 2221 2223 2297
f 2297 2223 2298
f 2223 2225 2298
f 2298 2225 2299
f 2225 2227 2299
f 2299 2227 2300
f 2227 2229 2300
f 2300 2229 2301
f 2229 2231 2301
f 2301 2231 2302
f 2231 2233 2302
f 2302 2233 2303
f 2233 2235 2303
f 2303 2235 2304
f 2235 2237 2304
f 2304 2237 2105
f 2237 2102 2105
f 2305 2097 74
f 29 34 2306
f 48 49 2307
f 67 70 2308
f 93 95 2309
f 2310 2311 104
f 2312 2313 130
f 2314 2315 156
f 201 203 2316
f 226 2104 224
f 2104 2317 224
f 224 2317 222
f 222 2317 220
f 2317 2318 220
f 220 2318 214
f 214 2318 212
f 2318 2319 212
f 212 2319 210
f 2319 2320 210
f 210 2320 208
f 2316 203 2320
f 203 205 2320
f 2320 205 208
f 201 2316 199
f 2316 2321 199
f 199 2321 197
f 2321 2322 197
f 197 2322 195
f 195 2322 193
f 2322 2323 193
f 193 2323 191
f 191 2323 189
f 2323 2324 189
f 189 2324 188
f 188 2324 186
f 2324 2325 186
f 186 2325 184
f 2325 2326 184
f 184 2326 182
f 2327 2328 173
f 173 175 2327
f 175 177 2327
f 2327 177 2326
f 177 179 2326
f 2326 179 182
f 2329 167 2330
f 167 169 2330
f 2330 169 2328
f 169 171 2328
f 2328 171 173
f 2331 163 2329
f 163 165 2329
f 2329 165 167
f 156 158 2314
f 158 160 2314
f 2314 160 2331
f 160 161 2331
f 2331 161 163
f 2332 2333 147
f 147 149 2332
f 149 151 2332
f 2332 151 2315
f 151 153 2315
f 2315 153 156
f 2334 141 2335
f 141 143 2335
f 2335 143 2333
f 143 145 2333
f 2333 145 147
f 2336 137 2334
f 137 139 2334
f 2334 139 141
f 130 132 2312
f 132 134 2312
f 2312 134 2336
f 134 135 2336
f 2336 135 137
f 2337 2338 121
f 121 123 2337
f 123 125 2337
f 2337 125 2313
f 125 127 2313
f 2313 127 130
f 2339 115 2340
f 115 117 2340
f 2340 117 2338
f 117 119 2338
f 2338 119 121
f 2341 111 2339
f 111 113 2339
f 2339 113 115
f 104 106 2310
f 106 107 2310
f 2310 107 2341
f 107 109 2341
f 2341 109 111
f 2309 95 2342
f 95 97 2342
f 97 99 2342
f 2342 99 2311
f 99 101 2311
f 2311 101 104
f 93 2309 91
f 2309 2343 91
f 91 2343 89
f 2343 2344 89
f 89 2344 87
f 87 2344 85
f 2344 2345 85
f 85 2345 83
f 83 2345 78
f 2345 2346 78
f 78 2346 79
f 79 2346 81
f 2346 2347 81
f 81 2347 82
f 2347 2348 82
f 82 2348 76
f 2308 70 2348
f 70 69 2348
f 2348 69 76
f 67 2308 65
f 2308 2349 65
f 65 2349 64
f 2349 2350 64
f 64 2350 62
f 62 2350 61
f 2350 2351 61
f 61 2351 59
f 59 2351 52
f 2351 2352 52
f 52 2352 53
f 53 2352 55
f 2352 2353 55
f 55 2353 57
f 2353 2354 57
f 57 2354 58
f 2307 49 2354
f 49 51 2354
f 2354 51 58
f 48 2307 46
f 2307 2355 46
f 46 2355 45
f 2355 2356 45
f 45 2356 43
f 43 2356 42
f 2356 2357 42
f 42 2357 40
f 40 2357 35
f 2357 2358 35
f 35 2358 36
f 36 2358 38
f 2358 2359 38
f 38 2359 39
f 2359 2360 39
f 39 2360 31
f 2306 34 2360
f 34 33 2360
f 2360 33 31
f 29 2306 27
f 2306 2361 27
f 27 2361 26
f 2361 2362 26
f 26 2362 24
f 24 2362 23
f 2362 2363 23
f 23 2363 21
f 21 2363 14
f 2363 2364 14
f 14 2364 15
f 15 2364 17
f 2364 2365 17
f 17 2365 19
f 2365 2366 19
f 19 2366 20
f 2367 11 2366
f 11 13 2366
f 2366 13 20
f 2368 5 2369
f 5 4 2369
f 2369 4 2367
f 4 9 2367
f 2367 9 11
f 2370 8 2368
f 8 7 2368
f 2368 7 5
f 74 72 2305
f 72 71 2305
f 2305 71 2370
f 71 3 2370
f 2370 3 8
f 2098 2097 2108
f 2097 2305 2108
f 2108 2305 2110
f 2305 2370 2110
f 2110 2370 2112
f 2370 2368 2112
f 2112 2368 2114
f 2368 2369 2114
f 2114 2369 2116
f 2369 2367 2116
f 2116 2367 2118
f 2367 2366 2118
f 2118 2366 2120
f 2366 2365 2120
f 2120 2365 2122
f 2365 2364 2122
f 2122 2364 2124
f 2364 2363 2124
f 2124 2363 2126
f 2363 2362 2126
f 2126 2362 2128
f 2362 2361 2128
f 2128 2361 2130
f 2361 2306 2130
f 2130 2306 2132
f 2306 2360 2132
f 2132 2360 2134
f 2360 2359 2134
f 2134 2359 2136
f 2359 2358 2136
f 2136 2358 2138
f 2358 2357 2138
f 2138 2357 2140
f 2357 2356 2140
f 2140 2356 2142
f 2356 2355 2142
f 2142 2355 2144
f 2355 2307 2144
f 2144 2307 2146
f 2307 2354 2146
f 2146 2354 2148
f 2354 2353 2148
f 2148 2353 2150
f 2353 2352 2150
f 2150 2352 2152
f 2352 2351 2152
f 2152 2351 2154
f 2351 2350 2154
f 2154 2350 2156
f 2350 2349 2156
f 2156 2349 2158
f 2349 2308 2158
f 2158 2308 2160
f 2308 2348 2160
f 2160 2348 2162
f 2348 2347 2162
f 2162 2347 2164
f 2347 2346 2164
f 2164 2346 2166
f 2346 2345 2166
f 2166 2345 2168
f 2345 2344 2168
f 2168 2344 2170
f 2344 2343 2170
f 2170 2343 2172
f 2343 2309 2172
f 2172 2309 2174
f 2309 2342 2174
f 2174 2342 2176
f 2342 2311 2176
f 2176 2311 2178
f 2311 2310 2178
f 2178 2310 2180
f 2310 2341 2180
f 2180 2341 2182
f 2341 2339 2182
f 2182 2339 2184
f 2339 2340 2184
f 2184 2340 2186
f 2340 2338 2186
f 2186 2338 2188
f 2338 2337 2188
f 2188 2337 2190
f 2337 2313 2190
f 2190 2313 2192
f 2313 2312 2192
f 2192 2312 2194
f 2312 2336 2194
f 2194 2336 2196
f 2336 2334 2196
f 2196 2334 2198
f 2334 2335 2198
f 2198 2335 2200
f 2335 2333 2200
f 2200 2333 2202
f 2333 2332 2202
f 2202 2332 2204
f 2332 2315 2204
f 2204 2315 2206
f 2315 2314 2206
f 2206 2314 2208
f 2314 2331 2208
f 2208 2331 2210
f 2331 2329 2210
f 2210 2329 2212
f 2329 2330 2212
f 2212 2330 2214
f 2330 2328 2214
f 2214 2328 2216
f 2328 2327 2216
f 2216 2327 2218
f 2327 2326 2218
f 2218 2326 2220
f 2326 2325 2220
f 2220 2325 2222
f 2325 2324 2222
f 2222 2324 2224
f 2324 2323 2224
f 2224 2323 2226
f 2323 2322 2226
f 2226 2322 2228
f 2322 2321 2228
f 2228 2321 2230
f 2321 2316 2230
f 2230 2316 2232
f 2316 2320 2232
f 2232 2320 2234
f 2320 2319 2234
f 2234 2319 2236
f 2319 2318 2236
f 2236 2318 2238
f 2318 2317 2238
f 2238 2317 2103
f 2317 2104 2103
f 2371 2100 2101
f 2372 2373 2242
f 2374 2375 2244
f 2376 2377 2246
f 2378 2379 2249
f 2380 2381 2251
f 2382 2383 2253
f 2384 2385 2256
f 2386 2387 2258
f 2388 2389 2260
f 2390 2391 2263
f 2392 2393 2270
f 2394 2395 2277
f 2396 2397 2284
f 2398 2399 2291
f 2400 2401 2293
f 2402 2403 2295
f 2404 2405 2299
f 2406 2407 2301
f 2304 2408 2303
f 2408 2409 2303
f 2303 2409 2302
f 2301 2407 2300
f 2299 2405 2298
f 2405 2410 2298
f 2298 2410 2297
f 2410 2411 2297
f 2297 2411 2296
f 2295 2403 2294
f 2293 2401 2292
f 2291 2399 2290
f 2399 2412 2290
f 2290 2412 2289
f 2412 2413 2289
f 2289 2413 2288
f 2413 2414 2288
f 2288 2414 2287
f 2414 2415 2287
f 2287 2415 2286
f 2415 2416 2286
f 2286 2416 2285
f 2284 2397 2283
f 2397 2417 2283
f 2283 2417 2282
f 2417 2418 2282
f 2282 2418 2281
f 2418 2419 2281
f 2281 2419 2280
f 2419 2420 2280
f 2280 2420 2279
f 2420 2421 2279
f 2279 2421 2278
f 2277 2395 2276
f 2395 2422 2276
f 2276 2422 2275
f 2422 2423 2275
f 2275 2423 2274
f 2423 2424 2274
f 2274 2424 2273
f 2424 2425 2273
f 2273 2425 2272
f 2425 2426 2272
f 2272 2426 2271
f 2270 2393 2269
f 2393 2427 2269
f 2269 2427 2268
f 2427 2428 2268
f 2268 2428 2267
f 2428 2429 2267
f 2267 2429 2266
f 2429 2430 2266
f 2266 2430 2265
f 2430 2431 2265
f 2265 2431 2264
f 2263 2391 2262
f 2391 2432 2262
f 2262 2432 2261
f 2260 2389 2259
f 2258 2387 2257
f 2256 2385 2255
f 2385 2433 2255
f 2255 2433 2254
f 2253 2383 2252
f 2251 2381 2250
f 2249 2379 2248
f 2379 2434 2248
f 2248 2434 2247
f 2246 2377 2245
f 2244 2375 2243
f 2242 2373 2241
f 2373 2435 2241
f 2241 2435 2240
f 2435 2436 2240
f 2240 2436 2239
f 215 2408 2106
f 2408 2304 2106
f 2106 2304 2105
f 215 217 2408
f 217 219 2408
f 2408 219 2409
f 219 229 2409
f 229 231 2409
f 231 2406 2409
f 2409 2406 2302
f 2406 2301 2302
f 235 2407 236
f 2407 2406 236
f 236 2406 233
f 2406 231 233
f 235 239 2407
f 239 2404 2407
f 2407 2404 2300
f 2404 2299 2300
f 239 238 2404
f 238 242 2404
f 2404 242 2405
f 242 241 2405
f 2405 241 2410
f 241 245 2410
f 245 244 2410
f 2410 244 2411
f 244 248 2411
f 248 247 2411
f 247 2402 2411
f 2411 2402 2296
f 2402 2295 2296
f 249 2403 250
f 2403 2402 250
f 250 2402 251
f 2402 247 251
f 249 252 2403
f 252 2400 2403
f 2403 2400 2294
f 2400 2293 2294
f 257 2401 256
f 2401 2400 256
f 256 2400 254
f 2400 252 254
f 257 259 2401
f 259 2398 2401
f 2401 2398 2292
f 2398 2291 2292
f 259 260 2398
f 260 262 2398
f 2398 262 2399
f 262 263 2399
f 2399 263 2412
f 263 265 2412
f 265 270 2412
f 2412 270 2413
f 270 269 2413
f 269 267 2413
f 267 275 2413
f 2413 275 2414
f 275 274 2414
f 2414 274 2415
f 276 2416 271
f 2416 2415 271
f 271 2415 272
f 2415 274 272
f 276 278 2416
f 278 2396 2416
f 2416 2396 2285
f 2396 2284 2285
f 278 279 2396
f 279 281 2396
f 2396 281 2397
f 281 282 2397
f 2397 282 2417
f 282 284 2417
f 284 285 2417
f 2417 285 2418
f 285 287 2418
f 287 294 2418
f 294 293 2418
f 2418 293 2419
f 293 291 2419
f 2419 291 2420
f 295 2421 288
f 2421 2420 288
f 288 2420 289
f 2420 291 289
f 295 297 2421
f 297 2394 2421
f 2421 2394 2278
f 2394 2277 2278
f 297 298 2394
f 298 228 2394
f 2394 228 2395
f 228 227 2395
f 2395 227 2422
f 227 225 2422
f 225 223 2422
f 2422 223 2423
f 223 221 2423
f 221 213 2423
f 213 211 2423
f 2423 211 2424
f 211 209 2424
f 2424 209 2425
f 204 2426 206
f 2426 2425 206
f 206 2425 207
f 2425 209 207
f 204 202 2426
f 202 2392 2426
f 2426 2392 2271
f 2392 2270 2271
f 202 200 2392
f 200 198 2392
f 2392 198 2393
f 198 196 2393
f 2393 196 2427
f 196 194 2427
f 194 192 2427
f 2427 192 2428
f 192 190 2428
f 190 187 2428
f 187 185 2428
f 2428 185 2429
f 185 183 2429
f 2429 183 2430
f 178 2431 180
f 2431 2430 180
f 180 2430 181
f 2430 183 181
f 178 176 2431
f 176 2390 2431
f 2431 2390 2264
f 2390 2263 2264
f 176 174 2390
f 174 172 2390
f 2390 172 2391
f 172 170 2391
f 2391 170 2432
f 170 168 2432
f 168 166 2432
f 166 2388 2432
f 2432 2388 2261
f 2388 2260 2261
f 166 164 2388
f 164 162 2388
f 2388 162 2389
f 162 159 2389
f 159 157 2389
f 157 2386 2389
f 2389 2386 2259
f 2386 2258 2259
f 152 2387 154
f 2387 2386 154
f 154 2386 155
f 2386 157 155
f 152 150 2387
f 150 2384 2387
f 2387 2384 2257
f 2384 2256 2257
f 150 148 2384
f 148 146 2384
f 2384 146 2385
f 146 144 2385
f 2385 144 2433
f 144 142 2433
f 142 140 2433
f 140 2382 2433
f 2433 2382 2254
f 2382 2253 2254
f 140 138 2382
f 138 136 2382
f 2382 136 2383
f 136 133 2383
f 133 131 2383
f 131 2380 2383
f 2383 2380 2252
f 2380 2251 2252
f 126 2381 128
f 2381 2380 128
f 128 2380 129
f 2380 131 129
f 126 124 2381
f 124 2378 2381
f 2381 2378 2250
f 2378 2249 2250
f 124 122 2378
f 122 120 2378
f 2378 120 2379
f 120 118 2379
f 2379 118 2434
f 118 116 2434
f 116 114 2434
f 114 2376 2434
f 2434 2376 2247
f 2376 2246 2247
f 114 112 2376
f 112 110 2376
f 2376 110 2377
f 110 108 2377
f 108 105 2377
f 105 2374 2377
f 2377 2374 2245
f 2374 2244 2245
f 100 2375 102
f 2375 2374 102
f 102 2374 103
f 2374 105 103
f 100 98 2375
f 98 2372 2375
f 2375 2372 2243
f 2372 2242 2243
f 98 96 2372
f 96 94 2372
f 2372 94 2373
f 94 92 2373
f 2373 92 2435
f 92 90 2435
f 90 88 2435
f 2435 88 2436
f 88 86 2436
f 86 84 2436
f 84 2371 2436
f 2436 2371 2239
f 2371 2101 2239
f 75 2100 80
f 2100 2371 80
f 80 2371 77
f 2371 84 77
f 2437 2438 2439
f 2440 2441 2442
f 2439 2438 2443
f 2439 2444 2437
f 2444 2445 2437
f 2437 2445 2446
f 2445 2447 2446
f 2446 2447 2448
f 2449 2450 2451
f 2450 2452 2451
f 2453 2454 2455
f 2453 2456 2454
f 2456 2457 2454
f 2454 2457 2458
f 2457 2459 2458
f 2458 2459 2460
f 2459 2461 2460
f 2460 2461 2462
f 2463 2464 2465
f 2464 2466 2465
f 2465 2466 2467
f 2466 2468 2467
f 2467 2468 2469
f 2468 2470 2469
f 2469 2470 2471
f 2461 2472 2462
f 2472 2473 2462
f 2462 2473 2474
f 2473 2475 2474
f 2474 2475 2476
f 2475 2477 2476
f 2476 2477 2478
f 2477 2479 2478
f 2478 2479 2480
f 2479 2481 2480
f 2480 2481 2482
f 2481 2483 2482
f 2482 2483 2484
f 2483 2485 2484
f 2484 2485 2486
f 2485 2487 2486
f 2486 2487 2449
f 2487 2488 2449
f 2449 2488 2450
f 2442 2441 2489
f 2441 2490 2489
f 2489 2490 2491
f 2490 2492 2491
f 2491 2492 2493
f 2492 2494 2493
f 2493 2494 2495
f 2494 2496 2495
f 2495 2496 2455
f 2496 2497 2455
f 2455 2497 2453
f 2498 2499 2500
f 2499 2501 2500
f 2500 2501 2502
f 2501 2503 2502
f 2502 2503 2504
f 2503 2505 2504
f 2504 2505 2506
f 2505 2507 2506
f 2506 2507 2508
f 2507 2509 2508
f 2508 2509 2463
f 2509 2510 2463
f 2463 2510 2464
f 2470 2511 2471
f 2511 2512 2471
f 2471 2512 2513
f 2512 2514 2513
f 2513 2514 2515
f 2514 2516 2515
f 2515 2516 2517
f 2516 2518 2517
f 2517 2518 2519
f 2518 2520 2519
f 2519 2520 2521
f 2520 2522 2521
f 2521 2522 2523
f 2522 2524 2523
f 2523 2524 2525
f 2524 2526 2525
f 2525 2526 2527
f 2526 2528 2527
f 2527 2528 2529
f 2528 2530 2529
f 2529 2530 2531
f 2530 2532 2531
f 2531 2532 2533
f 2532 2534 2533
f 2533 2534 2535
f 2534 2536 2535
f 2535 2536 2537
f 2536 2538 2537
f 2537 2538 2539
f 2538 2540 2539
f 2539 2540 2541
f 2540 2542 2541
f 2541 2542 2543
f 2542 2544 2543
f 2543 2544 2545
f 2544 2546 2545
f 2545 2546 2547
f 2546 2440 2547
f 2547 2440 2548
f 2440 2442 2548
f 2447 2549 2448
f 2549 2550 2448
f 2448 2550 2551
f 2550 2552 2551
f 2551 2552 2553
f 2552 2554 2553
f 2553 2554 2498
f 2554 2555 2498
f 2498 2555 2499
f 2438 2556 2443
f 2556 2557 2443
f 2443 2557 2558
f 2557 2559 2558
f 2558 2559 2560
f 2559 2561 2560
f 2560 2561 2562
f 2561 2563 2562
f 2562 2563 2564
f 2563 2565 2564
f 2565 2566 2564
f 2564 2566 2567
f 2566 2568 2567
f 2567 2568 2569
f 2568 2570 2569
f 2569 2570 2571
f 2570 2572 2571
f 2571 2572 2573
f 2572 2574 2573
f 2573 2574 2575
f 2574 2576 2575
f 2575 2576 2577
f 2576 2578 2577
f 2577 2578 2579
f 2578 2580 2579
f 2579 2580 2581
f 2580 2582 2581
f 2581 2582 2583
f 2582 2584 2583
f 2583 2584 2452
f 2584 2585 2452
f 2452 2585 2451
f 2586 2587 2588
f 2586 2588 2589
f 2590 2589 2588
f 2591 2590 2588
f 2592 2591 2588
f 2593 2592 2588
f 2594 2593 2588
f 2595 2594 2588
f 2596 2595 2588
f 2597 2596 2588
f 2598 2597 2588
f 2599 2598 2588
f 2600 2599 2588
f 2601 2600 2588
f 2602 2601 2588
f 2603 2602 2588
f 2604 2603 2588
f 2605 2604 2588
f 2606 2605 2588
f 2607 2606 2588
f 2608 2607 2588
f 2609 2608 2588
f 2610 2609 2588
f 2587 2610 2588
f 2611 2612 2613
f 2614 2615 2616
f 2617 2618 2619
f 2620 2621 2622
f 2623 2624 2625
f 2625 2624 2622
f 2624 2626 2622
f 2622 2626 2620
f 2621 2627 2622
f 2627 2628 2622
f 2622 2628 2629
f 2628 2630 2629
f 2629 2630 2631
f 2630 2632 2631
f 2632 2633 2631
f 2633 2634 2631
f 2631 2634 2619
f 2634 2635 2619
f 2619 2635 2617
f 2618 2636 2619
f 2636 2637 2619
f 2619 2637 2638
f 2637 2639 2638
f 2639 2640 2638
f 2638 2640 2641
f 2640 2642 2641
f 2641 2642 2643
f 2644 2645 2646
f 2645 2641 2646
f 2646 2641 2647
f 2641 2643 2647
f 2648 2649 2650
f 2649 2645 2650
f 2650 2645 2651
f 2645 2644 2651
f 2648 2652 2649
f 2652 2653 2649
f 2649 2653 2654
f 2653 2655 2654
f 2654 2655 2656
f 2657 2658 2659
f 2658 2654 2659
f 2659 2654 2660
f 2654 2656 2660
f 2657 2661 2658
f 2661 2662 2658
f 2658 2662 2663
f 2662 2664 2663
f 2663 2664 2665
f 2664 2666 2665
f 2666 2667 2665
f 2667 2668 2665
f 2665 2668 2616
f 2668 2669 2616
f 2616 2669 2614
f 2615 2670 2616
f 2670 2671 2616
f 2616 2671 2672
f 2671 2673 2672
f 2672 2673 2674
f 2673 2675 2674
f 2675 2676 2674
f 2676 2677 2674
f 2674 2677 2613
f 2677 2678 2613
f 2613 2678 2611
f 2612 2679 2613
f 2679 2680 2613
f 2613 2680 2681
f 2680 2682 2681
f 2682 2683 2681
f 2681 2683 2684
f 2683 2685 2684
f 2684 2685 2686
f 2687 2688 2689
f 2688 2684 2689
f 2689 2684 2690
f 2684 2686 2690
f 2691 2692 2693
f 2692 2688 2693
f 2693 2688 2694
f 2688 2687 2694
f 2691 2695 2692
f 2695 2696 2692
f 2692 2696 2697
f 2696 2698 2697
f 2697 2698 2699
f 2700 2701 2702
f 2701 2697 2702
f 2702 2697 2703
f 2697 2699 2703
f 2700 2704 2701
f 2704 2705 2701
f 2701 2705 2706
f 2705 2707 2706
f 2706 2707 2625
f 2707 2708 2625
f 2625 2708 2623
f 2706 2587 2701
f 2587 2586 2701
f 2701 2586 2697
f 2586 2589 2697
f 2697 2589 2692
f 2589 2590 2692
f 2692 2590 2688
f 2590 2591 2688
f 2688 2591 2684
f 2591 2592 2684
f 2684 2592 2681
f 2592 2593 2681
f 2681 2593 2613
f 2593 2594 2613
f 2613 2594 2674
f 2594 2595 2674
f 2674 2595 2672
f 2595 2596 2672
f 2672 2596 2616
f 2596 2597 2616
f 2616 2597 2665
f 2597 2598 2665
f 2665 2598 2663
f 2598 2599 2663
f 2663 2599 2658
f 2599 2600 2658
f 2658 2600 2654
f 2600 2601 2654
f 2654 2601 2649
f 2601 2602 2649
f 2649 2602 2645
f 2602 2603 2645
f 2645 2603 2641
f 2603 2604 2641
f 2641 2604 2638
f 2604 2605 2638
f 2638 2605 2619
f 2605 2606 2619
f 2619 2606 2631
f 2606 2607 2631
f 2631 2607 2629
f 2607 2608 2629
f 2629 2608 2622
f 2608 2609 2622
f 2622 2609 2625
f 2609 2610 2625
f 2625 2610 2706
f 2610 2587 2706
f 2709 2710 2711
f 2686 2685 2712
f 2713 2714 2715
f 2716 2717 2718
f 2719 2720 2721
f 2722 2723 2724
f 2722 2724 2725
f 2726 2727 2721
f 2727 2728 2721
f 2728 2729 2721
f 2729 2730 2721
f 2721 2730 2719
f 2730 2731 2719
f 2719 2731 2732
f 2733 2734 2735
f 2734 2736 2735
f 2718 2717 2735
f 2717 2737 2735
f 2735 2737 2733
f 2738 2739 2740
f 2739 2741 2740
f 2740 2741 2718
f 2741 2742 2718
f 2718 2742 2716
f 2738 2740 2743
f 2740 2744 2743
f 2743 2744 2745
f 2745 2744 2746
f 2744 2747 2746
f 2746 2747 2748
f 2748 2747 2749
f 2747 2750 2749
f 2749 2750 2751
f 2751 2750 2752
f 2750 2753 2752
f 2752 2753 2754
f 2755 2756 2757
f 2756 2758 2757
f 2757 2758 2753
f 2758 2759 2753
f 2753 2759 2754
f 2755 2757 2760
f 2757 2761 2760
f 2760 2761 2762
f 2763 2764 2761
f 2764 2765 2761
f 2761 2765 2762
f 2766 2767 2768
f 2767 2769 2768
f 2768 2769 2763
f 2769 2770 2763
f 2763 2770 2764
f 2766 2768 2771
f 2768 2772 2771
f 2771 2772 2773
f 2774 2775 2776
f 2775 2777 2776
f 2776 2777 2772
f 2777 2778 2772
f 2772 2778 2773
f 2774 2776 2779
f 2776 2780 2779
f 2779 2780 2781
f 2782 2783 2784
f 2783 2785 2784
f 2784 2785 2780
f 2785 2786 2780
f 2780 2786 2781
f 2787 2788 2789
f 2788 2790 2789
f 2789 2790 2791
f 2790 2792 2791
f 2791 2792 2793
f 2794 2795 2796
f 2795 2797 2796
f 2796 2797 2798
f 2797 2799 2798
f 2800 2801 2802
f 2803 2804 2805
f 2804 2806 2805
f 2805 2806 2800
f 2806 2807 2800
f 2800 2807 2801
f 2808 2809 2810
f 2809 2811 2810
f 2810 2811 2812
f 2808 2813 2809
f 2813 2814 2809
f 2809 2814 2805
f 2814 2815 2805
f 2805 2815 2803
f 2816 2817 2818
f 2817 2819 2818
f 2818 2819 2820
f 2819 2821 2820
f 2820 2821 2811
f 2821 2822 2811
f 2811 2822 2812
f 2823 2824 2825
f 2824 2826 2825
f 2825 2826 2818
f 2826 2827 2818
f 2818 2827 2816
f 2828 2829 2830
f 2828 2830 2825
f 2830 2831 2825
f 2825 2831 2823
f 2829 2828 2832
f 2828 2833 2832
f 2832 2833 2834
f 2835 2836 2833
f 2836 2837 2833
f 2833 2837 2834
f 2838 2839 2840
f 2839 2841 2840
f 2840 2841 2835
f 2841 2842 2835
f 2835 2842 2836
f 2838 2840 2843
f 2840 2844 2843
f 2843 2844 2845
f 2846 2847 2848
f 2847 2849 2848
f 2848 2849 2844
f 2849 2850 2844
f 2844 2850 2845
f 2846 2848 2851
f 2848 2852 2851
f 2851 2852 2853
f 2854 2855 2856
f 2855 2857 2856
f 2723 2858 2724
f 2858 2859 2724
f 2724 2859 2860
f 2859 2861 2860
f 2860 2861 2862
f 2863 2864 2865
f 2866 2852 2867
f 2852 2848 2867
f 2867 2848 2868
f 2848 2844 2868
f 2868 2844 2869
f 2844 2840 2869
f 2869 2840 2870
f 2840 2835 2870
f 2870 2835 2871
f 2835 2833 2871
f 2871 2833 2872
f 2833 2828 2872
f 2872 2828 2873
f 2828 2825 2873
f 2873 2825 2874
f 2825 2818 2874
f 2874 2818 2875
f 2818 2820 2875
f 2875 2820 2876
f 2820 2811 2876
f 2876 2811 2877
f 2811 2809 2877
f 2877 2809 2878
f 2809 2805 2878
f 2878 2805 2865
f 2805 2800 2865
f 2865 2800 2863
f 2800 2802 2863
f 2863 2802 2879
f 2879 2799 2863
f 2799 2797 2863
f 2863 2797 2864
f 2797 2795 2864
f 2864 2795 2880
f 2794 2787 2795
f 2787 2789 2795
f 2795 2789 2880
f 2789 2791 2880
f 2880 2791 2881
f 2720 2713 2721
f 2713 2715 2721
f 2721 2715 2726
f 2715 2882 2726
f 2793 2782 2791
f 2782 2784 2791
f 2791 2784 2881
f 2784 2780 2881
f 2881 2780 2883
f 2780 2776 2883
f 2883 2776 2884
f 2776 2772 2884
f 2884 2772 2885
f 2772 2768 2885
f 2885 2768 2886
f 2768 2763 2886
f 2886 2763 2887
f 2763 2761 2887
f 2887 2761 2888
f 2761 2757 2888
f 2888 2757 2889
f 2757 2753 2889
f 2889 2753 2890
f 2753 2750 2890
f 2890 2750 2891
f 2750 2747 2891
f 2891 2747 2892
f 2747 2744 2892
f 2892 2744 2893
f 2744 2740 2893
f 2893 2740 2894
f 2740 2718 2894
f 2894 2718 2882
f 2718 2735 2882
f 2882 2735 2726
f 2735 2736 2726
f 2726 2736 2727
f 2732 2725 2719
f 2725 2724 2719
f 2719 2724 2720
f 2724 2860 2720
f 2720 2860 2713
f 2860 2862 2713
f 2713 2862 2714
f 2669 2895 2614
f 2895 2896 2614
f 2614 2896 2615
f 2679 2612 2897
f 2612 2611 2897
f 2897 2611 2898
f 2675 2899 2676
f 2899 2900 2676
f 2676 2900 2677
f 2900 2898 2677
f 2677 2898 2678
f 2898 2611 2678
f 2675 2673 2899
f 2673 2671 2899
f 2899 2671 2896
f 2671 2670 2896
f 2896 2670 2615
f 2712 2685 2901
f 2685 2683 2901
f 2683 2682 2901
f 2901 2682 2897
f 2682 2680 2897
f 2897 2680 2679
f 2902 2694 2687
f 2902 2687 2903
f 2687 2689 2903
f 2903 2689 2712
f 2689 2690 2712
f 2712 2690 2686
f 2904 2702 2905
f 2702 2703 2905
f 2696 2906 2698
f 2906 2905 2698
f 2698 2905 2699
f 2905 2703 2699
f 2696 2695 2906
f 2695 2691 2906
f 2906 2691 2902
f 2691 2693 2902
f 2902 2693 2694
f 2907 2707 2908
f 2707 2705 2908
f 2908 2705 2909
f 2705 2704 2909
f 2909 2704 2904
f 2704 2700 2904
f 2904 2700 2702
f 2626 2910 2620
f 2910 2911 2620
f 2620 2911 2621
f 2626 2624 2910
f 2624 2623 2910
f 2910 2623 2907
f 2623 2708 2907
f 2907 2708 2707
f 2618 2617 2912
f 2912 2617 2913
f 2632 2914 2633
f 2914 2915 2633
f 2633 2915 2634
f 2915 2913 2634
f 2634 2913 2635
f 2913 2617 2635
f 2632 2630 2914
f 2630 2628 2914
f 2914 2628 2911
f 2628 2627 2911
f 2911 2627 2621
f 2643 2642 2916
f 2642 2640 2916
f 2916 2640 2917
f 2918 2651 2644
f 2918 2644 2919
f 2644 2646 2919
f 2919 2646 2916
f 2646 2647 2916
f 2916 2647 2643
f 2660 2920 2659
f 2920 2921 2659
f 2659 2921 2657
f 2653 2922 2655
f 2922 2920 2655
f 2655 2920 2656
f 2920 2660 2656
f 2653 2652 2922
f 2652 2648 2922
f 2922 2648 2918
f 2648 2650 2918
f 2918 2650 2651
f 2640 2639 2917
f 2639 2637 2917
f 2917 2637 2912
f 2637 2636 2912
f 2912 2636 2618
f 2710 2923 2924
f 2923 2866 2924
f 2669 2668 2895
f 2668 2667 2895
f 2895 2667 2925
f 2667 2666 2925
f 2925 2666 2926
f 2666 2664 2926
f 2926 2664 2927
f 2664 2662 2927
f 2927 2662 2921
f 2662 2661 2921
f 2921 2661 2657
f 2710 2709 2923
f 2709 2928 2923
f 2923 2928 2866
f 2928 2856 2866
f 2866 2856 2852
f 2856 2857 2852
f 2852 2857 2853
f 2859 2854 2861
f 2854 2856 2861
f 2861 2856 2862
f 2856 2928 2862
f 2862 2928 2714
f 2928 2709 2714
f 2714 2709 2715
f 2709 2711 2715
f 2715 2711 2882
f 2711 2904 2882
f 2882 2904 2894
f 2904 2905 2894
f 2894 2905 2893
f 2905 2906 2893
f 2893 2906 2892
f 2906 2902 2892
f 2892 2902 2891
f 2902 2903 2891
f 2891 2903 2890
f 2903 2712 2890
f 2890 2712 2889
f 2712 2901 2889
f 2889 2901 2888
f 2901 2897 2888
f 2888 2897 2887
f 2897 2898 2887
f 2887 2898 2886
f 2898 2900 2886
f 2886 2900 2885
f 2900 2899 2885
f 2885 2899 2884
f 2899 2896 2884
f 2884 2896 2883
f 2896 2895 2883
f 2883 2895 2881
f 2895 2925 2881
f 2881 2925 2880
f 2925 2926 2880
f 2880 2926 2864
f 2926 2927 2864
f 2864 2927 2865
f 2927 2921 2865
f 2865 2921 2878
f 2921 2920 2878
f 2878 2920 2877
f 2920 2922 2877
f 2877 2922 2876
f 2922 2918 2876
f 2876 2918 2875
f 2918 2919 2875
f 2875 2919 2874
f 2919 2916 2874
f 2874 2916 2873
f 2916 2917 2873
f 2873 2917 2872
f 2917 2912 2872
f 2872 2912 2871
f 2912 2913 2871
f 2871 2913 2870
f 2913 2915 2870
f 2870 2915 2869
f 2915 2914 2869
f 2869 2914 2868
f 2914 2911 2868
f 2868 2911 2867
f 2911 2910 2867
f 2867 2910 2866
f 2910 2907 2866
f 2866 2907 2924
f 2907 2908 2924
f 2924 2908 2710
f 2908 2909 2710
f 2710 2909 2711
f 2909 2904 2711
f 2929 2930 2931
f 2932 2933 2934
f 2935 2936 2937
f 2936 2938 2937
f 2937 2938 2939
f 2940 2941 2942
f 2941 2943 2942
f 2942 2943 2944
f 2943 2945 2944
f 2946 2947 2948
f 2949 2950 2946
f 2946 2948 2949
f 2948 2951 2949
f 2949 2951 2952
f 2952 2945 2949
f 2945 2943 2949
f 2949 2943 2953
f 2941 2953 2943
f 2950 2949 2953
f 2933 2935 2934
f 2935 2937 2934
f 2934 2937 2953
f 2939 2953 2937
f 2930 2932 2931
f 2932 2934 2931
f 2931 2934 2953
f 2940 2929 2941
f 2929 2931 2941
f 2941 2931 2953
f 2954 2955 2956
f 2957 2958 2956
f 2958 2959 2956
f 2956 2959 2954
f 2960 2961 2962
f 2961 2963 2962
f 2962 2963 2957
f 2963 2964 2957
f 2957 2964 2958
f 2965 2966 2967
f 2968 2969 2970
f 2971 2972 2973
f 2939 2938 2971
f 2966 2960 2967
f 2960 2962 2967
f 2967 2962 2953
f 2957 2953 2962
f 2956 2974 2957
f 2974 2953 2957
f 2969 2965 2970
f 2965 2967 2970
f 2970 2967 2953
f 2953 2939 2975
f 2972 2968 2973
f 2968 2970 2973
f 2973 2970 2953
f 2939 2971 2975
f 2971 2973 2975
f 2975 2973 2953
f 2976 2977 2978
f 2979 2980 2981
f 2982 2983 2984
f 2983 2985 2984
f 2984 2985 2986
f 2987 2988 2989
f 2988 2990 2989
f 2989 2990 2991
f 2990 2992 2991
f 2993 2994 2995
f 2996 2997 2993
f 2993 2995 2996
f 2995 2998 2996
f 2996 2998 2999
f 2999 2992 2996
f 2992 2990 2996
f 2996 2990 3000
f 2988 3000 2990
f 2997 2996 3000
f 2980 2982 2981
f 2982 2984 2981
f 2981 2984 3000
f 2986 3000 2984
f 2977 2979 2978
f 2979 2981 2978
f 2978 2981 3000
f 2987 2976 2988
f 2976 2978 2988
f 2988 2978 3000
f 3001 3002 3003
f 3004 3005 3003
f 3005 3006 3003
f 3003 3006 3001
f 3007 3008 3009
f 3008 3010 3009
f 3009 3010 3004
f 3010 3011 3004
f 3004 3011 3005
f 3012 3013 3014
f 3015 3016 3017
f 3018 3019 3020
f 2986 2985 3018
f 3013 3007 3014
f 3007 3009 3014
f 3014 3009 3000
f 3004 3000 3009
f 3003 3021 3004
f 3021 3000 3004
f 3016 3012 3017
f 3012 3014 3017
f 3017 3014 3000
f 3000 2986 3022
f 3019 3015 3020
f 3015 3017 3020
f 3020 3017 3000
f 2986 3018 3022
f 3018 3020 3022
f 3022 3020 3000
f 2953 3023 3024
f 2953 3025 3026
f 3027 2947 2946
f 3028 3029 3023
f 3029 3030 3023
f 3023 3030 3024
f 3030 3031 3024
f 3024 3031 3027
f 3032 3026 3033
f 3026 3025 3033
f 3033 3025 3034
f 3027 2946 3024
f 2946 2950 3024
f 3024 2950 2953
f 3032 3028 3026
f 3028 3023 3026
f 3026 3023 2953
f 3035 3036 2953
f 3037 3038 2953
f 3039 3038 3040
f 3038 3037 3040
f 3040 3037 3041
f 3037 3042 3041
f 3043 3044 3035
f 3044 3045 3035
f 3035 3045 3036
f 3045 3046 3036
f 3036 3046 3042
f 2955 3043 2956
f 3043 3035 2956
f 2956 3035 2974
f 3035 2953 2974
f 3042 3037 3036
f 3037 2953 3036
f 3047 3048 3000
f 3049 3050 3000
f 3051 3050 3052
f 3050 3049 3052
f 3052 3049 3053
f 3049 3054 3053
f 3055 3056 3047
f 3056 3057 3047
f 3047 3057 3048
f 3057 3058 3048
f 3048 3058 3054
f 3002 3055 3003
f 3055 3047 3003
f 3003 3047 3021
f 3047 3000 3021
f 3054 3049 3048
f 3049 3000 3048
f 3000 3059 3060
f 3000 3061 3062
f 3063 2994 2993
f 3064 3065 3059
f 3065 3066 3059
f 3059 3066 3060
f 3066 3067 3060
f 3060 3067 3063
f 3068 3062 3069
f 3062 3061 3069
f 3069 3061 3070
f 3063 2993 3060
f 2993 2997 3060
f 3060 2997 3000
f 3068 3064 3062
f 3064 3059 3062
f 3062 3059 3000
f 3071 2716 2742
f 3072 2807 2806
f 3073 2837 2836
f 2846 2851 3074
f 3075 3076 3077
f 3076 3078 3077
f 3077 3078 3079
f 3078 3080 3079
f 2854 3081 2855
f 3081 3082 2855
f 2855 3082 2857
f 3083 3080 3084
f 3074 2851 3082
f 2851 2853 3082
f 3082 2853 2857
f 2846 3074 2847
f 3074 3085 2847
f 2847 3085 3086
f 3087 2845 3088
f 2845 2850 3088
f 3088 2850 3086
f 2850 2849 3086
f 3086 2849 2847
f 2842 2841 3089
f 2841 2839 3089
f 3089 2839 3090
f 2839 2838 3090
f 3090 2838 3087
f 2838 2843 3087
f 3087 2843 2845
f 2842 3089 2836
f 3089 3091 2836
f 2836 3091 3073
f 3092 2831 3093
f 2831 2830 3093
f 3093 2830 3094
f 2830 2829 3094
f 3094 2829 3095
f 2829 2832 3095
f 3095 2832 3073
f 2832 2834 3073
f 3073 2834 2837
f 3096 2826 3097
f 2826 2824 3097
f 3097 2824 3092
f 2824 2823 3092
f 3092 2823 2831
f 3098 2817 3099
f 2817 2816 3099
f 3099 2816 3096
f 2816 2827 3096
f 3096 2827 2826
f 3100 2822 3101
f 2822 2821 3101
f 3101 2821 3098
f 2821 2819 3098
f 3098 2819 2817
f 3102 2808 3103
f 2808 2810 3103
f 3103 2810 3100
f 2810 2812 3100
f 3100 2812 2822
f 2815 2814 3102
f 2814 2813 3102
f 3102 2813 2808
f 3102 3104 2815
f 3104 3105 2815
f 2815 3105 2803
f 3105 2804 2803
f 2804 3105 2806
f 3105 3106 2806
f 2806 3106 3072
f 2807 3072 2801
f 3072 3107 2801
f 2801 3107 2802
f 3107 3108 2802
f 2802 3108 2879
f 3108 3109 2879
f 2879 3109 2799
f 3110 2788 3111
f 2788 2787 3111
f 3111 2787 3112
f 2787 2794 3112
f 3112 2794 3113
f 2794 2796 3113
f 3113 2796 3109
f 2796 2798 3109
f 3109 2798 2799
f 3114 2793 3115
f 2793 2792 3115
f 3115 2792 3110
f 2792 2790 3110
f 3110 2790 2788
f 3116 2783 3114
f 2783 2782 3114
f 3114 2782 2793
f 3117 2781 3118
f 2781 2786 3118
f 3118 2786 3116
f 2786 2785 3116
f 3116 2785 2783
f 3119 2775 3120
f 2775 2774 3120
f 3120 2774 3117
f 2774 2779 3117
f 3117 2779 2781
f 2773 2778 3119
f 2778 2777 3119
f 3119 2777 2775
f 3119 3121 2773
f 3121 3122 2773
f 2773 3122 2771
f 3122 2766 2771
f 2766 3122 2767
f 3122 3123 2767
f 2767 3123 3124
f 3125 2770 3124
f 2770 2769 3124
f 3124 2769 2767
f 3126 2762 3127
f 2762 2765 3127
f 3127 2765 3125
f 2765 2764 3125
f 3125 2764 2770
f 3128 2756 3129
f 2756 2755 3129
f 3129 2755 3126
f 2755 2760 3126
f 3126 2760 2762
f 3130 2754 3131
f 2754 2759 3131
f 3131 2759 3128
f 2759 2758 3128
f 3128 2758 2756
f 2749 2751 3130
f 2751 2752 3130
f 3130 2752 2754
f 3130 3132 2749
f 3132 3133 2749
f 2749 3133 2748
f 3133 3134 2748
f 2741 2739 3135
f 2739 2738 3135
f 3135 2738 3136
f 2738 2743 3136
f 3136 2743 3137
f 2743 2745 3137
f 3137 2745 3134
f 2745 2746 3134
f 3134 2746 2748
f 2741 3135 2742
f 3135 3138 2742
f 2742 3138 3071
f 2716 3071 2717
f 3071 3139 2717
f 2717 3139 2737
f 3139 3140 2737
f 2737 3140 2733
f 2730 2729 3141
f 2729 2728 3141
f 3141 2728 3142
f 2728 2727 3142
f 3142 2727 3143
f 2727 2736 3143
f 3143 2736 3140
f 2736 2734 3140
f 3140 2734 2733
f 2730 3141 2731
f 3141 3144 2731
f 2731 3144 2732
f 3144 3145 2732
f 2732 3145 2725
f 3145 3146 2725
f 2725 3146 2722
f 3147 2858 3146
f 2858 2723 3146
f 3146 2723 2722
f 3083 3084 3148
f 3084 3149 3148
f 3148 3149 3150
f 3149 3151 3150
f 3150 3151 3152
f 3151 3153 3152
f 3152 3153 3154
f 3153 3155 3154
f 3154 3155 3156
f 3155 3157 3156
f 3156 3157 3158
f 3157 3159 3158
f 3158 3159 3160
f 3159 3161 3160
f 3160 3161 3162
f 3161 3163 3162
f 3162 3163 3164
f 3163 3165 3164
f 3164 3165 3166
f 3165 3167 3166
f 3166 3167 3168
f 3167 3169 3168
f 3168 3169 3170
f 3169 3171 3170
f 3170 3171 3172
f 3171 3173 3172
f 3172 3173 3174
f 3173 3175 3174
f 3174 3175 3176
f 3175 3177 3176
f 3176 3177 3178
f 3177 3179 3178
f 3178 3179 3180
f 3179 3181 3180
f 3180 3181 3182
f 3181 3183 3182
f 3182 3183 3184
f 3183 3185 3184
f 3184 3185 3186
f 3185 3187 3186
f 3186 3187 3188
f 3187 3189 3188
f 3188 3189 3190
f 3189 3191 3190
f 3190 3191 3192
f 3191 3193 3192
f 3192 3193 3194
f 3193 3195 3194
f 3194 3195 3196
f 3195 3197 3196
f 3196 3197 3198
f 3197 3199 3198
f 3198 3199 3200
f 3199 3201 3200
f 3200 3201 3202
f 3201 3203 3202
f 3202 3203 3204
f 3203 3205 3204
f 3204 3205 3206
f 3205 3207 3206
f 3206 3207 3208
f 3207 3209 3208
f 3208 3209 3210
f 3209 3211 3210
f 3210 3211 3212
f 3211 3213 3212
f 3212 3213 3214
f 3213 3215 3214
f 3214 3215 3216
f 3215 3217 3216
f 3216 3217 3218
f 3217 3219 3218
f 3218 3219 3220
f 3219 3221 3220
f 3220 3221 3222
f 3221 3223 3222
f 3222 3223 3224
f 3223 3225 3224
f 3224 3225 3226
f 3225 3227 3226
f 3226 3227 3228
f 3227 3229 3228
f 3228 3229 3230
f 3229 3231 3230
f 3230 3231 3232
f 3231 3233 3232
f 3232 3233 3234
f 3233 3235 3234
f 3234 3235 3236
f 3235 3237 3236
f 3236 3237 3238
f 3237 3239 3238
f 3238 3239 3240
f 3239 3241 3240
f 3240 3241 3242
f 3241 3243 3242
f 3242 3243 3244
f 3243 3245 3244
f 3244 3245 3246
f 3245 3247 3246
f 3246 3247 3248
f 3247 3249 3248
f 3248 3249 3250
f 3249 3251 3250
f 3250 3251 3252
f 3251 3253 3252
f 3252 3253 3254
f 3253 3255 3254
f 3254 3255 3256
f 3255 3257 3256
f 3256 3257 3258
f 3257 3259 3258
f 3258 3259 3260
f 3259 3261 3260
f 3260 3261 3262
f 3261 3263 3262
f 3262 3263 3264
f 3263 3265 3264
f 3264 3265 3266
f 3265 3267 3266
f 3266 3267 3268
f 3267 3269 3268
f 3268 3269 3270
f 3269 3271 3270
f 3270 3271 3272
f 3271 3273 3272
f 3272 3273 3274
f 3273 3275 3274
f 3274 3275 3276
f 3275 3277 3276
f 3276 3277 3278
f 3277 3279 3278
f 3278 3279 3075
f 3279 3280 3075
f 3075 3280 3076
f 3079 3281 3077
f 3281 3147 3077
f 3077 3147 3075
f 3147 3146 3075
f 3075 3146 3278
f 3146 3145 3278
f 3278 3145 3276
f 3145 3144 3276
f 3276 3144 3274
f 3144 3141 3274
f 3274 3141 3272
f 3141 3142 3272
f 3272 3142 3270
f 3142 3143 3270
f 3270 3143 3268
f 3143 3140 3268
f 3268 3140 3266
f 3140 3139 3266
f 3266 3139 3264
f 3139 3071 3264
f 3264 3071 3262
f 3071 3138 3262
f 3262 3138 3260
f 3138 3135 3260
f 3260 3135 3258
f 3135 3136 3258
f 3258 3136 3256
f 3136 3137 3256
f 3256 3137 3254
f 3137 3134 3254
f 3254 3134 3252
f 3134 3133 3252
f 3252 3133 3250
f 3133 3132 3250
f 3250 3132 3248
f 3132 3130 3248
f 3248 3130 3246
f 3130 3131 3246
f 3246 3131 3244
f 3131 3128 3244
f 3244 3128 3242
f 3128 3129 3242
f 3242 3129 3240
f 3129 3126 3240
f 3240 3126 3238
f 3126 3127 3238
f 3238 3127 3236
f 3127 3125 3236
f 3236 3125 3234
f 3125 3124 3234
f 3234 3124 3232
f 3124 3123 3232
f 3232 3123 3230
f 3123 3122 3230
f 3230 3122 3228
f 3122 3121 3228
f 3228 3121 3226
f 3121 3119 3226
f 3226 3119 3224
f 3119 3120 3224
f 3224 3120 3222
f 3120 3117 3222
f 3222 3117 3220
f 3117 3118 3220
f 3220 3118 3218
f 3118 3116 3218
f 3218 3116 3216
f 3116 3114 3216
f 3216 3114 3214
f 3114 3115 3214
f 3214 3115 3212
f 3115 3110 3212
f 3212 3110 3210
f 3110 3111 3210
f 3210 3111 3208
f 3111 3112 3208
f 3208 3112 3206
f 3112 3113 3206
f 3206 3113 3204
f 3113 3109 3204
f 3204 3109 3202
f 3109 3108 3202
f 3202 3108 3200
f 3108 3107 3200
f 3200 3107 3198
f 3107 3072 3198
f 3198 3072 3196
f 3072 3106 3196
f 3196 3106 3194
f 3106 3105 3194
f 3194 3105 3192
f 3105 3104 3192
f 3192 3104 3190
f 3104 3102 3190
f 3190 3102 3188
f 3102 3103 3188
f 3188 3103 3186
f 3103 3100 3186
f 3186 3100 3184
f 3100 3101 3184
f 3184 3101 3182
f 3101 3098 3182
f 3182 3098 3180
f 3098 3099 3180
f 3180 3099 3178
f 3099 3096 3178
f 3178 3096 3176
f 3096 3097 3176
f 3176 3097 3174
f 3097 3092 3174
f 3174 3092 3172
f 3092 3093 3172
f 3172 3093 3170
f 3093 3094 3170
f 3170 3094 3168
f 3094 3095 3168
f 3168 3095 3166
f 3095 3073 3166
f 3166 3073 3164
f 3073 3091 3164
f 3164 3091 3162
f 3091 3089 3162
f 3162 3089 3160
f 3089 3090 3160
f 3160 3090 3158
f 3090 3087 3158
f 3158 3087 3156
f 3087 3088 3156
f 3156 3088 3154
f 3088 3086 3154
f 3154 3086 3152
f 3086 3085 3152
f 3152 3085 3150
f 3085 3074 3150
f 3150 3074 3148
f 3074 3082 3148
f 3148 3082 3083
f 3082 3081 3083
f 3080 3083 3079
f 3083 3081 3079
f 3079 3081 3281
f 3081 2854 3281
f 3281 2854 3147
f 2854 2859 3147
f 3147 2859 2858
f 3031 3030 3282
f 3029 3028 3283
f 3032 3033 3284
f 3033 3034 3284
f 3034 3285 3284
f 3284 3285 3286
f 3285 3287 3286
f 3286 3287 3288
f 3287 3289 3288
f 3288 3289 3290
f 3289 3291 3290
f 3290 3291 3292
f 3291 3293 3292
f 3292 3293 3294
f 3293 3295 3294
f 3028 3032 3283
f 3032 3284 3283
f 3283 3284 3296
f 3284 3286 3296
f 3296 3286 3297
f 3286 3288 3297
f 3297 3288 3298
f 3288 3290 3298
f 3298 3290 3299
f 3290 3292 3299
f 3299 3292 3300
f 3292 3294 3300
f 3030 3029 3282
f 3029 3283 3282
f 3282 3283 3301
f 3283 3296 3301
f 3301 3296 3302
f 3296 3297 3302
f 3302 3297 3303
f 3297 3298 3303
f 3303 3298 3304
f 3298 3299 3304
f 3304 3299 3305
f 3299 3300 3305
f 3027 3031 3306
f 3031 3282 3306
f 3306 3282 3307
f 3282 3301 3307
f 3307 3301 3308
f 3301 3302 3308
f 3308 3302 3309
f 3302 3303 3309
f 3309 3303 3310
f 3303 3304 3310
f 3310 3304 3311
f 3304 3305 3311
f 2947 3027 3312
f 3027 3306 3312
f 3312 3306 3313
f 3306 3307 3313
f 3313 3307 3314
f 3307 3308 3314
f 3314 3308 3315
f 3308 3309 3315
f 3315 3309 3316
f 3309 3310 3316
f 3316 3310 3317
f 3310 3311 3317
f 2936 2935 3318
f 2948 2947 3319
f 2947 3312 3319
f 3319 3312 3320
f 3312 3313 3320
f 3320 3313 3321
f 3313 3314 3321
f 3321 3314 3322
f 3314 3315 3322
f 3322 3315 3323
f 3315 3316 3323
f 3323 3316 3324
f 3316 3317 3324
f 2951 2948 3325
f 2948 3319 3325
f 3325 3319 3326
f 3319 3320 3326
f 3326 3320 3327
f 3320 3321 3327
f 3327 3321 3328
f 3321 3322 3328
f 3328 3322 3329
f 3322 3323 3329
f 3329 3323 3330
f 3323 3324 3330
f 3330 3331 3329
f 3331 3332 3329
f 3329 3332 3328
f 3332 3333 3328
f 3328 3333 3327
f 3333 3334 3327
f 3327 3334 3326
f 3334 3335 3326
f 3326 3335 3325
f 3335 3336 3325
f 3331 3337 3332
f 3337 3338 3332
f 3332 3338 3333
f 3338 3339 3333
f 3333 3339 3334
f 3339 3340 3334
f 3334 3340 3335
f 3340 3341 3335
f 3335 3341 3336
f 3341 3342 3336
f 3336 3342 2942
f 2942 2944 3336
f 2944 2945 3336
f 3336 2945 3325
f 2945 2952 3325
f 3325 2952 2951
f 3337 3343 3338
f 3343 3344 3338
f 3338 3344 3339
f 3344 3345 3339
f 3339 3345 3340
f 3345 3346 3340
f 3340 3346 3341
f 3346 3347 3341
f 3341 3347 3342
f 3347 3348 3342
f 2933 2932 3349
f 2932 3348 3349
f 3349 3348 3350
f 3348 3347 3350
f 3350 3347 3351
f 3347 3346 3351
f 3351 3346 3352
f 3346 3345 3352
f 3352 3345 3353
f 3345 3344 3353
f 3353 3344 3354
f 3344 3343 3354
f 2932 2930 3348
f 2930 2929 3348
f 3348 2929 3342
f 2929 2940 3342
f 3342 2940 2942
f 2935 2933 3318
f 2933 3349 3318
f 3318 3349 3355
f 3349 3350 3355
f 3355 3350 3356
f 3350 3351 3356
f 3356 3351 3357
f 3351 3352 3357
f 3357 3352 3358
f 3352 3353 3358
f 3358 3353 3359
f 3353 3354 3359
f 2938 2936 3360
f 2936 3318 3360
f 3360 3318 3361
f 3318 3355 3361
f 3361 3355 3362
f 3355 3356 3362
f 3362 3356 3363
f 3356 3357 3363
f 3363 3357 3364
f 3357 3358 3364
f 3364 3358 3365
f 3358 3359 3365
f 3366 2955 2954
f 3367 3366 3368
f 3369 3367 3370
f 3371 3369 3372
f 3373 3371 3374
f 3375 3373 3376
f 3366 2954 3368
f 2954 2959 3368
f 3368 2959 3377
f 2959 2958 3377
f 3377 2958 3378
f 2958 2964 3378
f 2964 2963 3378
f 3378 2963 3379
f 2963 2961 3379
f 2961 2960 3379
f 3379 2960 3380
f 2960 2966 3380
f 2966 2965 3380
f 3380 2965 3381
f 2965 2969 3381
f 2969 2968 3381
f 3381 2968 3382
f 2938 3360 2971
f 3360 3382 2971
f 2971 3382 2972
f 3382 2968 2972
f 3367 3368 3370
f 3368 3377 3370
f 3370 3377 3383
f 3377 3378 3383
f 3383 3378 3384
f 3378 3379 3384
f 3384 3379 3385
f 3379 3380 3385
f 3385 3380 3386
f 3380 3381 3386
f 3386 3381 3387
f 3381 3382 3387
f 3387 3382 3388
f 3382 3360 3388
f 3388 3360 3361
f 3369 3370 3372
f 3370 3383 3372
f 3372 3383 3389
f 3383 3384 3389
f 3389 3384 3390
f 3384 3385 3390
f 3390 3385 3391
f 3385 3386 3391
f 3391 3386 3392
f 3386 3387 3392
f 3392 3387 3393
f 3387 3388 3393
f 3393 3388 3394
f 3388 3361 3394
f 3394 3361 3362
f 3371 3372 3374
f 3372 3389 3374
f 3374 3389 3395
f 3389 3390 3395
f 3395 3390 3396
f 3390 3391 3396
f 3396 3391 3397
f 3391 3392 3397
f 3397 3392 3398
f 3392 3393 3398
f 3398 3393 3399
f 3393 3394 3399
f 3399 3394 3400
f 3394 3362 3400
f 3400 3362 3363
f 3373 3374 3376
f 3374 3395 3376
f 3376 3395 3401
f 3395 3396 3401
f 3401 3396 3402
f 3396 3397 3402
f 3402 3397 3403
f 3397 3398 3403
f 3403 3398 3404
f 3398 3399 3404
f 3404 3399 3405
f 3399 3400 3405
f 3405 3400 3406
f 3400 3363 3406
f 3406 3363 3364
f 3375 3376 3407
f 3376 3401 3407
f 3407 3401 3408
f 3401 3402 3408
f 3408 3402 3409
f 3402 3403 3409
f 3409 3403 3410
f 3403 3404 3410
f 3410 3404 3411
f 3404 3405 3411
f 3411 3405 3412
f 3405 3406 3412
f 3412 3406 3413
f 3406 3364 3413
f 3413 3364 3365
f 3044 3043 3414
f 3046 3045 3415
f 3041 3042 3416
f 3417 3418 3419
f 3418 3420 3419
f 3419 3420 3421
f 3420 3422 3421
f 3421 3422 3423
f 3422 3424 3423
f 3423 3424 3425
f 3424 3426 3425
f 3425 3426 3427
f 3426 3428 3427
f 3427 3428 3040
f 3428 3039 3040
f 3429 3417 3430
f 3417 3419 3430
f 3430 3419 3431
f 3419 3421 3431
f 3431 3421 3432
f 3421 3423 3432
f 3432 3423 3433
f 3423 3425 3433
f 3433 3425 3416
f 3425 3427 3416
f 3416 3427 3041
f 3427 3040 3041
f 3434 3429 3435
f 3429 3430 3435
f 3435 3430 3436
f 3430 3431 3436
f 3436 3431 3437
f 3431 3432 3437
f 3437 3432 3438
f 3432 3433 3438
f 3438 3433 3415
f 3433 3416 3415
f 3415 3416 3046
f 3416 3042 3046
f 3439 3434 3440
f 3434 3435 3440
f 3440 3435 3441
f 3435 3436 3441
f 3441 3436 3442
f 3436 3437 3442
f 3442 3437 3443
f 3437 3438 3443
f 3443 3438 3414
f 3438 3415 3414
f 3414 3415 3044
f 3415 3045 3044
f 3375 3439 3373
f 3439 3440 3373
f 3373 3440 3371
f 3440 3441 3371
f 3371 3441 3369
f 3441 3442 3369
f 3369 3442 3367
f 3442 3443 3367
f 3367 3443 3366
f 3443 3414 3366
f 3366 3414 2955
f 3414 3043 2955
f 3067 3066 3444
f 3065 3064 3445
f 3068 3069 3446
f 3069 3070 3446
f 3070 3447 3446
f 3446 3447 3448
f 3447 3449 3448
f 3448 3449 3450
f 3449 3451 3450
f 3450 3451 3452
f 3451 3453 3452
f 3452 3453 3454
f 3453 3455 3454
f 3454 3455 3456
f 3455 3457 3456
f 3064 3068 3445
f 3068 3446 3445
f 3445 3446 3458
f 3446 3448 3458
f 3458 3448 3459
f 3448 3450 3459
f 3459 3450 3460
f 3450 3452 3460
f 3460 3452 3461
f 3452 3454 3461
f 3461 3454 3462
f 3454 3456 3462
f 3066 3065 3444
f 3065 3445 3444
f 3444 3445 3463
f 3445 3458 3463
f 3463 3458 3464
f 3458 3459 3464
f 3464 3459 3465
f 3459 3460 3465
f 3465 3460 3466
f 3460 3461 3466
f 3466 3461 3467
f 3461 3462 3467
f 3063 3067 3468
f 3067 3444 3468
f 3468 3444 3469
f 3444 3463 3469
f 3469 3463 3470
f 3463 3464 3470
f 3470 3464 3471
f 3464 3465 3471
f 3471 3465 3472
f 3465 3466 3472
f 3472 3466 3473
f 3466 3467 3473
f 2994 3063 3474
f 3063 3468 3474
f 3474 3468 3475
f 3468 3469 3475
f 3475 3469 3476
f 3469 3470 3476
f 3476 3470 3477
f 3470 3471 3477
f 3477 3471 3478
f 3471 3472 3478
f 3478 3472 3479
f 3472 3473 3479
f 2983 2982 3480
f 2995 2994 3481
f 2994 3474 3481
f 3481 3474 3482
f 3474 3475 3482
f 3482 3475 3483
f 3475 3476 3483
f 3483 3476 3484
f 3476 3477 3484
f 3484 3477 3485
f 3477 3478 3485
f 3485 3478 3486
f 3478 3479 3486
f 2998 2995 3487
f 2995 3481 3487
f 3487 3481 3488
f 3481 3482 3488
f 3488 3482 3489
f 3482 3483 3489
f 3489 3483 3490
f 3483 3484 3490
f 3490 3484 3491
f 3484 3485 3491
f 3491 3485 3492
f 3485 3486 3492
f 3492 3493 3491
f 3493 3494 3491
f 3491 3494 3490
f 3494 3495 3490
f 3490 3495 3489
f 3495 3496 3489
f 3489 3496 3488
f 3496 3497 3488
f 3488 3497 3487
f 3497 3498 3487
f 3493 3499 3494
f 3499 3500 3494
f 3494 3500 3495
f 3500 3501 3495
f 3495 3501 3496
f 3501 3502 3496
f 3496 3502 3497
f 3502 3503 3497
f 3497 3503 3498
f 3503 3504 3498
f 3498 3504 2989
f 2989 2991 3498
f 2991 2992 3498
f 3498 2992 3487
f 2992 2999 3487
f 3487 2999 2998
f 3499 3505 3500
f 3505 3506 3500
f 3500 3506 3501
f 3506 3507 3501
f 3501 3507 3502
f 3507 3508 3502
f 3502 3508 3503
f 3508 3509 3503
f 3503 3509 3504
f 3509 3510 3504
f 2980 2979 3511
f 2979 3510 3511
f 3511 3510 3512
f 3510 3509 3512
f 3512 3509 3513
f 3509 3508 3513
f 3513 3508 3514
f 3508 3507 3514
f 3514 3507 3515
f 3507 3506 3515
f 3515 3506 3516
f 3506 3505 3516
f 2979 2977 3510
f 2977 2976 3510
f 3510 2976 3504
f 2976 2987 3504
f 3504 2987 2989
f 2982 2980 3480
f 2980 3511 3480
f 3480 3511 3517
f 3511 3512 3517
f 3517 3512 3518
f 3512 3513 3518
f 3518 3513 3519
f 3513 3514 3519
f 3519 3514 3520
f 3514 3515 3520
f 3520 3515 3521
f 3515 3516 3521
f 2985 2983 3522
f 2983 3480 3522
f 3522 3480 3523
f 3480 3517 3523
f 3523 3517 3524
f 3517 3518 3524
f 3524 3518 3525
f 3518 3519 3525
f 3525 3519 3526
f 3519 3520 3526
f 3526 3520 3527
f 3520 3521 3527
f 3528 3002 3001
f 3529 3528 3530
f 3531 3529 3532
f 3533 3531 3534
f 3535 3533 3536
f 3537 3535 3538
f 3528 3001 3530
f 3001 3006 3530
f 3530 3006 3539
f 3006 3005 3539
f 3539 3005 3540
f 3005 3011 3540
f 3011 3010 3540
f 3540 3010 3541
f 3010 3008 3541
f 3008 3007 3541
f 3541 3007 3542
f 3007 3013 3542
f 3013 3012 3542
f 3542 3012 3543
f 3012 3016 3543
f 3016 3015 3543
f 3543 3015 3544
f 2985 3522 3018
f 3522 3544 3018
f 3018 3544 3019
f 3544 3015 3019
f 3529 3530 3532
f 3530 3539 3532
f 3532 3539 3545
f 3539 3540 3545
f 3545 3540 3546
f 3540 3541 3546
f 3546 3541 3547
f 3541 3542 3547
f 3547 3542 3548
f 3542 3543 3548
f 3548 3543 3549
f 3543 3544 3549
f 3549 3544 3550
f 3544 3522 3550
f 3550 3522 3523
f 3531 3532 3534
f 3532 3545 3534
f 3534 3545 3551
f 3545 3546 3551
f 3551 3546 3552
f 3546 3547 3552
f 3552 3547 3553
f 3547 3548 3553
f 3553 3548 3554
f 3548 3549 3554
f 3554 3549 3555
f 3549 3550 3555
f 3555 3550 3556
f 3550 3523 3556
f 3556 3523 3524
f 3533 3534 3536
f 3534 3551 3536
f 3536 3551 3557
f 3551 3552 3557
f 3557 3552 3558
f 3552 3553 3558
f 3558 3553 3559
f 3553 3554 3559
f 3559 3554 3560
f 3554 3555 3560
f 3560 3555 3561
f 3555 3556 3561
f 3561 3556 3562
f 3556 3524 3562
f 3562 3524 3525
f 3535 3536 3538
f 3536 3557 3538
f 3538 3557 3563
f 3557 3558 3563
f 3563 3558 3564
f 3558 3559 3564
f 3564 3559 3565
f 3559 3560 3565
f 3565 3560 3566
f 3560 3561 3566
f 3566 3561 3567
f 3561 3562 3567
f 3567 3562 3568
f 3562 3525 3568
f 3568 3525 3526
f 3537 3538 3569
f 3538 3563 3569
f 3569 3563 3570
f 3563 3564 3570
f 3570 3564 3571
f 3564 3565 3571
f 3571 3565 3572
f 3565 3566 3572
f 3572 3566 3573
f 3566 3567 3573
f 3573 3567 3574
f 3567 3568 3574
f 3574 3568 3575
f 3568 3526 3575
f 3575 3526 3527
f 3056 3055 3576
f 3058 3057 3577
f 3053 3054 3578
f 3579 3580 3581
f 3580 3582 3581
f 3581 3582 3583
f 3582 3584 3583
f 3583 3584 3585
f 3584 3586 3585
f 3585 3586 3587
f 3586 3588 3587
f 3587 3588 3589
f 3588 3590 3589
f 3589 3590 3052
f 3590 3051 3052
f 3591 3579 3592
f 3579 3581 3592
f 3592 3581 3593
f 3581 3583 3593
f 3593 3583 3594
f 3583 3585 3594
f 3594 3585 3595
f 3585 3587 3595
f 3595 3587 3578
f 3587 3589 3578
f 3578 3589 3053
f 3589 3052 3053
f 3596 3591 3597
f 3591 3592 3597
f 3597 3592 3598
f 3592 3593 3598
f 3598 3593 3599
f 3593 3594 3599
f 3599 3594 3600
f 3594 3595 3600
f 3600 3595 3577
f 3595 3578 3577
f 3577 3578 3058
f 3578 3054 3058
f 3601 3596 3602
f 3596 3597 3602
f 3602 3597 3603
f 3597 3598 3603
f 3603 3598 3604
f 3598 3599 3604
f 3604 3599 3605
f 3599 3600 3605
f 3605 3600 3576
f 3600 3577 3576
f 3576 3577 3056
f 3577 3057 3056
f 3537 3601 3535
f 3601 3602 3535
f 3535 3602 3533
f 3602 3603 3533
f 3533 3603 3531
f 3603 3604 3531
f 3531 3604 3529
f 3604 3605 3529
f 3529 3605 3528
f 3605 3576 3528
f 3528 3576 3002
f 3576 3055 3002
f 2953 3606 3025
f 3606 3607 3025
f 3025 3607 3034
f 3608 3295 3609
f 3295 3293 3609
f 3609 3293 3610
f 3610 3293 3611
f 3293 3291 3611
f 3611 3291 3612
f 3612 3291 3613
f 3291 3289 3613
f 3613 3289 3614
f 3614 3289 3615
f 3289 3287 3615
f 3615 3287 3616
f 3616 3287 3617
f 3287 3285 3617
f 3617 3285 3618
f 3618 3285 3619
f 3285 3034 3619
f 3619 3034 3607
f 2953 3038 3620
f 3038 3039 3620
f 3620 3039 3621
f 3621 3039 3622
f 3039 3428 3622
f 3622 3428 3623
f 3623 3428 3624
f 3428 3426 3624
f 3624 3426 3625
f 3625 3426 3626
f 3426 3424 3626
f 3626 3424 3627
f 3627 3424 3628
f 3424 3422 3628
f 3628 3422 3629
f 3629 3422 3630
f 3422 3420 3630
f 3630 3420 3631
f 3631 3420 3632
f 3420 3418 3632
f 3632 3418 3633
f 3000 3050 3634
f 3050 3051 3634
f 3634 3051 3635
f 3635 3051 3636
f 3051 3590 3636
f 3636 3590 3637
f 3637 3590 3638
f 3590 3588 3638
f 3638 3588 3639
f 3639 3588 3640
f 3588 3586 3640
f 3640 3586 3641
f 3641 3586 3642
f 3586 3584 3642
f 3642 3584 3643
f 3643 3584 3644
f 3584 3582 3644
f 3644 3582 3645
f 3645 3582 3646
f 3582 3580 3646
f 3646 3580 3647
f 3000 3648 3061
f 3648 3649 3061
f 3061 3649 3070
f 3650 3457 3651
f 3457 3455 3651
f 3651 3455 3652
f 3652 3455 3653
f 3455 3453 3653
f 3653 3453 3654
f 3654 3453 3655
f 3453 3451 3655
f 3655 3451 3656
f 3656 3451 3657
f 3451 3449 3657
f 3657 3449 3658
f 3658 3449 3659
f 3449 3447 3659
f 3659 3447 3660
f 3660 3447 3661
f 3447 3070 3661
f 3661 3070 3649
f 2953 3662 3663
f 3664 3665 2953
f 3666 3667 3668
f 3607 3606 3663
f 3606 2953 3663
f 3669 3670 3662
f 3670 3671 3662
f 3662 3671 3663
f 3671 3672 3663
f 3663 3672 3607
f 3673 3669 3674
f 3669 3662 3674
f 3674 3662 2953
f 3667 3673 3668
f 3673 3674 3668
f 3668 3674 2953
f 3675 3666 3676
f 3666 3668 3676
f 3676 3668 2953
f 3677 3678 3664
f 3678 3679 3664
f 3664 3679 3665
f 3679 3680 3665
f 3665 3680 3675
f 3677 3681 3678
f 3681 3682 3678
f 3678 3682 3683
f 3682 3684 3683
f 2953 3685 3664
f 3685 3686 3664
f 3664 3686 3687
f 3675 3676 3665
f 3676 2953 3665
f 3687 3688 3664
f 3688 3689 3664
f 3664 3689 3677
f 3690 3691 3692
f 3693 3694 3695
f 3696 3697 3698
f 3697 3699 3698
f 3699 3700 3701
f 3700 3702 3701
f 3701 3702 3703
f 3704 3705 3706
f 3705 3707 3706
f 3706 3707 3708
f 3709 3710 3704
f 3711 3712 3713
f 3712 3714 3713
f 3713 3714 3715
f 3691 3716 3692
f 3716 3717 3692
f 3692 3717 3711
f 3684 3690 3683
f 3690 3692 3683
f 3683 3692 3678
f 3692 3718 3678
f 3678 3718 3679
f 3719 3666 3720
f 3666 3675 3720
f 3720 3675 3718
f 3675 3680 3718
f 3718 3680 3679
f 3721 3673 3719
f 3673 3667 3719
f 3719 3667 3666
f 3699 3701 3698
f 3701 3722 3698
f 3698 3722 3723
f 3722 3724 3723
f 3723 3724 3725
f 3724 3726 3725
f 3725 3726 3727
f 3726 3728 3727
f 3727 3728 3729
f 3728 3730 3729
f 3729 3730 3731
f 3704 3706 3709
f 3706 3732 3709
f 3709 3732 3733
f 3732 3734 3733
f 3733 3734 3735
f 3734 3736 3735
f 3735 3736 3737
f 3736 3738 3737
f 3737 3738 3739
f 3738 3740 3739
f 3739 3740 3741
f 3711 3713 3692
f 3713 3742 3692
f 3692 3742 3718
f 3742 3743 3718
f 3718 3743 3720
f 3743 3744 3720
f 3720 3744 3719
f 3744 3745 3719
f 3719 3745 3721
f 3745 3746 3721
f 3721 3746 3747
f 3672 3671 3747
f 3671 3670 3747
f 3747 3670 3721
f 3670 3669 3721
f 3721 3669 3673
f 3608 3730 3748
f 3730 3728 3748
f 3748 3728 3749
f 3728 3726 3749
f 3749 3726 3750
f 3726 3724 3750
f 3750 3724 3751
f 3724 3722 3751
f 3751 3722 3752
f 3722 3701 3752
f 3752 3701 3695
f 3701 3703 3695
f 3695 3703 3693
f 3608 3609 3730
f 3609 3610 3730
f 3730 3610 3731
f 3610 3611 3731
f 3731 3611 3612
f 3612 3740 3731
f 3740 3738 3731
f 3731 3738 3729
f 3738 3736 3729
f 3729 3736 3727
f 3736 3734 3727
f 3727 3734 3725
f 3734 3732 3725
f 3725 3732 3723
f 3732 3706 3723
f 3723 3706 3698
f 3706 3708 3698
f 3698 3708 3696
f 3612 3613 3740
f 3613 3614 3740
f 3740 3614 3741
f 3614 3615 3741
f 3741 3615 3616
f 3616 3746 3741
f 3746 3745 3741
f 3741 3745 3739
f 3745 3744 3739
f 3739 3744 3737
f 3744 3743 3737
f 3737 3743 3735
f 3743 3742 3735
f 3735 3742 3733
f 3742 3713 3733
f 3733 3713 3709
f 3713 3715 3709
f 3709 3715 3710
f 3607 3672 3619
f 3672 3747 3619
f 3619 3747 3618
f 3747 3746 3618
f 3618 3746 3617
f 3746 3616 3617
f 3699 3697 3753
f 3715 3714 3754
f 3716 3691 3755
f 3691 3690 3755
f 3755 3690 3756
f 3714 3712 3755
f 3712 3711 3755
f 3711 3717 3755
f 3755 3717 3716
f 3707 3705 3757
f 3705 3704 3757
f 3704 3710 3757
f 3757 3710 3715
f 3697 3696 3758
f 3696 3708 3758
f 3758 3708 3707
f 3699 3753 3700
f 3693 3703 3759
f 3703 3702 3759
f 3759 3702 3700
f 3760 3694 3693
f 3761 3762 3763
f 3762 3755 3763
f 3763 3755 3764
f 3755 3756 3764
f 3761 3765 3762
f 3765 3766 3762
f 3762 3766 3767
f 3768 3769 3770
f 3769 3767 3770
f 3770 3767 3771
f 3767 3766 3771
f 3772 3773 3774
f 3773 3769 3774
f 3774 3769 3775
f 3769 3768 3775
f 3772 3776 3773
f 3776 3777 3773
f 3773 3777 3778
f 3777 3779 3778
f 3779 3780 3778
f 3780 3781 3778
f 3778 3781 3782
f 3781 3783 3782
f 3783 3784 3782
f 3784 3785 3782
f 3782 3785 3786
f 3785 3787 3786
f 3786 3787 3788
f 3714 3755 3754
f 3755 3762 3754
f 3754 3762 3789
f 3762 3767 3789
f 3789 3767 3790
f 3767 3769 3790
f 3790 3769 3791
f 3769 3773 3791
f 3791 3773 3792
f 3773 3778 3792
f 3792 3778 3793
f 3778 3782 3793
f 3793 3782 3794
f 3782 3786 3794
f 3794 3786 3795
f 3715 3754 3757
f 3754 3789 3757
f 3757 3789 3796
f 3789 3790 3796
f 3796 3790 3797
f 3790 3791 3797
f 3797 3791 3798
f 3791 3792 3798
f 3798 3792 3799
f 3792 3793 3799
f 3799 3793 3800
f 3793 3794 3800
f 3800 3794 3801
f 3794 3795 3801
f 3801 3795 3802
f 3707 3757 3758
f 3757 3796 3758
f 3758 3796 3803
f 3796 3797 3803
f 3803 3797 3804
f 3797 3798 3804
f 3804 3798 3805
f 3798 3799 3805
f 3805 3799 3806
f 3799 3800 3806
f 3806 3800 3807
f 3800 3801 3807
f 3807 3801 3808
f 3801 3802 3808
f 3808 3802 3809
f 3697 3758 3753
f 3758 3803 3753
f 3753 3803 3810
f 3803 3804 3810
f 3810 3804 3811
f 3804 3805 3811
f 3811 3805 3812
f 3805 3806 3812
f 3812 3806 3813
f 3806 3807 3813
f 3813 3807 3814
f 3807 3808 3814
f 3814 3808 3815
f 3808 3809 3815
f 3815 3809 3816
f 3700 3753 3759
f 3753 3810 3759
f 3759 3810 3817
f 3810 3811 3817
f 3817 3811 3818
f 3811 3812 3818
f 3818 3812 3819
f 3812 3813 3819
f 3819 3813 3820
f 3813 3814 3820
f 3820 3814 3821
f 3814 3815 3821
f 3821 3815 3822
f 3815 3816 3822
f 3822 3816 3823
f 3693 3759 3760
f 3759 3817 3760
f 3760 3817 3824
f 3817 3818 3824
f 3824 3818 3825
f 3818 3819 3825
f 3825 3819 3826
f 3819 3820 3826
f 3826 3820 3827
f 3820 3821 3827
f 3827 3821 3828
f 3821 3822 3828
f 3828 3822 3829
f 3822 3823 3829
f 3829 3823 3830
f 3000 3831 3832
f 3000 3833 3834
f 3835 3833 3000
f 3836 3837 3838
f 3839 3840 3832
f 3841 3842 3843
f 3842 3844 3843
f 3843 3844 3845
f 3841 3839 3842
f 3839 3832 3842
f 3842 3832 3846
f 3832 3831 3846
f 3846 3831 3847
f 3848 3849 3835
f 3849 3850 3835
f 3835 3850 3833
f 3850 3851 3833
f 3833 3851 3834
f 3851 3852 3834
f 3837 3848 3838
f 3848 3835 3838
f 3838 3835 3000
f 3853 3836 3854
f 3836 3838 3854
f 3854 3838 3000
f 3635 3853 3634
f 3853 3854 3634
f 3634 3854 3000
f 3840 3855 3832
f 3855 3856 3832
f 3832 3856 3857
f 3857 3858 3832
f 3858 3000 3832
f 3852 3847 3834
f 3847 3831 3834
f 3834 3831 3000
f 3859 3860 3861
f 3862 3863 3864
f 3863 3865 3864
f 3864 3865 3866
f 3867 3868 3869
f 3868 3870 3869
f 3869 3870 3865
f 3870 3871 3865
f 3865 3871 3866
f 3872 3873 3874
f 3873 3875 3874
f 3874 3875 3869
f 3875 3876 3869
f 3869 3876 3867
f 3872 3874 3877
f 3874 3878 3877
f 3877 3878 3879
f 3879 3878 3880
f 3878 3881 3880
f 3880 3881 3882
f 3883 3884 3885
f 3884 3886 3885
f 3885 3886 3881
f 3886 3887 3881
f 3881 3887 3882
f 3883 3885 3861
f 3885 3888 3861
f 3861 3888 3859
f 3863 3889 3865
f 3889 3890 3865
f 3865 3890 3869
f 3890 3891 3869
f 3869 3891 3874
f 3891 3892 3874
f 3874 3892 3878
f 3892 3893 3878
f 3878 3893 3881
f 3893 3894 3881
f 3881 3894 3885
f 3894 3895 3885
f 3896 3897 3895
f 3897 3898 3895
f 3895 3898 3885
f 3898 3899 3885
f 3885 3899 3888
f 3889 3900 3890
f 3900 3901 3890
f 3890 3901 3891
f 3901 3902 3891
f 3891 3902 3892
f 3902 3903 3892
f 3892 3903 3893
f 3903 3904 3893
f 3893 3904 3894
f 3904 3905 3894
f 3894 3905 3895
f 3905 3906 3895
f 3895 3906 3896
f 3907 3908 3906
f 3908 3909 3906
f 3906 3909 3896
f 3900 3910 3901
f 3910 3911 3901
f 3901 3911 3902
f 3911 3912 3902
f 3902 3912 3903
f 3912 3913 3903
f 3903 3913 3904
f 3913 3914 3904
f 3904 3914 3905
f 3914 3915 3905
f 3905 3915 3906
f 3915 3916 3906
f 3906 3916 3907
f 3917 3918 3916
f 3918 3919 3916
f 3916 3919 3907
f 3910 3920 3911
f 3920 3921 3911
f 3911 3921 3912
f 3921 3922 3912
f 3912 3922 3913
f 3922 3923 3913
f 3913 3923 3914
f 3923 3924 3914
f 3914 3924 3915
f 3924 3925 3915
f 3915 3925 3916
f 3925 3926 3916
f 3916 3926 3917
f 3927 3928 3926
f 3928 3929 3926
f 3926 3929 3917
f 3920 3930 3921
f 3930 3931 3921
f 3921 3931 3922
f 3931 3932 3922
f 3922 3932 3923
f 3932 3933 3923
f 3923 3933 3924
f 3933 3934 3924
f 3924 3934 3925
f 3934 3935 3925
f 3925 3935 3926
f 3935 3936 3926
f 3926 3936 3927
f 3937 3938 3936
f 3938 3939 3936
f 3936 3939 3927
f 3930 3940 3931
f 3940 3941 3931
f 3931 3941 3932
f 3941 3942 3932
f 3932 3942 3933
f 3942 3943 3933
f 3933 3943 3934
f 3943 3944 3934
f 3934 3944 3935
f 3944 3945 3935
f 3935 3945 3936
f 3945 3946 3936
f 3936 3946 3937
f 3947 3948 3946
f 3948 3949 3946
f 3946 3949 3937
f 3788 3947 3786
f 3947 3946 3786
f 3786 3946 3795
f 3946 3945 3795
f 3795 3945 3802
f 3945 3944 3802
f 3802 3944 3809
f 3944 3943 3809
f 3809 3943 3816
f 3943 3942 3816
f 3816 3942 3823
f 3942 3941 3823
f 3823 3941 3830
f 3941 3940 3830
f 3950 3861 3860
f 3886 3884 3950
f 3884 3883 3950
f 3950 3883 3861
f 3879 3880 3951
f 3880 3882 3951
f 3951 3882 3887
f 3952 3872 3877
f 3876 3875 3952
f 3875 3873 3952
f 3952 3873 3872
f 3870 3868 3953
f 3868 3867 3953
f 3953 3867 3876
f 3864 3866 3954
f 3866 3871 3954
f 3954 3871 3870
f 3955 3862 3864
f 3846 3956 3842
f 3956 3950 3842
f 3842 3950 3844
f 3950 3860 3844
f 3844 3860 3845
f 3846 3847 3956
f 3847 3852 3956
f 3956 3852 3957
f 3852 3851 3957
f 3851 3850 3957
f 3957 3850 3958
f 3850 3849 3958
f 3958 3849 3959
f 3879 3951 3960
f 3951 3961 3960
f 3960 3961 3962
f 3961 3963 3962
f 3962 3963 3964
f 3963 3965 3964
f 3964 3965 3966
f 3965 3967 3966
f 3966 3967 3968
f 3967 3969 3968
f 3968 3969 3970
f 3876 3952 3953
f 3952 3971 3953
f 3953 3971 3972
f 3971 3973 3972
f 3972 3973 3974
f 3973 3975 3974
f 3974 3975 3976
f 3975 3977 3976
f 3976 3977 3978
f 3977 3979 3978
f 3978 3979 3980
f 3849 3848 3959
f 3848 3837 3959
f 3959 3837 3981
f 3837 3836 3981
f 3981 3836 3853
f 3637 3981 3636
f 3981 3853 3636
f 3636 3853 3635
f 3637 3969 3981
f 3969 3967 3981
f 3981 3967 3959
f 3967 3965 3959
f 3959 3965 3958
f 3965 3963 3958
f 3958 3963 3957
f 3963 3961 3957
f 3957 3961 3956
f 3961 3951 3956
f 3956 3951 3950
f 3951 3887 3950
f 3950 3887 3886
f 3637 3638 3969
f 3638 3639 3969
f 3969 3639 3970
f 3639 3640 3970
f 3970 3640 3641
f 3641 3979 3970
f 3979 3977 3970
f 3970 3977 3968
f 3977 3975 3968
f 3968 3975 3966
f 3975 3973 3966
f 3966 3973 3964
f 3973 3971 3964
f 3964 3971 3962
f 3971 3952 3962
f 3962 3952 3960
f 3952 3877 3960
f 3960 3877 3879
f 3641 3642 3979
f 3642 3643 3979
f 3979 3643 3980
f 3643 3644 3980
f 3980 3644 3645
f 3870 3953 3954
f 3953 3972 3954
f 3954 3972 3982
f 3972 3974 3982
f 3982 3974 3983
f 3974 3976 3983
f 3983 3976 3984
f 3976 3978 3984
f 3984 3978 3985
f 3978 3980 3985
f 3985 3980 3986
f 3980 3645 3986
f 3986 3645 3646
f 3864 3954 3955
f 3954 3982 3955
f 3955 3982 3987
f 3982 3983 3987
f 3987 3983 3988
f 3983 3984 3988
f 3988 3984 3989
f 3984 3985 3989
f 3989 3985 3990
f 3985 3986 3990
f 3990 3986 3991
f 3986 3646 3991
f 3991 3646 3647
f 3992 3993 3994
f 3995 3000 3858
f 3845 3860 3859
f 3859 3888 3845
f 3888 3996 3845
f 3845 3996 3843
f 3996 3997 3843
f 3843 3997 3841
f 3997 3998 3841
f 3841 3998 3839
f 3839 3998 3840
f 3998 3999 3840
f 3840 3999 3855
f 4000 3858 3857
f 4001 4002 3788
f 4002 3947 3788
f 4003 3948 3947
f 3948 4003 3949
f 4003 4004 3949
f 3949 4004 3937
f 4005 3938 3937
f 3938 4005 3939
f 4005 4006 3939
f 3939 4006 3927
f 4006 3994 3927
f 3927 3994 3928
f 3928 3994 3929
f 3994 4007 3929
f 3929 4007 3917
f 3918 4008 3919
f 4008 4009 3919
f 3919 4009 3907
f 4009 4010 3907
f 3898 3897 4011
f 3897 3896 4011
f 4011 3896 4012
f 3896 3909 4012
f 4012 3909 4010
f 3909 3908 4010
f 4010 3908 3907
f 4013 4014 4015
f 4014 4016 4015
f 4015 4016 4017
f 4016 4018 4017
f 4017 4018 4019
f 3888 4019 3996
f 4019 4018 3996
f 3996 4018 3997
f 4018 4016 3997
f 3997 4016 3998
f 4016 4014 3998
f 3998 4014 3999
f 3888 3899 4019
f 3899 4020 4019
f 4019 4020 4017
f 4020 4021 4017
f 4017 4021 4015
f 4021 4022 4015
f 4015 4022 4013
f 4022 4023 4013
f 4008 4024 4009
f 4024 4025 4009
f 4009 4025 4010
f 4025 4026 4010
f 4010 4026 4012
f 4026 4027 4012
f 3994 3993 4007
f 3993 4028 4007
f 4007 4028 4029
f 4030 4031 4032
f 4031 4007 4032
f 4032 4007 4033
f 4007 4029 4033
f 3937 4004 4005
f 4004 4034 4005
f 4005 4034 4035
f 3947 4002 4003
f 4002 4036 4003
f 4003 4036 4037
f 4037 4038 4003
f 4038 4039 4003
f 4003 4039 4004
f 4039 4040 4004
f 4004 4040 4034
f 4035 4041 4005
f 4041 4042 4005
f 4005 4042 4006
f 4042 4043 4006
f 4043 4044 4006
f 4044 4045 4006
f 4006 4045 3994
f 4045 4046 3994
f 3994 4046 3992
f 4047 4048 4000
f 4048 4049 4000
f 4000 4049 3858
f 4049 4050 3858
f 3858 4050 3995
f 4051 4052 4047
f 4052 4053 4047
f 4047 4053 4048
f 4054 4055 4056
f 4055 4057 4056
f 4056 4057 4058
f 4054 4059 4055
f 4059 4060 4055
f 4055 4060 4061
f 4060 4062 4061
f 4061 4062 4063
f 3857 4064 4000
f 4064 4065 4000
f 4000 4065 4047
f 4065 4066 4047
f 4047 4066 4067
f 4066 4061 4067
f 4063 4068 4061
f 4068 4069 4061
f 4061 4069 4067
f 4069 4070 4067
f 4070 4071 4067
f 4071 4072 4067
f 4067 4072 4047
f 4072 4073 4047
f 4047 4073 4051
f 3899 3898 4020
f 3898 4011 4020
f 4020 4011 4021
f 4011 4012 4021
f 4021 4012 4022
f 4012 4027 4022
f 4022 4027 4023
f 4027 4074 4023
f 4023 4074 4013
f 4074 4075 4013
f 4013 4075 4014
f 4075 4076 4014
f 4014 4076 3999
f 4076 4077 3999
f 3999 4077 3855
f 4077 3856 3855
f 4030 4078 4031
f 4078 4079 4031
f 4031 4079 4080
f 4079 4081 4080
f 4080 4081 4082
f 4082 4083 4080
f 4083 4084 4080
f 4080 4084 4057
f 4084 4085 4057
f 4057 4085 4058
f 4086 4087 4001
f 4087 4088 4001
f 4001 4088 4002
f 4088 4089 4002
f 4002 4089 4036
f 3918 3917 4008
f 3917 4007 4008
f 4008 4007 4024
f 4007 4031 4024
f 4024 4031 4025
f 4031 4080 4025
f 4025 4080 4026
f 4080 4057 4026
f 4026 4057 4027
f 4057 4055 4027
f 4027 4055 4074
f 4055 4061 4074
f 4074 4061 4075
f 4061 4066 4075
f 4075 4066 4076
f 4066 4065 4076
f 4076 4065 4077
f 4065 4064 4077
f 4077 4064 3856
f 4064 3857 3856
f 4090 4091 4092
f 4093 4094 4095
f 4096 4097 4094
f 4098 4099 4100
f 3689 3688 4101
f 4102 3686 3685
f 3689 4101 3677
f 4101 4103 3677
f 4103 4104 3677
f 3677 4104 3681
f 4104 4105 3681
f 3681 4105 3682
f 4105 3684 3682
f 4106 3764 3684
f 3764 3756 3684
f 3684 3756 3690
f 4107 3770 4108
f 3770 3771 4108
f 4108 3771 4100
f 3771 3766 4100
f 4100 3766 4098
f 3766 3765 4098
f 4098 3765 3761
f 3776 3772 4109
f 3772 4110 4109
f 4109 4110 4111
f 3772 3774 4110
f 3774 3775 4110
f 4110 3775 4107
f 3775 3768 4107
f 4107 3768 3770
f 4112 3777 3776
f 3779 4113 3780
f 4113 4114 3780
f 3780 4114 3781
f 4114 4115 3781
f 3781 4115 3783
f 3783 4115 3784
f 4115 4116 3784
f 3784 4116 3785
f 4116 4117 3785
f 3785 4117 3787
f 4117 4001 3787
f 3787 4001 3788
f 4118 4097 4119
f 4097 4096 4119
f 4119 4096 4120
f 3684 4105 4106
f 4105 4104 4106
f 4106 4104 4120
f 4104 4103 4120
f 4120 4103 4119
f 4103 4101 4119
f 4119 4101 4118
f 4094 4093 4096
f 4093 4121 4096
f 4096 4121 4120
f 4121 4122 4120
f 4120 4122 4106
f 4122 3763 4106
f 4106 3763 3764
f 4111 4110 4123
f 4110 4107 4123
f 4123 4107 4124
f 4107 4108 4124
f 4124 4108 4095
f 4108 4100 4095
f 4095 4100 4093
f 4100 4099 4093
f 4093 4099 4121
f 4099 4098 4121
f 4121 4098 4122
f 4098 3761 4122
f 4122 3761 3763
f 4125 4126 4112
f 4126 4113 4112
f 4112 4113 3777
f 4113 3779 3777
f 3776 4109 4112
f 4109 4127 4112
f 4112 4127 4125
f 4114 4128 4115
f 4128 4129 4115
f 4115 4129 4116
f 4129 4130 4116
f 4116 4130 4117
f 4126 4131 4113
f 4131 4132 4113
f 4113 4132 4114
f 4132 4133 4114
f 4114 4133 4128
f 4134 4135 4136
f 4135 4137 4136
f 4136 4137 4138
f 4137 4139 4138
f 4140 4141 4142
f 4141 4143 4142
f 4142 4143 4144
f 4140 4142 4145
f 4142 4146 4145
f 4145 4146 4147
f 4148 4149 4150
f 4149 4151 4150
f 4150 4151 4152
f 2953 4139 3685
f 4139 4137 3685
f 3685 4137 4102
f 4137 4135 4102
f 4102 4135 4153
f 4135 4151 4153
f 4153 4151 4154
f 4151 4149 4154
f 4134 4155 4135
f 4155 4156 4135
f 4135 4156 4151
f 4156 4157 4151
f 4151 4157 4152
f 3687 3686 4158
f 3686 4102 4158
f 4158 4102 4159
f 4102 4153 4159
f 4159 4153 4160
f 4153 4154 4160
f 4160 4154 4161
f 4154 4149 4161
f 4161 4149 4146
f 4149 4148 4146
f 4146 4148 4147
f 4143 4162 4144
f 4162 4163 4144
f 4144 4163 4092
f 4163 4164 4092
f 4092 4164 4090
f 4086 4001 4165
f 4001 4117 4165
f 4165 4117 4166
f 4117 4130 4166
f 3688 3687 4101
f 3687 4158 4101
f 4101 4158 4118
f 4158 4159 4118
f 4118 4159 4097
f 4159 4160 4097
f 4097 4160 4094
f 4160 4161 4094
f 4094 4161 4095
f 4161 4146 4095
f 4095 4146 4124
f 4146 4142 4124
f 4124 4142 4123
f 4142 4144 4123
f 4123 4144 4111
f 4144 4092 4111
f 4111 4092 4109
f 4092 4091 4109
f 4109 4091 4127
f 3263 3261 3596
f 3187 3418 3189
f 3418 3417 3189
f 3189 3417 3191
f 3417 3429 3191
f 3429 3434 3191
f 3191 3434 3193
f 3434 3439 3193
f 3223 3305 3225
f 3305 3300 3225
f 3225 3300 3227
f 3300 3229 3227
f 3151 3467 3153
f 3467 3462 3153
f 3153 3462 3155
f 3462 3456 3155
f 3155 3456 3157
f 3456 3457 3157
f 3157 3457 4167
f 3457 3650 4167
f 4167 3650 4168
f 3257 3580 3259
f 3580 3579 3259
f 3259 3579 3261
f 3579 3591 3261
f 3261 3591 3596
f 4169 3633 4170
f 3633 3418 4170
f 4170 3418 4171
f 3418 3187 4171
f 4171 3187 4172
f 4172 3187 4173
f 3187 3185 4173
f 4173 3185 4174
f 3185 3183 4174
f 4174 3183 4175
f 3183 3181 4175
f 4175 3181 4176
f 3181 3179 4176
f 3179 3177 4176
f 4176 3177 4177
f 3177 3175 4177
f 4177 3175 4178
f 3175 3173 4178
f 3173 3171 4178
f 4178 3171 4179
f 3650 4180 4168
f 4180 4181 4168
f 4168 4181 4182
f 4181 4183 4182
f 4182 4183 4184
f 3527 3521 3280
f 4167 4185 3157
f 4185 4186 3157
f 3157 4186 3159
f 4186 4187 3159
f 3159 4187 3161
f 4187 4188 3161
f 3161 4188 3163
f 4188 4189 3163
f 3163 4189 3165
f 4189 4190 3165
f 3165 4190 3167
f 4190 4179 3167
f 3167 4179 3169
f 4179 3171 3169
f 4191 4192 4193
f 4192 4194 4193
f 4193 4194 4169
f 4194 4195 4169
f 4169 4195 3633
f 3955 3647 3862
f 3647 3580 3862
f 3862 3580 3863
f 3580 3257 3863
f 3863 3257 3889
f 3257 3255 3889
f 3889 3255 3900
f 3255 3253 3900
f 3900 3253 3910
f 3253 3251 3910
f 3910 3251 3920
f 3251 3249 3920
f 3920 3249 3930
f 3249 3247 3930
f 3930 3247 3940
f 3247 3245 3940
f 3940 3245 3830
f 3596 3601 3263
f 3601 3537 3263
f 3263 3537 3265
f 3537 3569 3265
f 3265 3569 3267
f 3199 3197 3408
f 3197 3195 3408
f 3408 3195 3407
f 3195 3193 3407
f 3407 3193 3375
f 3193 3439 3375
f 3080 3493 3084
f 3493 3492 3084
f 3084 3492 3149
f 3280 3521 3076
f 3521 3516 3076
f 3076 3516 3078
f 3516 3505 3078
f 3078 3505 3080
f 3505 3499 3080
f 3080 3499 3493
f 3569 3570 3267
f 3570 3571 3267
f 3267 3571 3269
f 3571 3572 3269
f 3269 3572 3271
f 3572 3573 3271
f 3271 3573 3273
f 3573 3574 3273
f 3273 3574 3275
f 3574 3575 3275
f 3275 3575 3277
f 3575 3527 3277
f 3277 3527 3279
f 3527 3280 3279
f 3221 3317 3223
f 3317 3311 3223
f 3223 3311 3305
f 3408 3409 3199
f 3409 3410 3199
f 3199 3410 3201
f 3410 3411 3201
f 3201 3411 3203
f 3411 3412 3203
f 3203 3412 3205
f 3412 3413 3205
f 3205 3413 3207
f 3413 3365 3207
f 3207 3365 3209
f 3365 3359 3209
f 3209 3359 3211
f 3359 3354 3211
f 3211 3354 3213
f 3354 3343 3213
f 3213 3343 3215
f 3343 3337 3215
f 3215 3337 3217
f 3337 3331 3217
f 3217 3331 3219
f 3331 3330 3219
f 3219 3330 3221
f 3330 3324 3221
f 3221 3324 3317
f 3988 3989 3987
f 3989 3990 3987
f 3987 3990 3955
f 3990 3991 3955
f 3955 3991 3647
f 3492 3486 3149
f 3486 3479 3149
f 3149 3479 3151
f 3479 3473 3151
f 3151 3473 3467
f 3695 3694 3608
f 3694 3295 3608
f 3824 3825 3235
f 3824 3235 3760
f 3245 3243 3830
f 3243 3241 3830
f 3830 3241 3829
f 3241 3239 3829
f 3829 3239 3828
f 3239 3237 3828
f 3828 3237 3827
f 3237 3235 3827
f 3827 3235 3826
f 3235 3825 3826
f 3694 3760 3295
f 3760 3235 3295
f 3295 3235 3294
f 3235 3233 3294
f 3294 3233 3300
f 3233 3231 3300
f 3300 3231 3229
f 3608 3748 3695
f 3748 3749 3695
f 3695 3749 3752
f 3749 3750 3752
f 3752 3750 3751
f 2953 4196 4197
f 2953 4198 4199
f 4200 4198 2953
f 4201 4202 4203
f 4204 4205 4197
f 4206 4207 4208
f 4207 4209 4208
f 4208 4209 4210
f 4206 4204 4207
f 4204 4197 4207
f 4207 4197 4211
f 4197 4196 4211
f 4211 4196 4212
f 4213 4214 4200
f 4214 4215 4200
f 4200 4215 4198
f 4215 4216 4198
f 4198 4216 4199
f 4216 4217 4199
f 4202 4213 4203
f 4213 4200 4203
f 4203 4200 2953
f 4218 4201 4219
f 4201 4203 4219
f 4219 4203 2953
f 3621 4218 3620
f 4218 4219 3620
f 3620 4219 2953
f 4205 4220 4197
f 4220 4221 4197
f 4197 4221 4222
f 4222 4223 4197
f 4223 2953 4197
f 4217 4212 4199
f 4212 4196 4199
f 4199 4196 2953
f 4224 4225 4226
f 4227 4170 4171
f 4228 4229 4230
f 4229 4231 4230
f 4230 4231 4227
f 4232 4233 4234
f 4233 4235 4234
f 4234 4235 4228
f 4236 4237 4232
f 4238 4239 4236
f 4239 4240 4236
f 4236 4240 4237
f 4241 4242 4238
f 4243 4244 4245
f 4244 4246 4245
f 4245 4246 4242
f 4247 4248 4243
f 4249 4250 4247
f 4250 4251 4247
f 4247 4251 4248
f 4226 4225 4247
f 4225 4252 4247
f 4252 4253 4247
f 4247 4253 4249
f 4253 4254 4249
f 4249 4254 4255
f 4224 4226 4256
f 4226 4257 4256
f 4256 4257 4258
f 4259 4260 4261
f 4260 4262 4261
f 4261 4262 4257
f 4262 4263 4257
f 4257 4263 4258
f 4259 4261 4264
f 4261 4265 4264
f 4264 4265 4266
f 4267 4268 4269
f 4267 4269 4265
f 4269 4270 4265
f 4265 4270 4266
f 4227 4171 4230
f 4171 4172 4230
f 4230 4172 4271
f 4172 4173 4271
f 4271 4173 4272
f 4173 4174 4272
f 4272 4174 4273
f 4174 4175 4273
f 4273 4175 4274
f 4175 4176 4274
f 4274 4176 4275
f 4176 4177 4275
f 4275 4177 4276
f 4228 4230 4234
f 4230 4271 4234
f 4234 4271 4277
f 4271 4272 4277
f 4277 4272 4278
f 4272 4273 4278
f 4278 4273 4279
f 4273 4274 4279
f 4279 4274 4280
f 4274 4275 4280
f 4280 4275 4281
f 4275 4276 4281
f 4281 4276 4282
f 4232 4234 4236
f 4234 4277 4236
f 4236 4277 4283
f 4277 4278 4283
f 4283 4278 4284
f 4278 4279 4284
f 4284 4279 4285
f 4279 4280 4285
f 4285 4280 4286
f 4280 4281 4286
f 4286 4281 4287
f 4281 4282 4287
f 4287 4282 4288
f 4238 4236 4241
f 4236 4283 4241
f 4241 4283 4289
f 4283 4284 4289
f 4289 4284 4290
f 4284 4285 4290
f 4290 4285 4291
f 4285 4286 4291
f 4291 4286 4292
f 4286 4287 4292
f 4292 4287 4293
f 4287 4288 4293
f 4293 4288 4294
f 4242 4241 4245
f 4241 4289 4245
f 4245 4289 4295
f 4289 4290 4295
f 4295 4290 4296
f 4290 4291 4296
f 4296 4291 4297
f 4291 4292 4297
f 4297 4292 4298
f 4292 4293 4298
f 4298 4293 4299
f 4293 4294 4299
f 4299 4294 4300
f 4243 4245 4247
f 4245 4295 4247
f 4247 4295 4226
f 4295 4296 4226
f 4226 4296 4257
f 4296 4297 4257
f 4257 4297 4261
f 4297 4298 4261
f 4261 4298 4265
f 4298 4299 4265
f 4265 4299 4267
f 4299 4300 4267
f 4267 4300 4301
f 4301 4302 4267
f 4302 4303 4267
f 4267 4303 4268
f 4304 4305 4301
f 4305 4306 4301
f 4301 4306 4302
f 4307 4304 4308
f 4304 4301 4308
f 4308 4301 4309
f 4301 4300 4309
f 4309 4300 4310
f 4300 4294 4310
f 4310 4294 4311
f 4294 4288 4311
f 4311 4288 4312
f 4288 4282 4312
f 4312 4282 4313
f 4282 4276 4313
f 4313 4276 4178
f 4276 4177 4178
f 4251 4250 4314
f 4210 4209 4255
f 4209 4249 4255
f 4251 4314 4248
f 4246 4244 4315
f 4244 4243 4315
f 4316 4242 4246
f 4317 4239 4238
f 4232 4237 4317
f 4237 4240 4317
f 4317 4240 4239
f 4228 4235 4318
f 4235 4233 4318
f 4318 4233 4232
f 4227 4231 4319
f 4231 4229 4319
f 4319 4229 4228
f 4169 4170 4227
f 4211 4320 4207
f 4320 4314 4207
f 4207 4314 4209
f 4314 4250 4209
f 4209 4250 4249
f 4211 4212 4320
f 4212 4217 4320
f 4320 4217 4321
f 4217 4216 4321
f 4216 4215 4321
f 4321 4215 4322
f 4215 4214 4322
f 4322 4214 4323
f 4246 4315 4316
f 4315 4324 4316
f 4316 4324 4325
f 4324 4326 4325
f 4325 4326 4327
f 4326 4328 4327
f 4327 4328 4329
f 4328 4330 4329
f 4329 4330 4331
f 4330 4332 4331
f 4331 4332 4333
f 4232 4317 4318
f 4317 4334 4318
f 4318 4334 4335
f 4334 4336 4335
f 4335 4336 4337
f 4336 4338 4337
f 4337 4338 4339
f 4338 4340 4339
f 4339 4340 4341
f 4340 4342 4341
f 4341 4342 4343
f 4214 4213 4323
f 4213 4202 4323
f 4323 4202 4344
f 4202 4201 4344
f 4344 4201 4218
f 3623 4344 3622
f 4344 4218 3622
f 3622 4218 3621
f 3623 4332 4344
f 4332 4330 4344
f 4344 4330 4323
f 4330 4328 4323
f 4323 4328 4322
f 4328 4326 4322
f 4322 4326 4321
f 4326 4324 4321
f 4321 4324 4320
f 4324 4315 4320
f 4320 4315 4314
f 4315 4243 4314
f 4314 4243 4248
f 3623 3624 4332
f 3624 3625 4332
f 4332 3625 4333
f 3625 3626 4333
f 4333 3626 3627
f 3627 4342 4333
f 4342 4340 4333
f 4333 4340 4331
f 4340 4338 4331
f 4331 4338 4329
f 4338 4336 4329
f 4329 4336 4327
f 4336 4334 4327
f 4327 4334 4325
f 4334 4317 4325
f 4325 4317 4316
f 4317 4238 4316
f 4316 4238 4242
f 3627 3628 4342
f 3628 3629 4342
f 4342 3629 4343
f 3629 3630 4343
f 4343 3630 3631
f 4228 4318 4319
f 4318 4335 4319
f 4319 4335 4345
f 4335 4337 4345
f 4345 4337 4346
f 4337 4339 4346
f 4346 4339 4347
f 4339 4341 4347
f 4347 4341 4348
f 4341 4343 4348
f 4348 4343 4349
f 4343 3631 4349
f 4349 3631 3632
f 4227 4319 4169
f 4319 4345 4169
f 4169 4345 4193
f 4345 4346 4193
f 4193 4346 4191
f 4346 4347 4191
f 4191 4347 4192
f 4347 4348 4192
f 4192 4348 4194
f 4348 4349 4194
f 4194 4349 4195
f 4349 3632 4195
f 4195 3632 3633
f 3000 4350 4351
f 4352 4353 3000
f 4354 4355 4356
f 3649 3648 4351
f 3648 3000 4351
f 4357 4358 4350
f 4358 4359 4350
f 4350 4359 4351
f 4359 4360 4351
f 4351 4360 3649
f 4361 4357 4362
f 4357 4350 4362
f 4362 4350 3000
f 4355 4361 4356
f 4361 4362 4356
f 4356 4362 3000
f 4363 4354 4364
f 4354 4356 4364
f 4364 4356 3000
f 4365 4366 4352
f 4366 4367 4352
f 4352 4367 4353
f 4367 4368 4353
f 4353 4368 4363
f 4365 4369 4366
f 4369 4370 4366
f 4366 4370 4371
f 4370 4372 4371
f 3000 4373 4352
f 4373 4374 4352
f 4352 4374 4375
f 4363 4364 4353
f 4364 3000 4353
f 4375 4376 4352
f 4376 4377 4352
f 4352 4377 4365
f 4378 4167 4168
f 4379 4380 4381
f 4380 4382 4381
f 4382 4383 4384
f 4383 4385 4384
f 4384 4385 4386
f 4387 4388 4389
f 4388 4390 4389
f 4389 4390 4391
f 4392 4393 4387
f 4394 4395 4396
f 4395 4397 4396
f 4396 4397 4398
f 4398 4399 4400
f 4399 4401 4400
f 4400 4401 4402
f 4371 4372 4403
f 4403 4394 4371
f 4394 4396 4371
f 4371 4396 4366
f 4396 4404 4366
f 4366 4404 4367
f 4405 4354 4406
f 4354 4363 4406
f 4406 4363 4404
f 4363 4368 4404
f 4404 4368 4367
f 4407 4361 4405
f 4361 4355 4405
f 4405 4355 4354
f 4382 4384 4381
f 4384 4408 4381
f 4381 4408 4409
f 4408 4410 4409
f 4409 4410 4411
f 4410 4412 4411
f 4411 4412 4413
f 4412 4414 4413
f 4413 4414 4415
f 4414 4416 4415
f 4415 4416 4417
f 4387 4389 4392
f 4389 4418 4392
f 4392 4418 4419
f 4418 4420 4419
f 4419 4420 4421
f 4420 4422 4421
f 4421 4422 4423
f 4422 4424 4423
f 4423 4424 4425
f 4424 4426 4425
f 4425 4426 4427
f 4398 4400 4396
f 4400 4428 4396
f 4396 4428 4404
f 4428 4429 4404
f 4404 4429 4406
f 4429 4430 4406
f 4406 4430 4405
f 4430 4431 4405
f 4405 4431 4407
f 4431 4432 4407
f 4407 4432 4433
f 4360 4359 4433
f 4359 4358 4433
f 4433 4358 4407
f 4358 4357 4407
f 4407 4357 4361
f 3650 4416 4180
f 4416 4414 4180
f 4180 4414 4181
f 4414 4412 4181
f 4181 4412 4183
f 4412 4410 4183
f 4183 4410 4184
f 4410 4408 4184
f 4184 4408 4182
f 4408 4384 4182
f 4182 4384 4168
f 4384 4386 4168
f 4168 4386 4378
f 3650 3651 4416
f 3651 3652 4416
f 4416 3652 4417
f 3652 3653 4417
f 4417 3653 3654
f 3654 4426 4417
f 4426 4424 4417
f 4417 4424 4415
f 4424 4422 4415
f 4415 4422 4413
f 4422 4420 4413
f 4413 4420 4411
f 4420 4418 4411
f 4411 4418 4409
f 4418 4389 4409
f 4409 4389 4381
f 4389 4391 4381
f 4381 4391 4379
f 3654 3655 4426
f 3655 3656 4426
f 4426 3656 4427
f 3656 3657 4427
f 4427 3657 3658
f 3658 4432 4427
f 4432 4431 4427
f 4427 4431 4425
f 4431 4430 4425
f 4425 4430 4423
f 4430 4429 4423
f 4423 4429 4421
f 4429 4428 4421
f 4421 4428 4419
f 4428 4400 4419
f 4419 4400 4392
f 4400 4402 4392
f 4392 4402 4393
f 3649 4360 3661
f 4360 4433 3661
f 3661 4433 3660
f 4433 4432 3660
f 3660 4432 3659
f 4432 3658 3659
f 4434 4435 4436
f 4383 4382 4437
f 4403 4438 4394
f 4438 4435 4394
f 4394 4435 4395
f 4435 4401 4399
f 4399 4398 4435
f 4398 4397 4435
f 4435 4397 4395
f 4390 4388 4439
f 4388 4387 4439
f 4387 4393 4439
f 4439 4393 4402
f 4382 4380 4440
f 4380 4379 4440
f 4379 4391 4440
f 4440 4391 4390
f 4378 4386 4441
f 4386 4385 4441
f 4441 4385 4383
f 4185 4167 4378
f 4442 4436 4443
f 4436 4435 4443
f 4443 4435 4444
f 4435 4438 4444
f 4442 4445 4436
f 4445 4446 4436
f 4436 4446 4447
f 4448 4449 4450
f 4449 4447 4450
f 4450 4447 4451
f 4447 4446 4451
f 4452 4453 4454
f 4453 4449 4454
f 4454 4449 4455
f 4449 4448 4455
f 4452 4456 4453
f 4456 4457 4453
f 4453 4457 4458
f 4457 4459 4458
f 4459 4460 4458
f 4460 4461 4458
f 4458 4461 4462
f 4461 4463 4462
f 4463 4464 4462
f 4464 4465 4462
f 4462 4465 4308
f 4465 4466 4308
f 4308 4466 4307
f 4434 4436 4467
f 4436 4447 4467
f 4467 4447 4468
f 4447 4449 4468
f 4468 4449 4469
f 4449 4453 4469
f 4469 4453 4470
f 4453 4458 4470
f 4470 4458 4471
f 4458 4462 4471
f 4471 4462 4472
f 4462 4308 4472
f 4472 4308 4309
f 4401 4435 4402
f 4435 4434 4402
f 4402 4434 4439
f 4434 4467 4439
f 4439 4467 4473
f 4467 4468 4473
f 4473 4468 4474
f 4468 4469 4474
f 4474 4469 4475
f 4469 4470 4475
f 4475 4470 4476
f 4470 4471 4476
f 4476 4471 4477
f 4471 4472 4477
f 4477 4472 4478
f 4472 4309 4478
f 4478 4309 4310
f 4390 4439 4440
f 4439 4473 4440
f 4440 4473 4479
f 4473 4474 4479
f 4479 4474 4480
f 4474 4475 4480
f 4480 4475 4481
f 4475 4476 4481
f 4481 4476 4482
f 4476 4477 4482
f 4482 4477 4483
f 4477 4478 4483
f 4483 4478 4484
f 4478 4310 4484
f 4484 4310 4311
f 4382 4440 4437
f 4440 4479 4437
f 4437 4479 4485
f 4479 4480 4485
f 4485 4480 4486
f 4480 4481 4486
f 4486 4481 4487
f 4481 4482 4487
f 4487 4482 4488
f 4482 4483 4488
f 4488 4483 4489
f 4483 4484 4489
f 4489 4484 4490
f 4484 4311 4490
f 4490 4311 4312
f 4383 4437 4441
f 4437 4485 4441
f 4441 4485 4491
f 4485 4486 4491
f 4491 4486 4492
f 4486 4487 4492
f 4492 4487 4493
f 4487 4488 4493
f 4493 4488 4494
f 4488 4489 4494
f 4494 4489 4495
f 4489 4490 4495
f 4495 4490 4496
f 4490 4312 4496
f 4496 4312 4313
f 4378 4441 4185
f 4441 4491 4185
f 4185 4491 4186
f 4491 4492 4186
f 4186 4492 4187
f 4492 4493 4187
f 4187 4493 4188
f 4493 4494 4188
f 4188 4494 4189
f 4494 4495 4189
f 4189 4495 4190
f 4495 4496 4190
f 4190 4496 4179
f 4496 4313 4179
f 4179 4313 4178
f 4497 4498 4499
f 4500 4501 4502
f 4503 4504 4505
f 4506 4507 4504
f 4508 4509 4510
f 4377 4376 4511
f 4512 4374 4373
f 4377 4511 4365
f 4511 4513 4365
f 4513 4514 4365
f 4365 4514 4369
f 4514 4515 4369
f 4369 4515 4370
f 4515 4372 4370
f 4516 4444 4372
f 4444 4438 4372
f 4372 4438 4403
f 4517 4450 4518
f 4450 4451 4518
f 4518 4451 4510
f 4451 4446 4510
f 4510 4446 4508
f 4446 4445 4508
f 4508 4445 4442
f 4456 4452 4519
f 4452 4520 4519
f 4519 4520 4521
f 4452 4454 4520
f 4454 4455 4520
f 4520 4455 4517
f 4455 4448 4517
f 4517 4448 4450
f 4522 4457 4456
f 4459 4523 4460
f 4523 4524 4460
f 4525 4463 4461
f 4463 4525 4464
f 4525 4526 4464
f 4464 4526 4465
f 4527 4466 4465
f 4528 4507 4529
f 4507 4506 4529
f 4529 4506 4530
f 4372 4515 4516
f 4515 4514 4516
f 4516 4514 4530
f 4514 4513 4530
f 4530 4513 4529
f 4513 4511 4529
f 4529 4511 4528
f 4504 4503 4506
f 4503 4531 4506
f 4506 4531 4530
f 4531 4532 4530
f 4530 4532 4516
f 4532 4443 4516
f 4516 4443 4444
f 4521 4520 4533
f 4520 4517 4533
f 4533 4517 4534
f 4517 4518 4534
f 4534 4518 4505
f 4518 4510 4505
f 4505 4510 4503
f 4510 4509 4503
f 4503 4509 4531
f 4509 4508 4531
f 4531 4508 4532
f 4508 4442 4532
f 4532 4442 4443
f 4535 4536 4522
f 4536 4523 4522
f 4522 4523 4457
f 4523 4459 4457
f 4456 4519 4522
f 4519 4537 4522
f 4522 4537 4535
f 4538 4525 4524
f 4525 4461 4524
f 4524 4461 4460
f 4465 4526 4527
f 4526 4539 4527
f 4527 4539 4540
f 4538 4541 4525
f 4541 4542 4525
f 4525 4542 4526
f 4542 4543 4526
f 4526 4543 4539
f 4536 4544 4523
f 4544 4545 4523
f 4523 4545 4524
f 4545 4546 4524
f 4524 4546 4538
f 4547 4548 4549
f 4548 4550 4549
f 4549 4550 4551
f 4552 4553 4554
f 4552 4554 4555
f 4553 4552 4556
f 4552 4557 4556
f 4556 4557 4558
f 3000 4547 4373
f 4547 4549 4373
f 4373 4549 4512
f 4549 4551 4512
f 4512 4551 4559
f 4551 4560 4559
f 4559 4560 4561
f 4560 4562 4561
f 4563 4564 4560
f 4564 4565 4560
f 4560 4565 4562
f 4565 4566 4562
f 4562 4566 4567
f 4550 4568 4551
f 4568 4569 4551
f 4551 4569 4560
f 4569 4570 4560
f 4560 4570 4563
f 4375 4374 4571
f 4374 4512 4571
f 4571 4512 4572
f 4512 4559 4572
f 4572 4559 4573
f 4559 4561 4573
f 4573 4561 4574
f 4561 4562 4574
f 4574 4562 4557
f 4562 4567 4557
f 4557 4567 4558
f 4554 4575 4555
f 4575 4576 4555
f 4555 4576 4502
f 4576 4577 4502
f 4502 4577 4500
f 4540 4497 4527
f 4497 4499 4527
f 4527 4499 4466
f 4499 4307 4466
f 4376 4375 4511
f 4375 4571 4511
f 4511 4571 4528
f 4571 4572 4528
f 4528 4572 4507
f 4572 4573 4507
f 4507 4573 4504
f 4573 4574 4504
f 4504 4574 4505
f 4574 4557 4505
f 4505 4557 4534
f 4557 4552 4534
f 4534 4552 4533
f 4552 4555 4533
f 4533 4555 4521
f 4555 4502 4521
f 4521 4502 4519
f 4502 4501 4519
f 4519 4501 4537
f 4578 4579 4580
f 4581 2953 4223
f 4210 4255 4254
f 4254 4253 4210
f 4253 4582 4210
f 4210 4582 4208
f 4582 4583 4208
f 4208 4583 4206
f 4583 4584 4206
f 4206 4584 4204
f 4204 4584 4205
f 4584 4585 4205
f 4205 4585 4220
f 4580 4223 4222
f 4581 4223 4586
f 4580 4579 4223
f 4579 4587 4223
f 4223 4587 4586
f 4306 4305 4588
f 4305 4304 4588
f 4588 4304 4589
f 4304 4307 4589
f 4589 4307 4499
f 4306 4590 4302
f 4590 4591 4302
f 4302 4591 4303
f 4303 4591 4268
f 4591 4592 4268
f 4268 4592 4269
f 4592 4593 4269
f 4269 4593 4270
f 4270 4593 4266
f 4593 4594 4266
f 4266 4594 4264
f 4259 4595 4260
f 4595 4596 4260
f 4260 4596 4262
f 4596 4597 4262
f 4225 4224 4598
f 4224 4256 4598
f 4598 4256 4599
f 4256 4258 4599
f 4599 4258 4597
f 4258 4263 4597
f 4597 4263 4262
f 4600 4601 4602
f 4601 4603 4602
f 4602 4603 4604
f 4603 4605 4604
f 4604 4605 4606
f 4253 4606 4582
f 4606 4605 4582
f 4582 4605 4583
f 4605 4603 4583
f 4583 4603 4584
f 4603 4601 4584
f 4584 4601 4585
f 4253 4252 4606
f 4252 4607 4606
f 4606 4607 4604
f 4607 4608 4604
f 4604 4608 4602
f 4608 4609 4602
f 4602 4609 4600
f 4609 4610 4600
f 4595 4611 4596
f 4611 4612 4596
f 4596 4612 4597
f 4612 4613 4597
f 4597 4613 4599
f 4613 4614 4599
f 4615 4616 4617
f 4616 4594 4617
f 4617 4594 4618
f 4619 4620 4593
f 4620 4621 4593
f 4593 4621 4594
f 4621 4622 4594
f 4594 4622 4618
f 4623 4624 4588
f 4306 4588 4590
f 4588 4624 4590
f 4590 4624 4625
f 4626 4591 4627
f 4591 4590 4627
f 4627 4590 4628
f 4590 4625 4628
f 4626 4629 4591
f 4629 4630 4591
f 4591 4630 4592
f 4630 4631 4592
f 4631 4632 4592
f 4632 4633 4592
f 4592 4633 4593
f 4633 4634 4593
f 4593 4634 4619
f 4635 4636 4637
f 4636 4638 4637
f 4637 4638 4639
f 4638 4640 4639
f 4635 4641 4636
f 4641 4642 4636
f 4636 4642 4580
f 4642 4643 4580
f 4580 4643 4578
f 4644 4645 4646
f 4645 4647 4646
f 4646 4647 4648
f 4649 4650 4651
f 4650 4645 4651
f 4651 4645 4652
f 4645 4644 4652
f 4222 4653 4580
f 4653 4654 4580
f 4580 4654 4636
f 4654 4655 4636
f 4636 4655 4638
f 4655 4650 4638
f 4649 4656 4650
f 4656 4657 4650
f 4650 4657 4638
f 4657 4658 4638
f 4638 4658 4640
f 4252 4225 4607
f 4225 4598 4607
f 4607 4598 4608
f 4598 4599 4608
f 4608 4599 4609
f 4599 4614 4609
f 4609 4614 4610
f 4614 4659 4610
f 4610 4659 4600
f 4659 4660 4600
f 4600 4660 4601
f 4660 4661 4601
f 4601 4661 4585
f 4661 4662 4585
f 4585 4662 4220
f 4662 4221 4220
f 4615 4663 4616
f 4663 4664 4616
f 4616 4664 4665
f 4664 4666 4665
f 4666 4667 4665
f 4667 4668 4665
f 4665 4668 4647
f 4668 4669 4647
f 4647 4669 4648
f 4499 4498 4589
f 4498 4670 4589
f 4589 4670 4588
f 4670 4671 4588
f 4588 4671 4623
f 4259 4264 4595
f 4264 4594 4595
f 4595 4594 4611
f 4594 4616 4611
f 4611 4616 4612
f 4616 4665 4612
f 4612 4665 4613
f 4665 4647 4613
f 4613 4647 4614
f 4647 4645 4614
f 4614 4645 4659
f 4645 4650 4659
f 4659 4650 4660
f 4650 4655 4660
f 4660 4655 4661
f 4655 4654 4661
f 4661 4654 4662
f 4654 4653 4662
f 4662 4653 4221
f 4653 4222 4221
f 4672 4581 4673
f 4581 4586 4673
f 4586 4587 4673
f 4587 4579 4673
f 4673 4579 4674
f 4579 4578 4674
f 4578 4643 4674
f 4643 4642 4674
f 4674 4642 4675
f 4642 4641 4675
f 4641 4635 4675
f 4635 4637 4675
f 4675 4637 4676
f 4658 4677 4640
f 4677 4676 4640
f 4640 4676 4639
f 4676 4637 4639
f 4651 4678 4679
f 4658 4657 4677
f 4657 4656 4677
f 4677 4656 4679
f 4656 4649 4679
f 4679 4649 4651
f 4651 4652 4678
f 4652 4644 4678
f 4678 4644 4680
f 4644 4646 4680
f 4646 4648 4680
f 4648 4669 4680
f 4680 4669 4681
f 4666 4682 4667
f 4682 4681 4667
f 4667 4681 4668
f 4681 4669 4668
f 4666 4664 4682
f 4664 4663 4682
f 4682 4663 4683
f 4663 4615 4683
f 4615 4617 4683
f 4683 4617 4684
f 4617 4618 4684
f 4618 4622 4684
f 4622 4621 4684
f 4684 4621 4685
f 4621 4620 4685
f 4620 4619 4685
f 4619 4634 4685
f 4685 4634 4686
f 4631 4687 4632
f 4687 4686 4632
f 4632 4686 4633
f 4686 4634 4633
f 4626 4688 4629
f 4688 4687 4629
f 4629 4687 4630
f 4687 4631 4630
f 4626 4627 4688
f 4627 4628 4688
f 4688 4628 4689
f 4628 4625 4689
f 4625 4624 4689
f 4624 4623 4689
f 4689 4623 4690
f 4623 4671 4690
f 4671 4670 4690
f 4690 4670 4691
f 4670 4498 4691
f 4543 4692 4693
f 4498 4497 4691
f 4497 4540 4691
f 4691 4540 4693
f 4540 4539 4693
f 4693 4539 4543
f 4543 4542 4692
f 4542 4541 4692
f 4692 4541 4694
f 4541 4538 4694
f 4538 4546 4694
f 4694 4546 4695
f 4546 4545 4695
f 4545 4544 4695
f 4695 4544 4696
f 4544 4536 4696
f 4536 4535 4696
f 4696 4535 4697
f 4577 4698 4699
f 4535 4537 4697
f 4537 4501 4697
f 4697 4501 4699
f 4501 4500 4699
f 4699 4500 4577
f 4577 4576 4698
f 4576 4575 4698
f 4698 4575 4700
f 4575 4554 4700
f 4700 4554 4701
f 4554 4553 4701
f 4553 4556 4701
f 4556 4558 4701
f 4701 4558 4702
f 4558 4567 4702
f 4702 4567 4566
f 4565 4703 4566
f 4703 4704 4566
f 4566 4704 4702
f 4565 4564 4703
f 4564 4563 4703
f 4703 4563 4705
f 4563 4570 4705
f 4705 4570 4706
f 4570 4569 4706
f 4706 4569 4707
f 4569 4568 4707
f 4568 4550 4707
f 4550 4548 4707
f 4707 4548 4708
f 4548 4547 4708
f 4708 4547 3000
f 3995 4709 3000
f 4709 4710 3000
f 3000 4710 4708
f 4053 4711 4712
f 3995 4050 4709
f 4050 4049 4709
f 4709 4049 4712
f 4049 4048 4712
f 4712 4048 4053
f 4073 4713 4051
f 4713 4711 4051
f 4051 4711 4052
f 4711 4053 4052
f 4073 4072 4713
f 4072 4071 4713
f 4713 4071 4714
f 4071 4070 4714
f 4070 4069 4714
f 4714 4069 4715
f 4069 4068 4715
f 4068 4063 4715
f 4063 4062 4715
f 4715 4062 4716
f 4056 4717 4718
f 4062 4060 4716
f 4060 4059 4716
f 4716 4059 4718
f 4059 4054 4718
f 4718 4054 4056
f 4056 4058 4717
f 4058 4085 4717
f 4717 4085 4719
f 4085 4084 4719
f 4719 4084 4083
f 4083 4082 4719
f 4082 4081 4719
f 4719 4081 4720
f 4081 4079 4720
f 4079 4078 4720
f 4720 4078 4721
f 4078 4030 4721
f 4030 4032 4721
f 4721 4032 4722
f 4032 4033 4722
f 3992 4723 3993
f 4723 4724 3993
f 3993 4724 4028
f 4724 4722 4028
f 4028 4722 4029
f 4722 4033 4029
f 3992 4046 4723
f 4046 4045 4723
f 4723 4045 4725
f 4045 4044 4725
f 4044 4043 4725
f 4043 4042 4725
f 4725 4042 4726
f 4042 4041 4726
f 4041 4035 4726
f 4035 4034 4726
f 4726 4034 4727
f 4034 4040 4727
f 4040 4039 4727
f 4039 4038 4727
f 4727 4038 4728
f 4038 4037 4728
f 4037 4036 4728
f 4036 4089 4728
f 4728 4089 4729
f 4089 4088 4729
f 4088 4087 4729
f 4729 4087 4730
f 4087 4086 4730
f 4730 4086 4731
f 4086 4165 4731
f 4165 4166 4731
f 4731 4166 4732
f 4166 4130 4732
f 4732 4130 4733
f 4130 4129 4733
f 4129 4128 4733
f 4128 4133 4733
f 4733 4133 4734
f 4133 4132 4734
f 4132 4131 4734
f 4734 4131 4735
f 4131 4126 4735
f 4735 4126 4736
f 4126 4125 4736
f 4125 4127 4736
f 4736 4127 4737
f 4127 4091 4737
f 4091 4090 4737
f 4737 4090 4738
f 4090 4164 4738
f 4164 4163 4738
f 4163 4162 4738
f 4738 4162 4739
f 4162 4143 4739
f 4143 4141 4739
f 4739 4141 4740
f 4141 4140 4740
f 4740 4140 4741
f 4140 4145 4741
f 4145 4147 4741
f 4741 4147 4742
f 4147 4148 4742
f 4742 4148 4743
f 4148 4150 4743
f 4150 4152 4743
f 4152 4157 4743
f 4743 4157 4744
f 4157 4156 4744
f 4156 4155 4744
f 4744 4155 4745
f 4155 4134 4745
f 4745 4134 4746
f 4134 4136 4746
f 4746 4136 4747
f 4136 4138 4747
f 4138 4139 4747
f 4747 4139 4672
f 4139 2953 4672
f 4672 2953 4581
f 4672 4748 4747
f 4748 4749 4747
f 4747 4749 4746
f 4749 4750 4746
f 4746 4750 4745
f 4750 4751 4745
f 4745 4751 4744
f 4751 4752 4744
f 4744 4752 4743
f 4752 4753 4743
f 4743 4753 4742
f 4753 4754 4742
f 4742 4754 4741
f 4754 4755 4741
f 4741 4755 4740
f 4755 4756 4740
f 4740 4756 4739
f 4756 4757 4739
f 4739 4757 4738
f 4757 4758 4738
f 4738 4758 4737
f 4758 4759 4737
f 4737 4759 4736
f 4759 4760 4736
f 4736 4760 4735
f 4760 4761 4735
f 4735 4761 4734
f 4761 4762 4734
f 4734 4762 4733
f 4762 4763 4733
f 4733 4763 4732
f 4763 4764 4732
f 4732 4764 4731
f 4764 4765 4731
f 4731 4765 4730
f 4765 4766 4730
f 4730 4766 4729
f 4766 4767 4729
f 4729 4767 4728
f 4767 4768 4728
f 4728 4768 4727
f 4768 4769 4727
f 4727 4769 4726
f 4769 4770 4726
f 4726 4770 4725
f 4770 4771 4725
f 4725 4771 4723
f 4771 4772 4723
f 4723 4772 4724
f 4772 4773 4724
f 4724 4773 4722
f 4773 4774 4722
f 4722 4774 4721
f 4774 4775 4721
f 4721 4775 4720
f 4775 4776 4720
f 4720 4776 4719
f 4776 4777 4719
f 4719 4777 4717
f 4777 4778 4717
f 4717 4778 4718
f 4778 4779 4718
f 4718 4779 4716
f 4779 4780 4716
f 4716 4780 4715
f 4780 4781 4715
f 4715 4781 4714
f 4781 4782 4714
f 4714 4782 4713
f 4782 4783 4713
f 4713 4783 4711
f 4783 4784 4711
f 4711 4784 4712
f 4784 4785 4712
f 4712 4785 4709
f 4785 4786 4709
f 4709 4786 4710
f 4786 4787 4710
f 4710 4787 4708
f 4787 4788 4708
f 4708 4788 4707
f 4788 4789 4707
f 4707 4789 4706
f 4789 4790 4706
f 4706 4790 4705
f 4790 4791 4705
f 4705 4791 4703
f 4791 4792 4703
f 4703 4792 4704
f 4792 4793 4704
f 4704 4793 4702
f 4793 4794 4702
f 4702 4794 4701
f 4794 4795 4701
f 4701 4795 4700
f 4795 4796 4700
f 4700 4796 4698
f 4796 4797 4698
f 4698 4797 4699
f 4797 4798 4699
f 4699 4798 4697
f 4798 4799 4697
f 4697 4799 4696
f 4799 4800 4696
f 4696 4800 4695
f 4800 4801 4695
f 4695 4801 4694
f 4801 4802 4694
f 4694 4802 4692
f 4802 4803 4692
f 4692 4803 4693
f 4803 4804 4693
f 4693 4804 4691
f 4804 4805 4691
f 4691 4805 4690
f 4805 4806 4690
f 4690 4806 4689
f 4806 4807 4689
f 4689 4807 4688
f 4807 4808 4688
f 4688 4808 4687
f 4808 4809 4687
f 4687 4809 4686
f 4809 4810 4686
f 4686 4810 4685
f 4810 4811 4685
f 4685 4811 4684
f 4811 4812 4684
f 4684 4812 4683
f 4812 4813 4683
f 4683 4813 4682
f 4813 4814 4682
f 4682 4814 4681
f 4814 4815 4681
f 4681 4815 4680
f 4815 4816 4680
f 4680 4816 4678
f 4816 4817 4678
f 4678 4817 4679
f 4817 4818 4679
f 4679 4818 4677
f 4818 4819 4677
f 4677 4819 4676
f 4819 4820 4676
f 4676 4820 4675
f 4820 4821 4675
f 4675 4821 4674
f 4821 4822 4674
f 4674 4822 4673
f 4822 4823 4673
f 4673 4823 4672
f 4823 4748 4672
f 4823 4824 4748
f 4824 4825 4748
f 4748 4825 4749
f 4825 4826 4749
f 4749 4826 4750
f 4826 4827 4750
f 4750 4827 4751
f 4827 4828 4751
f 4751 4828 4752
f 4828 4829 4752
f 4752 4829 4753
f 4829 4830 4753
f 4753 4830 4754
f 4830 4831 4754
f 4754 4831 4755
f 4831 4832 4755
f 4755 4832 4756
f 4832 4833 4756
f 4756 4833 4757
f 4833 4834 4757
f 4757 4834 4758
f 4834 4835 4758
f 4758 4835 4759
f 4835 4836 4759
f 4759 4836 4760
f 4836 4837 4760
f 4760 4837 4761
f 4837 4838 4761
f 4761 4838 4762
f 4838 4839 4762
f 4762 4839 4763
f 4839 4840 4763
f 4763 4840 4764
f 4840 4841 4764
f 4764 4841 4765
f 4841 4842 4765
f 4765 4842 4766
f 4842 4843 4766
f 4766 4843 4767
f 4843 4844 4767
f 4767 4844 4768
f 4844 4845 4768
f 4768 4845 4769
f 4845 4846 4769
f 4769 4846 4770
f 4846 4847 4770
f 4770 4847 4771
f 4847 4848 4771
f 4771 4848 4772
f 4848 4849 4772
f 4772 4849 4773
f 4849 4850 4773
f 4773 4850 4774
f 4850 4851 4774
f 4774 4851 4775
f 4851 4852 4775
f 4775 4852 4776
f 4852 4853 4776
f 4776 4853 4777
f 4853 4854 4777
f 4777 4854 4778
f 4854 4855 4778
f 4778 4855 4779
f 4855 4856 4779
f 4779 4856 4780
f 4856 4857 4780
f 4780 4857 4781
f 4857 4858 4781
f 4781 4858 4782
f 4858 4859 4782
f 4782 4859 4783
f 4859 4860 4783
f 4783 4860 4784
f 4860 4861 4784
f 4784 4861 4785
f 4861 4862 4785
f 4785 4862 4786
f 4862 4863 4786
f 4786 4863 4787
f 4863 4864 4787
f 4787 4864 4788
f 4864 4865 4788
f 4788 4865 4789
f 4865 4866 4789
f 4789 4866 4790
f 4866 4867 4790
f 4790 4867 4791
f 4867 4868 4791
f 4791 4868 4792
f 4868 4869 4792
f 4792 4869 4793
f 4869 4870 4793
f 4793 4870 4794
f 4870 4871 4794
f 4794 4871 4795
f 4871 4872 4795
f 4795 4872 4796
f 4872 4873 4796
f 4796 4873 4797
f 4873 4874 4797
f 4797 4874 4798
f 4874 4875 4798
f 4798 4875 4799
f 4875 4876 4799
f 4799 4876 4800
f 4876 4877 4800
f 4800 4877 4801
f 4877 4878 4801
f 4801 4878 4802
f 4878 4879 4802
f 4802 4879 4803
f 4879 4880 4803
f 4803 4880 4804
f 4880 4881 4804
f 4804 4881 4805
f 4881 4882 4805
f 4805 4882 4806
f 4882 4883 4806
f 4806 4883 4807
f 4883 4884 4807
f 4807 4884 4808
f 4884 4885 4808
f 4808 4885 4809
f 4885 4886 4809
f 4809 4886 4810
f 4886 4887 4810
f 4810 4887 4811
f 4887 4888 4811
f 4811 4888 4812
f 4888 4889 4812
f 4812 4889 4813
f 4889 4890 4813
f 4813 4890 4814
f 4890 4891 4814
f 4814 4891 4815
f 4891 4892 4815
f 4815 4892 4816
f 4892 4893 4816
f 4816 4893 4817
f 4893 4894 4817
f 4817 4894 4818
f 4894 4895 4818
f 4818 4895 4819
f 4895 4896 4819
f 4819 4896 4820
f 4896 4897 4820
f 4820 4897 4821
f 4897 4898 4821
f 4821 4898 4822
f 4898 4899 4822
f 4822 4899 4823
f 4899 4824 4823
f 4899 4900 4824
f 4900 4901 4824
f 4824 4901 4825
f 4901 4902 4825
f 4825 4902 4826
f 4902 4903 4826
f 4826 4903 4827
f 4903 4904 4827
f 4827 4904 4828
f 4904 4905 4828
f 4828 4905 4829
f 4905 4906 4829
f 4829 4906 4830
f 4906 4907 4830
f 4830 4907 4831
f 4907 4908 4831
f 4831 4908 4832
f 4908 4909 4832
f 4832 4909 4833
f 4909 4910 4833
f 4833 4910 4834
f 4910 4911 4834
f 4834 4911 4835
f 4911 4912 4835
f 4835 4912 4836
f 4912 4913 4836
f 4836 4913 4837
f 4913 4914 4837
f 4837 4914 4838
f 4914 4915 4838
f 4838 4915 4839
f 4915 4916 4839
f 4839 4916 4840
f 4916 4917 4840
f 4840 4917 4841
f 4917 4918 4841
f 4841 4918 4842
f 4918 4919 4842
f 4842 4919 4843
f 4919 4920 4843
f 4843 4920 4844
f 4920 4921 4844
f 4844 4921 4845
f 4921 4922 4845
f 4845 4922 4846
f 4922 4923 4846
f 4846 4923 4847
f 4923 4924 4847
f 4847 4924 4848
f 4924 4925 4848
f 4848 4925 4849
f 4925 4926 4849
f 4849 4926 4850
f 4926 4927 4850
f 4850 4927 4851
f 4927 4928 4851
f 4851 4928 4852
f 4928 4929 4852
f 4852 4929 4853
f 4929 4930 4853
f 4853 4930 4854
f 4930 4931 4854
f 4854 4931 4855
f 4931 4932 4855
f 4855 4932 4856
f 4932 4933 4856
f 4856 4933 4857
f 4933 4934 4857
f 4857 4934 4858
f 4934 4935 4858
f 4858 4935 4859
f 4935 4936 4859
f 4859 4936 4860
f 4936 4937 4860
f 4860 4937 4861
f 4937 4938 4861
f 4861 4938 4862
f 4938 4939 4862
f 4862 4939 4863
f 4939 4940 4863
f 4863 4940 4864
f 4940 4941 4864
f 4864 4941 4865
f 4941 4942 4865
f 4865 4942 4866
f 4942 4943 4866
f 4866 4943 4867
f 4943 4944 4867
f 4867 4944 4868
f 4944 4945 4868
f 4868 4945 4869
f 4945 4946 4869
f 4869 4946 4870
f 4946 4947 4870
f 4870 4947 4871
f 4947 4948 4871
f 4871 4948 4872
f 4948 4949 4872
f 4872 4949 4873
f 4949 4950 4873
f 4873 4950 4874
f 4950 4951 4874
f 4874 4951 4875
f 4951 4952 4875
f 4875 4952 4876
f 4952 4953 4876
f 4876 4953 4877
f 4953 4954 4877
f 4877 4954 4878
f 4954 4955 4878
f 4878 4955 4879
f 4955 4956 4879
f 4879 4956 4880
f 4956 4957 4880
f 4880 4957 4881
f 4957 4958 4881
f 4881 4958 4882
f 4958 4959 4882
f 4882 4959 4883
f 4959 4960 4883
f 4883 4960 4884
f 4960 4961 4884
f 4884 4961 4885
f 4961 4962 4885
f 4885 4962 4886
f 4962 4963 4886
f 4886 4963 4887
f 4963 4964 4887
f 4887 4964 4888
f 4964 4965 4888
f 4888 4965 4889
f 4965 4966 4889
f 4889 4966 4890
f 4966 4967 4890
f 4890 4967 4891
f 4967 4968 4891
f 4891 4968 4892
f 4968 4969 4892
f 4892 4969 4893
f 4969 4970 4893
f 4893 4970 4894
f 4970 4971 4894
f 4894 4971 4895
f 4971 4972 4895
f 4895 4972 4896
f 4972 4973 4896
f 4896 4973 4897
f 4973 4974 4897
f 4897 4974 4898
f 4974 4975 4898
f 4898 4975 4899
f 4975 4900 4899
f 4975 4976 4900
f 4976 4977 4900
f 4900 4977 4901
f 4977 4978 4901
f 4901 4978 4902
f 4978 4979 4902
f 4902 4979 4903
f 4979 4980 4903
f 4903 4980 4904
f 4980 4981 4904
f 4904 4981 4905
f 4981 4982 4905
f 4905 4982 4906
f 4982 4983 4906
f 4906 4983 4907
f 4983 4984 4907
f 4907 4984 4908
f 4984 4985 4908
f 4908 4985 4909
f 4985 4986 4909
f 4909 4986 4910
f 4986 4987 4910
f 4910 4987 4911
f 4987 4988 4911
f 4911 4988 4912
f 4988 4989 4912
f 4912 4989 4913
f 4989 4990 4913
f 4913 4990 4914
f 4990 4991 4914
f 4914 4991 4915
f 4991 4992 4915
f 4915 4992 4916
f 4992 4993 4916
f 4916 4993 4917
f 4993 4994 4917
f 4917 4994 4918
f 4994 4995 4918
f 4918 4995 4919
f 4995 4996 4919
f 4919 4996 4920
f 4996 4997 4920
f 4920 4997 4921
f 4997 4998 4921
f 4921 4998 4922
f 4998 4999 4922
f 4922 4999 4923
f 4999 5000 4923
f 4923 5000 4924
f 5000 5001 4924
f 4924 5001 4925
f 5001 5002 4925
f 4925 5002 4926
f 5002 5003 4926
f 4926 5003 4927
f 5003 5004 4927
f 4927 5004 4928
f 5004 5005 4928
f 4928 5005 4929
f 5005 5006 4929
f 4929 5006 4930
f 5006 5007 4930
f 4930 5007 4931
f 5007 5008 4931
f 4931 5008 4932
f 5008 5009 4932
f 4932 5009 4933
f 5009 5010 4933
f 4933 5010 4934
f 5010 5011 4934
f 4934 5011 4935
f 5011 5012 4935
f 4935 5012 4936
f 5012 5013 4936
f 4936 5013 4937
f 5013 5014 4937
f 4937 5014 4938
f 5014 5015 4938
f 4938 5015 4939
f 5015 5016 4939
f 4939 5016 4940
f 5016 5017 4940
f 4940 5017 4941
f 5017 5018 4941
f 4941 5018 4942
f 5018 5019 4942
f 4942 5019 4943
f 5019 5020 4943
f 4943 5020 4944
f 5020 5021 4944
f 4944 5021 4945
f 5021 5022 4945
f 4945 5022 4946
f 5022 5023 4946
f 4946 5023 4947
f 5023 5024 4947
f 4947 5024 4948
f 5024 5025 4948
f 4948 5025 4949
f 5025 5026 4949
f 4949 5026 4950
f 5026 5027 4950
f 4950 5027 4951
f 5027 5028 4951
f 4951 5028 4952
f 5028 5029 4952
f 4952 5029 4953
f 5029 5030 4953
f 4953 5030 4954
f 5030 5031 4954
f 4954 5031 4955
f 5031 5032 4955
f 4955 5032 4956
f 5032 5033 4956
f 4956 5033 4957
f 5033 5034 4957
f 4957 5034 4958
f 5034 5035 4958
f 4958 5035 4959
f 5035 5036 4959
f 4959 5036 4960
f 5036 5037 4960
f 4960 5037 4961
f 5037 5038 4961
f 4961 5038 4962
f 5038 5039 4962
f 4962 5039 4963
f 5039 5040 4963
f 4963 5040 4964
f 5040 5041 4964
f 4964 5041 4965
f 5041 5042 4965
f 4965 5042 4966
f 5042 5043 4966
f 4966 5043 4967
f 5043 5044 4967
f 4967 5044 4968
f 5044 5045 4968
f 4968 5045 4969
f 5045 5046 4969
f 4969 5046 4970
f 5046 5047 4970
f 4970 5047 4971
f 5047 5048 4971
f 4971 5048 4972
f 5048 5049 4972
f 4972 5049 4973
f 5049 5050 4973
f 4973 5050 4974
f 5050 5051 4974
f 4974 5051 4975
f 5051 4976 4975
f 2459 2457 4976
f 2457 2456 4976
f 4976 2456 4977
f 2456 2453 4977
f 4977 2453 4978
f 2453 2497 4978
f 4978 2497 4979
f 2497 2496 4979
f 4979 2496 4980
f 2496 2494 4980
f 4980 2494 4981
f 2494 2492 4981
f 4981 2492 4982
f 2492 2490 4982
f 4982 2490 4983
f 2490 2441 4983
f 4983 2441 4984
f 2441 2440 4984
f 4984 2440 4985
f 2440 2546 4985
f 4985 2546 4986
f 2546 2544 4986
f 4986 2544 4987
f 2544 2542 4987
f 4987 2542 4988
f 2542 2540 4988
f 4988 2540 4989
f 2540 2538 4989
f 4989 2538 4990
f 2538 2536 4990
f 4990 2536 4991
f 2536 2534 4991
f 4991 2534 4992
f 2534 2532 4992
f 4992 2532 4993
f 2532 2530 4993
f 4993 2530 4994
f 2530 2528 4994
f 4994 2528 4995
f 2528 2526 4995
f 4995 2526 4996
f 2526 2524 4996
f 4996 2524 4997
f 2524 2522 4997
f 4997 2522 4998
f 2522 2520 4998
f 4998 2520 4999
f 2520 2518 4999
f 4999 2518 5000
f 2518 2516 5000
f 5000 2516 5001
f 2516 2514 5001
f 5001 2514 5002
f 2514 2512 5002
f 5002 2512 5003
f 2512 2511 5003
f 5003 2511 5004
f 2511 2470 5004
f 5004 2470 5005
f 2470 2468 5005
f 5005 2468 5006
f 2468 2466 5006
f 5006 2466 5007
f 2466 2464 5007
f 5007 2464 5008
f 2464 2510 5008
f 5008 2510 5009
f 2510 2509 5009
f 5009 2509 5010
f 2509 2507 5010
f 5010 2507 5011
f 2507 2505 5011
f 5011 2505 5012
f 2505 2503 5012
f 5012 2503 5013
f 2503 2501 5013
f 5013 2501 5014
f 2501 2499 5014
f 5014 2499 5015
f 2499 2555 5015
f 5015 2555 5016
f 2555 2554 5016
f 5016 2554 5017
f 2554 2552 5017
f 5017 2552 5018
f 2552 2550 5018
f 5018 2550 5019
f 2550 2549 5019
f 5019 2549 5020
f 2549 2447 5020
f 5020 2447 5021
f 2447 2445 5021
f 5021 2445 5022
f 2445 2444 5022
f 5022 2444 5023
f 2444 2439 5023
f 5023 2439 5024
f 2439 2443 5024
f 5024 2443 5025
f 2443 2558 5025
f 5025 2558 5026
f 2558 2560 5026
f 5026 2560 5027
f 2560 2562 5027
f 5027 2562 5028
f 2562 2564 5028
f 5028 2564 5029
f 2564 2567 5029
f 5029 2567 5030
f 2567 2569 5030
f 5030 2569 5031
f 2569 2571 5031
f 5031 2571 5032
f 2571 2573 5032
f 5032 2573 5033
f 2573 2575 5033
f 5033 2575 5034
f 2575 2577 5034
f 5034 2577 5035
f 2577 2579 5035
f 5035 2579 5036
f 2579 2581 5036
f 5036 2581 5037
f 2581 2583 5037
f 5037 2583 5038
f 2583 2452 5038
f 5038 2452 5039
f 2452 2450 5039
f 5039 2450 5040
f 2450 2488 5040
f 5040 2488 5041
f 2488 2487 5041
f 5041 2487 5042
f 2487 2485 5042
f 5042 2485 5043
f 2485 2483 5043
f 5043 2483 5044
f 2483 2481 5044
f 5044 2481 5045
f 2481 2479 5045
f 5045 2479 5046
f 2479 2477 5046
f 5046 2477 5047
f 2477 2475 5047
f 5047 2475 5048
f 2475 2473 5048
f 5048 2473 5049
f 2473 2472 5049
f 5049 2472 5050
f 2472 2461 5050
f 5050 2461 5051
f 2461 2459 5051
f 5051 2459 4976
f 459 461 5052
f 5053 5054 5055
f 5056 5057 360
f 5056 360 5058
f 5059 5060 5057
f 5060 360 5057
f 5061 5062 5063
f 5062 360 5063
f 5054 5059 5055
f 5059 5057 5055
f 5055 5057 5064
f 5057 5056 5064
f 5064 5056 5065
f 5056 5058 5065
f 5065 5058 5066
f 360 453 5063
f 453 455 5063
f 5063 455 5061
f 455 457 5061
f 5067 5068 5066
f 5066 5068 5065
f 5068 5069 5065
f 5065 5069 5064
f 5069 5070 5064
f 5064 5070 5055
f 5070 5071 5055
f 5055 5071 5053
f 5072 5073 5071
f 5073 5074 5071
f 5071 5074 5053
f 5075 5076 5077
f 5077 5072 5075
f 5072 5071 5075
f 5075 5071 5078
f 5071 5070 5078
f 5078 5070 5079
f 5070 5069 5079
f 5079 5069 5080
f 5069 5068 5080
f 5080 5068 5052
f 5068 5067 5052
f 5052 5067 459
f 5067 457 459
f 5081 5075 5082
f 5075 5078 5082
f 5082 5078 5083
f 5078 5079 5083
f 5083 5079 5084
f 5079 5080 5084
f 5084 5080 5085
f 5080 5052 5085
f 5085 5052 463
f 5052 461 463
f 457 5067 5061
f 5067 5066 5061
f 5061 5066 5062
f 5066 5058 5062
f 5062 5058 360
f 722 5086 5081
f 5086 5087 5081
f 5081 5087 5075
f 5087 5088 5075
f 5075 5088 5076
f 524 5089 5090
f 5085 463 465
f 5084 5085 5091
f 5083 5084 5092
f 5082 5083 5093
f 5081 5082 5094
f 722 5081 5095
f 5085 465 5091
f 465 467 5091
f 5091 467 5096
f 467 468 5096
f 468 470 5096
f 5096 470 5097
f 470 472 5097
f 5097 472 5098
f 472 475 5098
f 475 477 5098
f 5098 477 5099
f 477 478 5099
f 5099 478 5100
f 490 5101 5102
f 478 481 5100
f 481 483 5100
f 5100 483 5103
f 483 485 5103
f 5103 485 5102
f 485 487 5102
f 5102 487 490
f 490 492 5101
f 492 494 5101
f 5101 494 5104
f 494 495 5104
f 5104 495 5105
f 495 497 5105
f 5105 497 5106
f 507 5107 5108
f 497 499 5106
f 499 501 5106
f 5106 501 5109
f 501 503 5109
f 5109 503 5108
f 503 505 5108
f 5108 505 507
f 507 510 5107
f 510 512 5107
f 5107 512 5110
f 512 513 5110
f 5110 513 5111
f 513 516 5111
f 516 518 5111
f 5111 518 5112
f 518 520 5112
f 5112 520 5090
f 520 522 5090
f 5090 522 524
f 5084 5091 5092
f 5091 5096 5092
f 5092 5096 5113
f 5096 5097 5113
f 5113 5097 5114
f 5097 5098 5114
f 5114 5098 5115
f 5098 5099 5115
f 5115 5099 5116
f 5099 5100 5116
f 5116 5100 5117
f 5100 5103 5117
f 5117 5103 5118
f 5103 5102 5118
f 5118 5102 5119
f 5102 5101 5119
f 5119 5101 5120
f 5101 5104 5120
f 5120 5104 5121
f 5104 5105 5121
f 5121 5105 5122
f 5105 5106 5122
f 5122 5106 5123
f 5106 5109 5123
f 5123 5109 5124
f 5109 5108 5124
f 5124 5108 5125
f 5108 5107 5125
f 5125 5107 5126
f 5107 5110 5126
f 5126 5110 5127
f 5110 5111 5127
f 5127 5111 5128
f 5111 5112 5128
f 5128 5112 5129
f 5112 5090 5129
f 5129 5090 5130
f 5090 5089 5130
f 5130 5089 5131
f 5083 5092 5093
f 5092 5113 5093
f 5093 5113 5132
f 5113 5114 5132
f 5132 5114 5133
f 5114 5115 5133
f 5133 5115 5134
f 5115 5116 5134
f 5134 5116 5135
f 5116 5117 5135
f 5135 5117 5136
f 5117 5118 5136
f 5136 5118 5137
f 5118 5119 5137
f 5137 5119 5138
f 5119 5120 5138
f 5138 5120 5139
f 5120 5121 5139
f 5139 5121 5140
f 5121 5122 5140
f 5140 5122 5141
f 5122 5123 5141
f 5141 5123 5142
f 5123 5124 5142
f 5142 5124 5143
f 5124 5125 5143
f 5143 5125 5144
f 5125 5126 5144
f 5144 5126 5145
f 5126 5127 5145
f 5145 5127 5146
f 5127 5128 5146
f 5146 5128 5147
f 5128 5129 5147
f 5147 5129 5148
f 5129 5130 5148
f 5148 5130 5149
f 5130 5131 5149
f 5149 5131 5150
f 5082 5093 5094
f 5093 5132 5094
f 5094 5132 5151
f 5132 5133 5151
f 5151 5133 5152
f 5133 5134 5152
f 5152 5134 5153
f 5134 5135 5153
f 5153 5135 5154
f 5135 5136 5154
f 5154 5136 5155
f 5136 5137 5155
f 5155 5137 5156
f 5137 5138 5156
f 5156 5138 5157
f 5138 5139 5157
f 5157 5139 5158
f 5139 5140 5158
f 5158 5140 5159
f 5140 5141 5159
f 5159 5141 5160
f 5141 5142 5160
f 5160 5142 5161
f 5142 5143 5161
f 5161 5143 5162
f 5143 5144 5162
f 5162 5144 5163
f 5144 5145 5163
f 5163 5145 5164
f 5145 5146 5164
f 5164 5146 5165
f 5146 5147 5165
f 5165 5147 5166
f 5147 5148 5166
f 5166 5148 5167
f 5148 5149 5167
f 5167 5149 5168
f 5149 5150 5168
f 5168 5150 5169
f 5081 5094 5095
f 5094 5151 5095
f 5095 5151 5170
f 5151 5152 5170
f 5170 5152 5171
f 5152 5153 5171
f 5171 5153 5172
f 5153 5154 5172
f 5172 5154 5173
f 5154 5155 5173
f 5173 5155 5174
f 5155 5156 5174
f 5174 5156 5175
f 5156 5157 5175
f 5175 5157 5176
f 5157 5158 5176
f 5176 5158 5177
f 5158 5159 5177
f 5177 5159 5178
f 5159 5160 5178
f 5178 5160 5179
f 5160 5161 5179
f 5179 5161 5180
f 5161 5162 5180
f 5180 5162 5181
f 5162 5163 5181
f 5181 5163 5182
f 5163 5164 5182
f 5182 5164 5183
f 5164 5165 5183
f 5183 5165 5184
f 5165 5166 5184
f 5184 5166 5185
f 5166 5167 5185
f 5185 5167 5186
f 5167 5168 5186
f 5186 5168 5187
f 5168 5169 5187
f 5187 5169 5188
f 722 5095 723
f 5095 5170 723
f 723 5170 728
f 5170 5171 728
f 728 5171 740
f 5171 5172 740
f 740 5172 742
f 5172 5173 742
f 742 5173 744
f 5173 5174 744
f 744 5174 746
f 5174 5175 746
f 746 5175 761
f 5175 5176 761
f 761 5176 760
f 5176 5177 760
f 760 5177 758
f 5177 5178 758
f 758 5178 756
f 5178 5179 756
f 756 5179 754
f 5179 5180 754
f 754 5180 752
f 5180 5181 752
f 752 5181 750
f 5181 5182 750
f 750 5182 738
f 5182 5183 738
f 738 5183 736
f 5183 5184 736
f 736 5184 734
f 5184 5185 734
f 734 5185 732
f 5185 5186 732
f 732 5186 730
f 5186 5187 730
f 730 5187 724
f 5187 5188 724
f 724 5188 725
f 5053 5189 5190
f 722 721 5191
f 5192 349 351
f 5193 5194 5195
f 5193 5196 5194
f 5196 5197 5194
f 5194 5197 5192
f 5198 5199 5195
f 5199 5200 5195
f 5195 5200 5193
f 5201 5202 5203
f 5202 5204 5203
f 5203 5204 5198
f 5204 5205 5198
f 5198 5205 5199
f 5206 5207 5208
f 5207 5191 5208
f 5208 5191 5209
f 5206 5210 5207
f 5210 5211 5207
f 5207 5211 5203
f 5211 5212 5203
f 5203 5212 5201
f 5209 5191 5213
f 5191 721 5213
f 5213 721 727
f 5214 5087 5086
f 5087 5214 5088
f 5214 5215 5088
f 5088 5215 5076
f 5053 5074 5189
f 5074 5073 5189
f 5189 5073 5072
f 360 5060 358
f 5060 5059 358
f 358 5059 5190
f 5059 5054 5190
f 5190 5054 5053
f 5216 355 357
f 5076 5215 5077
f 5215 5217 5077
f 5077 5217 5072
f 5217 5218 5072
f 5072 5218 5189
f 5218 5216 5189
f 5189 5216 5190
f 5216 357 5190
f 5190 357 358
f 5192 351 5194
f 351 352 5194
f 5194 352 354
f 722 5191 5086
f 5191 5207 5086
f 5086 5207 5214
f 5207 5203 5214
f 5214 5203 5215
f 5203 5198 5215
f 5215 5198 5217
f 5198 5195 5217
f 5217 5195 5218
f 5195 5194 5218
f 5218 5194 5216
f 5194 354 5216
f 5216 354 355
f 5219 725 5188
f 528 529 5220
f 5221 534 536
f 5221 536 5222
f 5223 5222 536
f 5224 5223 536
f 5225 5224 536
f 5226 5225 536
f 532 534 5227
f 534 5221 5227
f 5227 5221 5228
f 5221 5222 5228
f 5228 5222 5229
f 5222 5223 5229
f 5229 5223 5230
f 5223 5224 5230
f 5230 5224 5231
f 5224 5225 5231
f 5231 5225 5232
f 5225 5226 5232
f 529 532 5220
f 532 5227 5220
f 5220 5227 5233
f 5227 5228 5233
f 5233 5228 5234
f 5228 5229 5234
f 5234 5229 5235
f 5229 5230 5235
f 5235 5230 5236
f 5230 5231 5236
f 5236 5231 5237
f 5231 5232 5237
f 5237 5238 5236
f 5238 5239 5236
f 5236 5239 5240
f 5241 5242 5243
f 5242 5244 5243
f 526 528 5245
f 528 5220 5245
f 5245 5220 5246
f 5220 5233 5246
f 5246 5233 5247
f 5233 5234 5247
f 5247 5234 5248
f 5234 5235 5248
f 5248 5235 5242
f 5235 5236 5242
f 5242 5236 5244
f 5236 5240 5244
f 5219 5188 5249
f 524 526 5089
f 526 5245 5089
f 5089 5245 5131
f 5245 5246 5131
f 5131 5246 5150
f 5246 5247 5150
f 5150 5247 5169
f 5247 5248 5169
f 5169 5248 5188
f 5248 5242 5188
f 5188 5242 5249
f 5242 5241 5249
f 5210 5206 5250
f 5251 5252 5253
f 5254 5255 5256
f 5257 5258 5259
f 5260 304 303
f 5261 5262 5263
f 5262 5260 5263
f 5254 5256 5264
f 731 5265 5266
f 5265 5267 5266
f 5266 5267 5268
f 5206 5208 5250
f 5208 5209 5250
f 5250 5209 5213
f 5201 5212 5269
f 5212 5211 5269
f 5205 5204 5270
f 5204 5202 5270
f 5193 5200 5271
f 5200 5199 5271
f 5196 5272 5197
f 5272 5192 5197
f 309 5273 5274
f 5260 303 5263
f 303 300 5263
f 5263 300 5275
f 300 299 5275
f 5275 299 5274
f 299 307 5274
f 5274 307 309
f 309 311 5273
f 311 313 5273
f 5273 313 5276
f 313 315 5276
f 5276 315 5277
f 315 317 5277
f 317 319 5277
f 5277 319 5278
f 319 321 5278
f 5278 321 5279
f 321 323 5279
f 323 325 5279
f 5279 325 5280
f 325 327 5280
f 5280 327 5281
f 327 329 5281
f 329 331 5281
f 5281 331 5282
f 331 333 5282
f 5282 333 5283
f 333 335 5283
f 335 337 5283
f 5283 337 5284
f 337 339 5284
f 5284 339 5285
f 339 341 5285
f 341 343 5285
f 5285 343 5286
f 343 345 5286
f 345 347 5286
f 5286 347 5272
f 347 349 5272
f 5272 349 5192
f 5196 5193 5272
f 5193 5271 5272
f 5272 5271 5286
f 5271 5287 5286
f 5286 5287 5285
f 5287 5288 5285
f 5285 5288 5284
f 5288 5289 5284
f 5284 5289 5283
f 5289 5290 5283
f 5283 5290 5282
f 5290 5291 5282
f 5282 5291 5281
f 5291 5292 5281
f 5281 5292 5280
f 5292 5293 5280
f 5280 5293 5279
f 5293 5294 5279
f 5279 5294 5278
f 5294 5295 5278
f 5278 5295 5277
f 5295 5296 5277
f 5277 5296 5276
f 5296 5297 5276
f 5276 5297 5273
f 5297 5298 5273
f 5273 5298 5274
f 5298 5299 5274
f 5274 5299 5275
f 5299 5300 5275
f 5275 5300 5263
f 5300 5259 5263
f 5263 5259 5261
f 5259 5258 5261
f 5199 5205 5271
f 5205 5270 5271
f 5271 5270 5287
f 5270 5301 5287
f 5287 5301 5288
f 5301 5302 5288
f 5288 5302 5289
f 5302 5303 5289
f 5289 5303 5290
f 5303 5304 5290
f 5290 5304 5291
f 5304 5305 5291
f 5291 5305 5292
f 5305 5306 5292
f 5292 5306 5293
f 5306 5307 5293
f 5293 5307 5294
f 5307 5308 5294
f 5294 5308 5295
f 5308 5309 5295
f 5295 5309 5296
f 5309 5310 5296
f 5296 5310 5297
f 5310 5311 5297
f 5297 5311 5298
f 5311 5312 5298
f 5298 5312 5299
f 5312 5313 5299
f 5299 5313 5300
f 5313 5314 5300
f 5300 5314 5259
f 5314 5256 5259
f 5259 5256 5257
f 5256 5255 5257
f 5202 5201 5270
f 5201 5269 5270
f 5270 5269 5301
f 5269 5315 5301
f 5301 5315 5302
f 5315 5316 5302
f 5302 5316 5303
f 5316 5317 5303
f 5303 5317 5304
f 5317 5318 5304
f 5304 5318 5305
f 5318 5319 5305
f 5305 5319 5306
f 5319 5320 5306
f 5306 5320 5307
f 5320 5321 5307
f 5307 5321 5308
f 5321 5322 5308
f 5308 5322 5309
f 5322 5323 5309
f 5309 5323 5310
f 5323 5324 5310
f 5310 5324 5311
f 5324 5325 5311
f 5311 5325 5312
f 5325 5326 5312
f 5312 5326 5313
f 5326 5327 5313
f 5313 5327 5314
f 5327 5328 5314
f 5314 5328 5256
f 5328 5253 5256
f 5256 5253 5264
f 5253 5252 5264
f 5211 5210 5269
f 5210 5250 5269
f 5269 5250 5315
f 5250 5329 5315
f 5315 5329 5316
f 5329 5330 5316
f 5316 5330 5317
f 5330 5331 5317
f 5317 5331 5318
f 5331 5332 5318
f 5318 5332 5319
f 5332 5333 5319
f 5319 5333 5320
f 5333 5334 5320
f 5320 5334 5321
f 5334 5335 5321
f 5321 5335 5322
f 5335 5336 5322
f 5322 5336 5323
f 5336 5337 5323
f 5323 5337 5324
f 5337 5338 5324
f 5324 5338 5325
f 5338 5339 5325
f 5325 5339 5326
f 5339 5340 5326
f 5326 5340 5327
f 5340 5341 5327
f 5327 5341 5328
f 5341 5342 5328
f 5328 5342 5253
f 5342 5266 5253
f 5253 5266 5251
f 5266 5268 5251
f 731 5266 733
f 5266 5342 733
f 733 5342 735
f 5342 5341 735
f 735 5341 737
f 5341 5340 737
f 737 5340 748
f 5340 5339 748
f 748 5339 749
f 5339 5338 749
f 749 5338 751
f 5338 5337 751
f 751 5337 753
f 5337 5336 753
f 753 5336 755
f 5336 5335 755
f 755 5335 757
f 5335 5334 757
f 757 5334 759
f 5334 5333 759
f 759 5333 747
f 5333 5332 747
f 747 5332 745
f 5332 5331 745
f 745 5331 743
f 5331 5330 743
f 743 5330 741
f 5330 5329 741
f 741 5329 739
f 5329 5250 739
f 739 5250 729
f 5250 5213 729
f 729 5213 727
f 5343 5344 5345
f 5226 536 669
f 5260 5262 5346
f 5264 5252 5347
f 5251 5268 5348
f 731 726 5265
f 726 5348 5265
f 5265 5348 5267
f 5348 5268 5267
f 5343 5255 5254
f 5261 5258 5349
f 5258 5257 5349
f 5239 5238 5350
f 5238 5237 5350
f 5350 5237 669
f 5237 5232 669
f 669 5232 5226
f 5239 5350 5240
f 5350 5345 5240
f 5240 5345 5244
f 5345 5344 5244
f 5244 5344 5243
f 5252 5251 5347
f 5251 5348 5347
f 5347 5348 5351
f 726 725 5348
f 725 5219 5348
f 5348 5219 5351
f 5219 5249 5351
f 5351 5249 5241
f 5241 5243 5351
f 5243 5344 5351
f 5351 5344 5347
f 5344 5343 5347
f 5347 5343 5264
f 5343 5254 5264
f 5262 5261 5346
f 5261 5349 5346
f 5346 5349 5352
f 304 5260 678
f 5260 5346 678
f 678 5346 676
f 5346 5352 676
f 676 5352 672
f 5352 673 672
f 669 673 5350
f 673 5352 5350
f 5350 5352 5345
f 5352 5349 5345
f 5345 5349 5343
f 5349 5257 5343
f 5343 5257 5255
f 5353 684 5354
f 5355 5356 5357
f 420 448 5358
f 5359 450 447
f 5359 447 5360
f 5361 5360 447
f 5362 5361 447
f 5363 5362 447
f 5364 5363 447
f 448 450 5358
f 450 5359 5358
f 5358 5359 5365
f 5359 5360 5365
f 5365 5360 5366
f 5360 5361 5366
f 5366 5361 5367
f 5361 5362 5367
f 5367 5362 5368
f 5362 5363 5368
f 5368 5363 5369
f 5363 5364 5369
f 421 420 5370
f 420 5358 5370
f 5370 5358 5371
f 5358 5365 5371
f 5371 5365 5372
f 5365 5366 5372
f 5372 5366 5373
f 5366 5367 5373
f 5373 5367 5374
f 5367 5368 5374
f 5374 5368 5375
f 5368 5369 5375
f 5355 5357 5376
f 5375 5377 5374
f 5377 5378 5374
f 5374 5378 5379
f 442 421 5380
f 421 5370 5380
f 5380 5370 5381
f 5370 5371 5381
f 5381 5371 5382
f 5371 5372 5382
f 5382 5372 5383
f 5372 5373 5383
f 5383 5373 5357
f 5373 5374 5357
f 5357 5374 5376
f 5374 5379 5376
f 5353 5354 5384
f 440 442 5385
f 442 5380 5385
f 5385 5380 5386
f 5380 5381 5386
f 5386 5381 5387
f 5381 5382 5387
f 5387 5382 5388
f 5382 5383 5388
f 5388 5383 5354
f 5383 5357 5354
f 5354 5357 5384
f 5357 5356 5384
f 5389 5390 5391
f 5364 447 596
f 5392 5393 5394
f 690 685 5395
f 685 5396 5395
f 5395 5396 5397
f 5396 5398 5397
f 5399 5400 5401
f 5400 5402 5401
f 5401 5402 5403
f 5404 5405 5406
f 5405 5407 5406
f 5378 5377 5408
f 5377 5375 5408
f 5408 5375 596
f 5375 5369 596
f 596 5369 5364
f 5378 5408 5379
f 5408 5391 5379
f 5379 5391 5376
f 5391 5390 5376
f 5376 5390 5355
f 5393 5398 5394
f 5398 5396 5394
f 5394 5396 5409
f 685 684 5396
f 684 5353 5396
f 5396 5353 5409
f 5353 5384 5409
f 5409 5384 5356
f 5356 5355 5409
f 5355 5390 5409
f 5409 5390 5394
f 5390 5389 5394
f 5394 5389 5392
f 5389 5410 5392
f 5407 5399 5406
f 5399 5401 5406
f 5406 5401 5411
f 607 5404 605
f 5404 5406 605
f 605 5406 603
f 5406 5411 603
f 603 5411 599
f 5411 600 599
f 596 600 5408
f 600 5411 5408
f 5408 5411 5391
f 5411 5401 5391
f 5391 5401 5389
f 5401 5403 5389
f 5389 5403 5410
f 5412 364 378
f 5413 5412 5414
f 5415 5413 5416
f 5417 5415 5418
f 5419 5417 5420
f 681 5419 5421
f 5412 378 5414
f 378 380 5414
f 5414 380 5422
f 380 382 5422
f 5422 382 5423
f 382 384 5423
f 384 386 5423
f 5423 386 5424
f 386 388 5424
f 5424 388 5425
f 388 390 5425
f 5425 390 5426
f 390 392 5426
f 392 394 5426
f 394 396 5426
f 5426 396 5427
f 396 398 5427
f 5427 398 5428
f 398 400 5428
f 400 402 5428
f 5428 402 5429
f 402 404 5429
f 5429 404 5430
f 416 5431 5432
f 404 406 5430
f 406 408 5430
f 5430 408 5433
f 408 410 5433
f 5433 410 5434
f 410 412 5434
f 5434 412 5432
f 412 414 5432
f 5432 414 416
f 416 418 5431
f 418 424 5431
f 5431 424 5435
f 424 426 5435
f 5435 426 5436
f 426 428 5436
f 428 430 5436
f 5436 430 5437
f 430 432 5437
f 5437 432 5438
f 432 434 5438
f 434 436 5438
f 5438 436 5439
f 436 438 5439
f 5439 438 5385
f 438 440 5385
f 5413 5414 5416
f 5414 5422 5416
f 5416 5422 5440
f 5422 5423 5440
f 5440 5423 5441
f 5423 5424 5441
f 5441 5424 5442
f 5424 5425 5442
f 5442 5425 5443
f 5425 5426 5443
f 5443 5426 5444
f 5426 5427 5444
f 5444 5427 5445
f 5427 5428 5445
f 5445 5428 5446
f 5428 5429 5446
f 5446 5429 5447
f 5429 5430 5447
f 5447 5430 5448
f 5430 5433 5448
f 5448 5433 5449
f 5433 5434 5449
f 5449 5434 5450
f 5434 5432 5450
f 5450 5432 5451
f 5432 5431 5451
f 5451 5431 5452
f 5431 5435 5452
f 5452 5435 5453
f 5435 5436 5453
f 5453 5436 5454
f 5436 5437 5454
f 5454 5437 5455
f 5437 5438 5455
f 5455 5438 5456
f 5438 5439 5456
f 5456 5439 5457
f 5439 5385 5457
f 5457 5385 5386
f 5415 5416 5418
f 5416 5440 5418
f 5418 5440 5458
f 5440 5441 5458
f 5458 5441 5459
f 5441 5442 5459
f 5459 5442 5460
f 5442 5443 5460
f 5460 5443 5461
f 5443 5444 5461
f 5461 5444 5462
f 5444 5445 5462
f 5462 5445 5463
f 5445 5446 5463
f 5463 5446 5464
f 5446 5447 5464
f 5464 5447 5465
f 5447 5448 5465
f 5465 5448 5466
f 5448 5449 5466
f 5466 5449 5467
f 5449 5450 5467
f 5467 5450 5468
f 5450 5451 5468
f 5468 5451 5469
f 5451 5452 5469
f 5469 5452 5470
f 5452 5453 5470
f 5470 5453 5471
f 5453 5454 5471
f 5471 5454 5472
f 5454 5455 5472
f 5472 5455 5473
f 5455 5456 5473
f 5473 5456 5474
f 5456 5457 5474
f 5474 5457 5475
f 5457 5386 5475
f 5475 5386 5387
f 5417 5418 5420
f 5418 5458 5420
f 5420 5458 5476
f 5458 5459 5476
f 5476 5459 5477
f 5459 5460 5477
f 5477 5460 5478
f 5460 5461 5478
f 5478 5461 5479
f 5461 5462 5479
f 5479 5462 5480
f 5462 5463 5480
f 5480 5463 5481
f 5463 5464 5481
f 5481 5464 5482
f 5464 5465 5482
f 5482 5465 5483
f 5465 5466 5483
f 5483 5466 5484
f 5466 5467 5484
f 5484 5467 5485
f 5467 5468 5485
f 5485 5468 5486
f 5468 5469 5486
f 5486 5469 5487
f 5469 5470 5487
f 5487 5470 5488
f 5470 5471 5488
f 5488 5471 5489
f 5471 5472 5489
f 5489 5472 5490
f 5472 5473 5490
f 5490 5473 5491
f 5473 5474 5491
f 5491 5474 5492
f 5474 5475 5492
f 5492 5475 5493
f 5475 5387 5493
f 5493 5387 5388
f 5419 5420 5421
f 5420 5476 5421
f 5421 5476 5494
f 5476 5477 5494
f 5494 5477 5495
f 5477 5478 5495
f 5495 5478 5496
f 5478 5479 5496
f 5496 5479 5497
f 5479 5480 5497
f 5497 5480 5498
f 5480 5481 5498
f 5498 5481 5499
f 5481 5482 5499
f 5499 5482 5500
f 5482 5483 5500
f 5500 5483 5501
f 5483 5484 5501
f 5501 5484 5502
f 5484 5485 5502
f 5502 5485 5503
f 5485 5486 5503
f 5503 5486 5504
f 5486 5487 5504
f 5504 5487 5505
f 5487 5488 5505
f 5505 5488 5506
f 5488 5489 5506
f 5506 5489 5507
f 5489 5490 5507
f 5507 5490 5508
f 5490 5491 5508
f 5508 5491 5509
f 5491 5492 5509
f 5509 5492 5510
f 5492 5493 5510
f 5510 5493 5511
f 5493 5388 5511
f 5511 5388 5354
f 681 5421 682
f 5421 5494 682
f 682 5494 687
f 5494 5495 687
f 687 5495 699
f 5495 5496 699
f 699 5496 701
f 5496 5497 701
f 701 5497 703
f 5497 5498 703
f 703 5498 705
f 5498 5499 705
f 705 5499 720
f 5499 5500 720
f 720 5500 719
f 5500 5501 719
f 719 5501 717
f 5501 5502 717
f 717 5502 715
f 5502 5503 715
f 715 5503 713
f 5503 5504 713
f 713 5504 711
f 5504 5505 711
f 711 5505 709
f 5505 5506 709
f 709 5506 697
f 5506 5507 697
f 697 5507 695
f 5507 5508 695
f 695 5508 693
f 5508 5509 693
f 693 5509 691
f 5509 5510 691
f 691 5510 689
f 5510 5511 689
f 689 5511 683
f 5511 5354 683
f 683 5354 684
f 5392 5512 5513
f 5404 607 612
f 5514 5515 5516
f 5517 5518 5519
f 5518 5520 5519
f 5519 5520 5521
f 5522 5523 5524
f 5523 5525 5524
f 5526 5527 5528
f 5527 5529 5528
f 5530 5531 5532
f 5531 5533 5532
f 5532 5533 5534
f 655 657 5535
f 5400 5399 5536
f 5399 5407 5536
f 5407 5405 5536
f 5536 5405 5404
f 5403 5402 5537
f 690 5395 5538
f 5395 5397 5538
f 5538 5397 5398
f 617 5539 5540
f 5404 612 5536
f 612 610 5536
f 5536 610 5541
f 610 609 5541
f 5541 609 5540
f 609 615 5540
f 5540 615 617
f 617 619 5539
f 619 621 5539
f 5539 621 5542
f 621 623 5542
f 5542 623 5543
f 623 625 5543
f 625 627 5543
f 5543 627 5544
f 627 629 5544
f 5544 629 5545
f 629 631 5545
f 631 633 5545
f 5545 633 5546
f 633 635 5546
f 5546 635 5547
f 635 637 5547
f 637 639 5547
f 5547 639 5548
f 639 641 5548
f 5548 641 5549
f 641 643 5549
f 643 645 5549
f 5549 645 5550
f 645 647 5550
f 5550 647 5551
f 647 649 5551
f 649 651 5551
f 5551 651 5552
f 651 653 5552
f 653 655 5552
f 5552 655 5532
f 655 5535 5532
f 5532 5535 5530
f 5534 5526 5532
f 5526 5528 5532
f 5532 5528 5552
f 5528 5553 5552
f 5552 5553 5551
f 5553 5554 5551
f 5551 5554 5550
f 5554 5555 5550
f 5550 5555 5549
f 5555 5556 5549
f 5549 5556 5548
f 5556 5557 5548
f 5548 5557 5547
f 5557 5558 5547
f 5547 5558 5546
f 5558 5559 5546
f 5546 5559 5545
f 5559 5560 5545
f 5545 5560 5544
f 5560 5561 5544
f 5544 5561 5543
f 5561 5562 5543
f 5543 5562 5542
f 5562 5563 5542
f 5542 5563 5539
f 5563 5564 5539
f 5539 5564 5540
f 5564 5565 5540
f 5540 5565 5541
f 5565 5566 5541
f 5541 5566 5536
f 5566 5537 5536
f 5536 5537 5400
f 5537 5402 5400
f 5529 5522 5528
f 5522 5524 5528
f 5528 5524 5553
f 5524 5567 5553
f 5553 5567 5554
f 5567 5568 5554
f 5554 5568 5555
f 5568 5569 5555
f 5555 5569 5556
f 5569 5570 5556
f 5556 5570 5557
f 5570 5571 5557
f 5557 5571 5558
f 5571 5572 5558
f 5558 5572 5559
f 5572 5573 5559
f 5559 5573 5560
f 5573 5574 5560
f 5560 5574 5561
f 5574 5575 5561
f 5561 5575 5562
f 5575 5576 5562
f 5562 5576 5563
f 5576 5577 5563
f 5563 5577 5564
f 5577 5578 5564
f 5564 5578 5565
f 5578 5579 5565
f 5565 5579 5566
f 5579 5580 5566
f 5566 5580 5537
f 5580 5513 5537
f 5537 5513 5403
f 5513 5512 5403
f 5525 5514 5524
f 5514 5516 5524
f 5524 5516 5567
f 5516 5581 5567
f 5567 5581 5568
f 5581 5582 5568
f 5568 5582 5569
f 5582 5583 5569
f 5569 5583 5570
f 5583 5584 5570
f 5570 5584 5571
f 5584 5585 5571
f 5571 5585 5572
f 5585 5586 5572
f 5572 5586 5573
f 5586 5587 5573
f 5573 5587 5574
f 5587 5588 5574
f 5574 5588 5575
f 5588 5589 5575
f 5575 5589 5576
f 5589 5590 5576
f 5576 5590 5577
f 5590 5591 5577
f 5577 5591 5578
f 5591 5592 5578
f 5578 5592 5579
f 5592 5593 5579
f 5579 5593 5580
f 5593 5594 5580
f 5580 5594 5513
f 5594 5595 5513
f 5513 5595 5392
f 5595 5393 5392
f 5515 5517 5516
f 5517 5519 5516
f 5516 5519 5581
f 5519 5596 5581
f 5581 5596 5582
f 5596 5597 5582
f 5582 5597 5583
f 5597 5598 5583
f 5583 5598 5584
f 5598 5599 5584
f 5584 5599 5585
f 5599 5600 5585
f 5585 5600 5586
f 5600 5601 5586
f 5586 5601 5587
f 5601 5602 5587
f 5587 5602 5588
f 5602 5603 5588
f 5588 5603 5589
f 5603 5604 5589
f 5589 5604 5590
f 5604 5605 5590
f 5590 5605 5591
f 5605 5606 5591
f 5591 5606 5592
f 5606 5607 5592
f 5592 5607 5593
f 5607 5608 5593
f 5593 5608 5594
f 5608 5609 5594
f 5594 5609 5595
f 5609 5538 5595
f 5595 5538 5393
f 5538 5398 5393
f 690 5538 692
f 5538 5609 692
f 692 5609 694
f 5609 5608 694
f 694 5608 696
f 5608 5607 696
f 696 5607 707
f 5607 5606 707
f 707 5606 708
f 5606 5605 708
f 708 5605 710
f 5605 5604 710
f 710 5604 712
f 5604 5603 712
f 712 5603 714
f 5603 5602 714
f 714 5602 716
f 5602 5601 716
f 716 5601 718
f 5601 5600 718
f 718 5600 706
f 5600 5599 706
f 706 5599 704
f 5599 5598 704
f 704 5598 702
f 5598 5597 702
f 702 5597 700
f 5597 5596 700
f 700 5596 698
f 5596 5519 698
f 698 5519 688
f 5519 5521 688
f 688 5521 686
f 365 364 5412
f 5610 5611 5612
f 5613 5614 367
f 5613 367 5615
f 5616 5617 5614
f 5617 367 5614
f 5618 5619 5620
f 5619 367 5620
f 5611 5616 5612
f 5616 5614 5612
f 5612 5614 5621
f 5614 5613 5621
f 5621 5613 5622
f 5613 5615 5622
f 5622 5615 5623
f 367 376 5620
f 376 375 5620
f 5620 375 5618
f 375 373 5618
f 5624 5625 5623
f 5623 5625 5622
f 5625 5626 5622
f 5622 5626 5621
f 5626 5627 5621
f 5621 5627 5612
f 5627 5628 5612
f 5612 5628 5610
f 5629 5630 5631
f 5632 5633 5628
f 5633 5634 5628
f 5628 5634 5610
f 5631 5632 5629
f 5632 5628 5629
f 5629 5628 5635
f 5628 5627 5635
f 5635 5627 5636
f 5627 5626 5636
f 5636 5626 5637
f 5626 5625 5637
f 5637 5625 5638
f 5625 5624 5638
f 5638 5624 371
f 5624 373 371
f 5419 5629 5417
f 5629 5635 5417
f 5417 5635 5415
f 5635 5636 5415
f 5415 5636 5413
f 5636 5637 5413
f 5413 5637 5412
f 5637 5638 5412
f 5412 5638 365
f 5638 371 365
f 373 5624 5618
f 5624 5623 5618
f 5618 5623 5619
f 5623 5615 5619
f 5619 5615 367
f 681 5639 5419
f 5639 5640 5419
f 5419 5640 5629
f 5640 5641 5629
f 5629 5641 5630
f 5610 5642 5643
f 681 680 5644
f 5645 5640 5639
f 5640 5645 5641
f 5645 5646 5641
f 5641 5646 5630
f 5610 5634 5642
f 5634 5633 5642
f 5642 5633 5632
f 367 5617 668
f 5617 5616 668
f 668 5616 5643
f 5616 5611 5643
f 5643 5611 5610
f 5531 5530 5647
f 5530 5535 5647
f 5648 5534 5647
f 5534 5533 5647
f 5647 5533 5531
f 5522 5529 5649
f 5529 5527 5649
f 5649 5527 5648
f 5527 5526 5648
f 5648 5526 5534
f 5517 5515 5650
f 5515 5514 5650
f 5650 5514 5651
f 5514 5525 5651
f 5651 5525 5649
f 5525 5523 5649
f 5649 5523 5522
f 5517 5650 5518
f 5650 5644 5518
f 5518 5644 5520
f 5520 5644 5521
f 5644 680 5521
f 5521 680 686
f 5652 663 666
f 5630 5646 5631
f 5646 5653 5631
f 5631 5653 5632
f 5653 5654 5632
f 5632 5654 5642
f 5654 5652 5642
f 5642 5652 5643
f 5652 666 5643
f 5643 666 668
f 660 5647 658
f 5647 5535 658
f 658 5535 657
f 681 5644 5639
f 5644 5650 5639
f 5639 5650 5645
f 5650 5651 5645
f 5645 5651 5646
f 5651 5649 5646
f 5646 5649 5653
f 5649 5648 5653
f 5653 5648 5654
f 5648 5647 5654
f 5654 5647 5652
f 5647 660 5652
f 5652 660 663
f 353 350 5655
f 356 353 5656
f 2547 2548 5657
f 2548 5658 5657
f 5659 5660 5661
f 5660 5662 5661
f 5661 5662 5658
f 5662 5663 5658
f 5658 5663 5657
f 5659 5661 5664
f 5661 5665 5664
f 5664 5665 5666
f 5666 5665 5667
f 5665 5668 5667
f 5667 5668 5669
f 5670 5671 5668
f 5671 5672 5668
f 5668 5672 5669
f 5655 5673 5674
f 5674 5675 5655
f 5675 5676 5655
f 5655 5676 5670
f 5676 5677 5670
f 5670 5677 5671
f 5673 5655 5678
f 5655 350 5678
f 5678 350 348
f 356 5679 359
f 5679 5680 359
f 5680 5679 5681
f 5679 5682 5681
f 5681 5682 5683
f 5682 5684 5683
f 5683 5684 5685
f 5684 5686 5685
f 5685 5686 5687
f 5687 5686 5688
f 5686 5689 5688
f 5688 5689 5690
f 5690 5689 5691
f 5689 5692 5691
f 5691 5692 5693
f 5692 2489 5693
f 5693 2489 2491
f 356 5656 5679
f 5656 5694 5679
f 5679 5694 5682
f 5694 5695 5682
f 5682 5695 5684
f 5695 5696 5684
f 5684 5696 5686
f 5696 5697 5686
f 5686 5697 5689
f 5697 5698 5689
f 5689 5698 5692
f 5698 2442 5692
f 5692 2442 2489
f 353 5655 5656
f 5655 5670 5656
f 5656 5670 5694
f 5670 5668 5694
f 5694 5668 5695
f 5668 5665 5695
f 5695 5665 5696
f 5665 5661 5696
f 5696 5661 5697
f 5661 5658 5697
f 5697 5658 5698
f 5658 2548 5698
f 5698 2548 2442
f 5681 5683 5699
f 5700 446 445
f 5701 5700 5702
f 5700 445 5702
f 445 595 5702
f 5702 595 5703
f 595 594 5703
f 594 592 5703
f 5703 592 5704
f 592 590 5704
f 5704 590 5705
f 590 588 5705
f 5705 588 5706
f 588 586 5706
f 586 584 5706
f 5706 584 5707
f 584 582 5707
f 5707 582 5708
f 582 581 5708
f 581 576 5708
f 5708 576 5709
f 576 578 5709
f 5709 578 5710
f 578 569 5710
f 569 571 5710
f 571 573 5710
f 5710 573 5711
f 573 5712 5711
f 5713 5714 5715
f 5714 5716 5715
f 5715 5716 5717
f 5716 5718 5717
f 5717 5718 5719
f 5718 5720 5719
f 5719 5720 5721
f 5720 5722 5721
f 5721 5722 5723
f 5722 5724 5723
f 5723 5724 5725
f 5724 5726 5725
f 5725 5726 5727
f 5726 5728 5727
f 5727 5728 5729
f 5728 5730 5729
f 5729 5730 5731
f 5730 5732 5731
f 5731 5732 5733
f 5732 5734 5733
f 5733 5734 5735
f 5734 2482 5735
f 359 5680 456
f 5680 5712 456
f 456 5712 363
f 5712 573 363
f 5680 5681 5712
f 5681 5699 5712
f 5712 5699 5711
f 5699 5736 5711
f 5711 5736 5710
f 5736 5737 5710
f 5710 5737 5709
f 5737 5738 5709
f 5709 5738 5708
f 5738 5739 5708
f 5708 5739 5707
f 5739 5740 5707
f 5707 5740 5706
f 5740 5741 5706
f 5706 5741 5705
f 5741 5742 5705
f 5705 5742 5704
f 5742 5743 5704
f 5704 5743 5703
f 5743 5744 5703
f 5703 5744 5702
f 5744 5745 5702
f 5702 5745 5701
f 5745 5746 5701
f 5683 5685 5699
f 5685 5747 5699
f 5699 5747 5736
f 5747 5748 5736
f 5736 5748 5737
f 5748 5749 5737
f 5737 5749 5738
f 5749 5750 5738
f 5738 5750 5739
f 5750 5751 5739
f 5739 5751 5740
f 5751 5752 5740
f 5740 5752 5741
f 5752 5753 5741
f 5741 5753 5742
f 5753 5754 5742
f 5742 5754 5743
f 5754 5755 5743
f 5743 5755 5744
f 5755 5756 5744
f 5744 5756 5745
f 5756 5757 5745
f 5745 5757 5746
f 5757 5758 5746
f 5685 5687 5747
f 5687 5713 5747
f 5747 5713 5748
f 5713 5715 5748
f 5748 5715 5749
f 5715 5717 5749
f 5749 5717 5750
f 5717 5719 5750
f 5750 5719 5751
f 5719 5721 5751
f 5751 5721 5752
f 5721 5723 5752
f 5752 5723 5753
f 5723 5725 5753
f 5753 5725 5754
f 5725 5727 5754
f 5754 5727 5755
f 5727 5729 5755
f 5755 5729 5756
f 5729 5731 5756
f 5756 5731 5757
f 5731 5733 5757
f 5757 5733 5758
f 5733 5735 5758
f 5687 5688 5713
f 5688 5690 5713
f 5713 5690 5714
f 5690 5691 5714
f 5714 5691 5693
f 2482 5734 2480
f 5734 5732 2480
f 2480 5732 2478
f 5732 5730 2478
f 2478 5730 2476
f 5730 5728 2476
f 2476 5728 2474
f 5728 5726 2474
f 2474 5726 2462
f 5726 5724 2462
f 2462 5724 2460
f 5724 5722 2460
f 2460 5722 2458
f 5722 5720 2458
f 2458 5720 2454
f 5720 5718 2454
f 2454 5718 2455
f 5718 5716 2455
f 2455 5716 2495
f 5716 5714 2495
f 2495 5714 2493
f 5714 5693 2493
f 2493 5693 2491
f 5666 5667 5759
f 5760 5761 5762
f 5763 5764 5765
f 5766 5767 5768
f 5767 5769 5768
f 5770 5771 5772
f 5771 5773 5772
f 5774 5775 5776
f 5775 5777 5776
f 5674 5673 346
f 5673 5678 346
f 346 5678 348
f 5671 5677 5778
f 5677 5676 5778
f 5676 5675 5778
f 5778 5675 5674
f 5669 5672 5779
f 5666 5759 5664
f 2545 2547 5657
f 5657 5663 5780
f 5663 5662 5780
f 5780 5662 5660
f 5674 346 5778
f 346 344 5778
f 5778 344 5781
f 344 342 5781
f 342 340 5781
f 5781 340 5782
f 340 338 5782
f 5782 338 5783
f 338 336 5783
f 336 334 5783
f 5783 334 5784
f 334 332 5784
f 332 330 5784
f 5784 330 5785
f 330 328 5785
f 5785 328 5786
f 328 326 5786
f 326 324 5786
f 5786 324 5787
f 324 322 5787
f 5787 322 5788
f 322 320 5788
f 320 318 5788
f 5788 318 5789
f 318 316 5789
f 5789 316 5790
f 316 314 5790
f 314 312 5790
f 5790 312 5791
f 312 310 5791
f 5791 310 5792
f 302 5774 301
f 5774 5776 301
f 301 5776 305
f 5776 5793 305
f 305 5793 306
f 5793 5792 306
f 306 5792 308
f 5792 310 308
f 5777 5770 5776
f 5770 5772 5776
f 5776 5772 5793
f 5772 5794 5793
f 5793 5794 5792
f 5794 5795 5792
f 5792 5795 5791
f 5795 5796 5791
f 5791 5796 5790
f 5796 5797 5790
f 5790 5797 5789
f 5797 5798 5789
f 5789 5798 5788
f 5798 5799 5788
f 5788 5799 5787
f 5799 5800 5787
f 5787 5800 5786
f 5800 5801 5786
f 5786 5801 5785
f 5801 5802 5785
f 5785 5802 5784
f 5802 5803 5784
f 5784 5803 5783
f 5803 5804 5783
f 5783 5804 5782
f 5804 5805 5782
f 5782 5805 5781
f 5805 5806 5781
f 5781 5806 5778
f 5806 5779 5778
f 5778 5779 5671
f 5779 5672 5671
f 5773 5760 5772
f 5760 5762 5772
f 5772 5762 5794
f 5762 5807 5794
f 5794 5807 5795
f 5807 5808 5795
f 5795 5808 5796
f 5808 5809 5796
f 5796 5809 5797
f 5809 5810 5797
f 5797 5810 5798
f 5810 5811 5798
f 5798 5811 5799
f 5811 5812 5799
f 5799 5812 5800
f 5812 5813 5800
f 5800 5813 5801
f 5813 5814 5801
f 5801 5814 5802
f 5814 5815 5802
f 5802 5815 5803
f 5815 5816 5803
f 5803 5816 5804
f 5816 5817 5804
f 5804 5817 5805
f 5817 5818 5805
f 5805 5818 5806
f 5818 5819 5806
f 5806 5819 5779
f 5819 5759 5779
f 5779 5759 5669
f 5759 5667 5669
f 5761 5763 5762
f 5763 5765 5762
f 5762 5765 5807
f 5765 5820 5807
f 5807 5820 5808
f 5820 5821 5808
f 5808 5821 5809
f 5821 5822 5809
f 5809 5822 5810
f 5822 5823 5810
f 5810 5823 5811
f 5823 5824 5811
f 5811 5824 5812
f 5824 5825 5812
f 5812 5825 5813
f 5825 5826 5813
f 5813 5826 5814
f 5826 5827 5814
f 5814 5827 5815
f 5827 5828 5815
f 5815 5828 5816
f 5828 5829 5816
f 5816 5829 5817
f 5829 5830 5817
f 5817 5830 5818
f 5830 5831 5818
f 5818 5831 5819
f 5831 5832 5819
f 5819 5832 5759
f 5832 5833 5759
f 5759 5833 5664
f 5833 5659 5664
f 5764 5769 5765
f 5769 5767 5765
f 5765 5767 5820
f 5767 5834 5820
f 5820 5834 5821
f 5834 5835 5821
f 5821 5835 5822
f 5835 5836 5822
f 5822 5836 5823
f 5836 5837 5823
f 5823 5837 5824
f 5837 5838 5824
f 5824 5838 5825
f 5838 5839 5825
f 5825 5839 5826
f 5839 5840 5826
f 5826 5840 5827
f 5840 5841 5827
f 5827 5841 5828
f 5841 5842 5828
f 5828 5842 5829
f 5842 5843 5829
f 5829 5843 5830
f 5843 5844 5830
f 5830 5844 5831
f 5844 5845 5831
f 5831 5845 5832
f 5845 5846 5832
f 5832 5846 5833
f 5846 5780 5833
f 5833 5780 5659
f 5780 5660 5659
f 5657 5780 2545
f 5780 5846 2545
f 2545 5846 2543
f 5846 5845 2543
f 2543 5845 2541
f 5845 5844 2541
f 2541 5844 2539
f 5844 5843 2539
f 2539 5843 2537
f 5843 5842 2537
f 2537 5842 2535
f 5842 5841 2535
f 2535 5841 2533
f 5841 5840 2533
f 2533 5840 2531
f 5840 5839 2531
f 2531 5839 2529
f 5839 5838 2529
f 2529 5838 2527
f 5838 5837 2527
f 2527 5837 2525
f 5837 5836 2525
f 2525 5836 2523
f 5836 5835 2523
f 2523 5835 2521
f 5835 5834 2521
f 2521 5834 2519
f 5834 5767 2519
f 2519 5767 2517
f 5767 5766 2517
f 2517 5766 2515
f 597 446 5700
f 5847 5848 5849
f 5848 5847 5850
f 5847 5851 5850
f 5850 5851 5852
f 5852 5851 5853
f 5851 5854 5853
f 5853 5854 5855
f 5856 5857 5854
f 5857 5858 5854
f 5854 5858 5855
f 5859 5860 5856
f 5860 5861 5856
f 5856 5861 5857
f 2449 2451 5859
f 2451 5862 5859
f 5862 5863 5859
f 5863 5864 5859
f 5859 5864 5860
f 604 5847 606
f 5847 5849 606
f 606 5849 608
f 604 602 5865
f 602 601 5865
f 601 598 5866
f 598 597 5866
f 604 5865 5847
f 5865 5867 5847
f 5847 5867 5851
f 5867 5868 5851
f 5851 5868 5854
f 5868 5869 5854
f 5854 5869 5856
f 5869 5870 5856
f 5856 5870 5859
f 5870 2486 5859
f 5859 2486 2449
f 601 5866 5865
f 5866 5871 5865
f 5865 5871 5867
f 5871 5872 5867
f 5867 5872 5868
f 5872 5873 5868
f 5868 5873 5869
f 5873 5874 5869
f 5869 5874 5870
f 5874 2484 5870
f 5870 2484 2486
f 597 5700 5866
f 5700 5701 5866
f 5866 5701 5871
f 5701 5746 5871
f 5871 5746 5872
f 5746 5758 5872
f 5872 5758 5873
f 5758 5735 5873
f 5873 5735 5874
f 5735 2482 5874
f 5874 2482 2484
f 670 562 5875
f 5777 5775 5876
f 5775 5774 5876
f 5777 5876 5770
f 5876 5877 5770
f 5770 5877 5771
f 5878 5760 5877
f 5760 5773 5877
f 5877 5773 5771
f 5879 5764 5880
f 5764 5763 5880
f 5880 5763 5878
f 5763 5881 5878
f 5878 5881 5760
f 2513 2515 5879
f 2515 5766 5879
f 5766 5768 5879
f 5768 5769 5879
f 5879 5769 5764
f 677 5876 679
f 5876 5774 679
f 679 5774 302
f 677 675 5882
f 675 674 5882
f 674 671 5883
f 671 670 5883
f 677 5882 5876
f 5882 5884 5876
f 5876 5884 5877
f 5884 5885 5877
f 5877 5885 5878
f 5885 5886 5878
f 5878 5886 5880
f 5886 5887 5880
f 5880 5887 5879
f 5887 2471 5879
f 5879 2471 2513
f 674 5883 5882
f 5883 5888 5882
f 5882 5888 5884
f 5888 5889 5884
f 5884 5889 5885
f 5889 5890 5885
f 5885 5890 5886
f 5890 5891 5886
f 5886 5891 5887
f 5891 2469 5887
f 5887 2469 2471
f 670 5875 5883
f 5875 5892 5883
f 5883 5892 5888
f 5892 5893 5888
f 5888 5893 5889
f 5893 5894 5889
f 5889 5894 5890
f 5894 5895 5890
f 5890 5895 5891
f 5895 2467 5891
f 5891 2467 2469
f 5849 5848 5896
f 5850 5852 5897
f 5857 5861 5898
f 5899 5900 5901
f 5902 656 654
f 5902 654 5903
f 5904 5905 5906
f 5905 5907 5906
f 5907 5908 5906
f 5906 5908 5903
f 5909 5910 5911
f 5910 5912 5911
f 5911 5912 5913
f 5899 5901 5914
f 2559 2557 5915
f 5915 5916 5917
f 5916 5918 5917
f 5917 5918 5919
f 5860 5864 5920
f 5864 5863 5920
f 5920 5863 5862
f 5853 5855 5921
f 5855 5858 5921
f 5903 654 5906
f 654 652 5906
f 5906 652 5922
f 652 650 5922
f 650 648 5922
f 5922 648 5923
f 648 646 5923
f 5923 646 5924
f 646 644 5924
f 644 642 5924
f 5924 642 5925
f 642 640 5925
f 640 638 5925
f 5925 638 5926
f 638 636 5926
f 5926 636 5927
f 636 634 5927
f 634 632 5927
f 5927 632 5928
f 632 630 5928
f 5928 630 5929
f 630 628 5929
f 628 626 5929
f 5929 626 5930
f 626 624 5930
f 5930 624 5931
f 624 622 5931
f 622 620 5931
f 5931 620 5932
f 620 618 5932
f 5932 618 5933
f 608 5849 611
f 5849 5896 611
f 611 5896 613
f 5896 5934 613
f 613 5934 614
f 5934 5933 614
f 614 5933 616
f 5933 618 616
f 5848 5850 5896
f 5850 5897 5896
f 5896 5897 5934
f 5897 5935 5934
f 5934 5935 5933
f 5935 5936 5933
f 5933 5936 5932
f 5936 5937 5932
f 5932 5937 5931
f 5937 5938 5931
f 5931 5938 5930
f 5938 5939 5930
f 5930 5939 5929
f 5939 5940 5929
f 5929 5940 5928
f 5940 5941 5928
f 5928 5941 5927
f 5941 5942 5927
f 5927 5942 5926
f 5942 5943 5926
f 5926 5943 5925
f 5943 5944 5925
f 5925 5944 5924
f 5944 5945 5924
f 5924 5945 5923
f 5945 5946 5923
f 5923 5946 5922
f 5946 5947 5922
f 5922 5947 5906
f 5947 5948 5906
f 5906 5948 5904
f 5948 5949 5904
f 5852 5853 5897
f 5853 5921 5897
f 5897 5921 5935
f 5921 5950 5935
f 5935 5950 5936
f 5950 5951 5936
f 5936 5951 5937
f 5951 5952 5937
f 5937 5952 5938
f 5952 5953 5938
f 5938 5953 5939
f 5953 5954 5939
f 5939 5954 5940
f 5954 5955 5940
f 5940 5955 5941
f 5955 5956 5941
f 5941 5956 5942
f 5956 5957 5942
f 5942 5957 5943
f 5957 5958 5943
f 5943 5958 5944
f 5958 5959 5944
f 5944 5959 5945
f 5959 5960 5945
f 5945 5960 5946
f 5960 5961 5946
f 5946 5961 5947
f 5961 5962 5947
f 5947 5962 5948
f 5962 5911 5948
f 5948 5911 5949
f 5911 5913 5949
f 5858 5857 5921
f 5857 5898 5921
f 5921 5898 5950
f 5898 5963 5950
f 5950 5963 5951
f 5963 5964 5951
f 5951 5964 5952
f 5964 5965 5952
f 5952 5965 5953
f 5965 5966 5953
f 5953 5966 5954
f 5966 5967 5954
f 5954 5967 5955
f 5967 5968 5955
f 5955 5968 5956
f 5968 5969 5956
f 5956 5969 5957
f 5969 5970 5957
f 5957 5970 5958
f 5970 5971 5958
f 5958 5971 5959
f 5971 5972 5959
f 5959 5972 5960
f 5972 5973 5960
f 5960 5973 5961
f 5973 5974 5961
f 5961 5974 5962
f 5974 5975 5962
f 5962 5975 5911
f 5975 5901 5911
f 5911 5901 5909
f 5901 5900 5909
f 5861 5860 5898
f 5860 5920 5898
f 5898 5920 5963
f 5920 5976 5963
f 5963 5976 5964
f 5976 5977 5964
f 5964 5977 5965
f 5977 5978 5965
f 5965 5978 5966
f 5978 5979 5966
f 5966 5979 5967
f 5979 5980 5967
f 5967 5980 5968
f 5980 5981 5968
f 5968 5981 5969
f 5981 5982 5969
f 5969 5982 5970
f 5982 5983 5970
f 5970 5983 5971
f 5983 5984 5971
f 5971 5984 5972
f 5984 5985 5972
f 5972 5985 5973
f 5985 5986 5973
f 5973 5986 5974
f 5986 5987 5974
f 5974 5987 5975
f 5987 5988 5975
f 5975 5988 5901
f 5988 5917 5901
f 5901 5917 5914
f 5917 5919 5914
f 5915 5917 2559
f 5917 5988 2559
f 2559 5988 2561
f 5988 5987 2561
f 2561 5987 2563
f 5987 5986 2563
f 2563 5986 2565
f 5986 5985 2565
f 2565 5985 2566
f 5985 5984 2566
f 2566 5984 2568
f 5984 5983 2568
f 2568 5983 2570
f 5983 5982 2570
f 2570 5982 2572
f 5982 5981 2572
f 2572 5981 2574
f 5981 5980 2574
f 2574 5980 2576
f 5980 5979 2576
f 2576 5979 2578
f 5979 5978 2578
f 2578 5978 2580
f 5978 5977 2580
f 2580 5977 2582
f 5977 5976 2582
f 2582 5976 2584
f 5976 5920 2584
f 2584 5920 2585
f 5920 5862 2585
f 2585 5862 2451
f 541 5989 5990
f 562 563 5875
f 563 5991 5875
f 5875 5991 5892
f 563 564 5991
f 564 566 5991
f 5991 566 5992
f 566 557 5992
f 5992 557 5993
f 557 556 5993
f 556 561 5993
f 5993 561 5994
f 561 560 5994
f 5994 560 5995
f 560 542 5995
f 5995 542 5996
f 542 545 5996
f 545 547 5996
f 5996 547 5997
f 547 549 5997
f 5997 549 5998
f 549 551 5998
f 551 553 5998
f 5998 553 5999
f 553 537 5999
f 5999 537 5990
f 537 539 5990
f 5990 539 541
f 5989 6000 5990
f 6000 6001 5990
f 5990 6001 5999
f 6001 6002 5999
f 5999 6002 5998
f 6002 6003 5998
f 5998 6003 5997
f 6003 6004 5997
f 5997 6004 5996
f 6004 6005 5996
f 5996 6005 5995
f 6005 6006 5995
f 5995 6006 5994
f 6006 6007 5994
f 5994 6007 5993
f 6007 6008 5993
f 5993 6008 5992
f 6008 6009 5992
f 5992 6009 5991
f 6009 6010 5991
f 5991 6010 5892
f 6010 5893 5892
f 6000 6011 6001
f 6011 6012 6001
f 6001 6012 6002
f 6012 6013 6002
f 6002 6013 6003
f 6013 6014 6003
f 6003 6014 6004
f 6014 6015 6004
f 6004 6015 6005
f 6015 6016 6005
f 6005 6016 6006
f 6016 6017 6006
f 6006 6017 6007
f 6017 6018 6007
f 6007 6018 6008
f 6018 6019 6008
f 6008 6019 6009
f 6019 6020 6009
f 6009 6020 6010
f 6020 6021 6010
f 6010 6021 5893
f 6021 5894 5893
f 6011 6022 6012
f 6022 6023 6012
f 6012 6023 6013
f 6023 6024 6013
f 6013 6024 6014
f 6024 6025 6014
f 6014 6025 6015
f 6025 6026 6015
f 6015 6026 6016
f 6026 6027 6016
f 6016 6027 6017
f 6027 6028 6017
f 6017 6028 6018
f 6028 6029 6018
f 6018 6029 6019
f 6029 6030 6019
f 6019 6030 6020
f 6030 6031 6020
f 6020 6031 6021
f 6031 6032 6021
f 6021 6032 5894
f 6032 5895 5894
f 6022 6033 6023
f 6033 6034 6023
f 6023 6034 6024
f 6034 6035 6024
f 6024 6035 6025
f 6035 6036 6025
f 6025 6036 6026
f 6036 6037 6026
f 6026 6037 6027
f 6037 6038 6027
f 6027 6038 6028
f 6038 6039 6028
f 6028 6039 6029
f 6039 6040 6029
f 6029 6040 6030
f 6040 6041 6030
f 6030 6041 6031
f 6041 6042 6031
f 6031 6042 6032
f 6042 6043 6032
f 6032 6043 5895
f 6043 2467 5895
f 369 368 6044
f 369 6044 541
f 541 6044 5989
f 6044 6045 5989
f 5989 6045 6000
f 6045 6046 6000
f 6000 6046 6011
f 6046 6047 6011
f 6011 6047 6022
f 6047 6048 6022
f 6022 6048 6033
f 6048 6049 6033
f 6033 6049 6050
f 2467 6043 2465
f 6043 6042 2465
f 2465 6042 2463
f 6042 6041 2463
f 2463 6041 2508
f 6041 6040 2508
f 2508 6040 2506
f 6040 6039 2506
f 2506 6039 2504
f 6039 6038 2504
f 2504 6038 2502
f 6038 6037 2502
f 2502 6037 2500
f 6037 6036 2500
f 2500 6036 2498
f 6036 6035 2498
f 2498 6035 2553
f 6035 6034 2553
f 2553 6034 2551
f 6034 6033 2551
f 2551 6033 2448
f 6033 6050 2448
f 2448 6050 2446
f 661 659 6051
f 2557 2556 5915
f 2556 6052 5915
f 5914 5919 6053
f 5919 5918 6053
f 6053 5918 6052
f 5918 5916 6052
f 6052 5916 5915
f 5910 5909 6054
f 5909 5900 6054
f 6054 5900 6053
f 5900 5899 6053
f 6053 5899 5914
f 5910 6054 5912
f 6054 6055 5912
f 5912 6055 5913
f 6056 5904 6055
f 5904 5949 6055
f 6055 5949 5913
f 5903 5908 6051
f 5908 5907 6051
f 6051 5907 6056
f 5907 5905 6056
f 6056 5905 5904
f 5903 6051 5902
f 6051 659 5902
f 5902 659 656
f 667 665 6057
f 665 664 6057
f 664 662 6058
f 662 661 6058
f 368 667 6044
f 667 6057 6044
f 6044 6057 6045
f 6057 6059 6045
f 6045 6059 6046
f 6059 6060 6046
f 6046 6060 6047
f 6060 6061 6047
f 6061 6062 6047
f 6047 6062 6048
f 6048 6062 6049
f 6062 6063 6049
f 6049 6063 6050
f 6063 2437 6050
f 6050 2437 2446
f 664 6058 6057
f 6058 6064 6057
f 6057 6064 6059
f 6064 6065 6059
f 6059 6065 6060
f 6065 6066 6060
f 6060 6066 6061
f 6066 6067 6061
f 6061 6067 6062
f 6067 6068 6062
f 6062 6068 6063
f 6068 2438 6063
f 6063 2438 2437
f 661 6051 6058
f 6051 6056 6058
f 6058 6056 6064
f 6056 6055 6064
f 6064 6055 6065
f 6055 6054 6065
f 6065 6054 6066
f 6054 6053 6066
f 6066 6053 6067
f 6053 6052 6067
f 6067 6052 6068
f 6052 2556 6068
f 6068 2556 2438

